year,season,season_link,winner,actress,actress_link,play,play_link,character,character_link,actor,actor_link,role,role_link
1947,1st Tony Awards,/wiki/1st_Tony_Awards,True,Ingrid Bergman,https://en.wikipedia.org/wiki/Ingrid_Bergman,Joan of Lorraine,https://en.wikipedia.org/wiki/Joan_of_Lorraine,Mary Grey /Joan of Arc,https://en.wikipedia.org/wiki/Joan_of_Arc,,,,
1947,1st Tony Awards,/wiki/1st_Tony_Awards,True,Helen Hayes,https://en.wikipedia.org/wiki/Helen_Hayes,Happy Birthday,https://en.wikipedia.org/wiki/Happy_Birthday_(play),Addie Bemis,,,,,
1948,2nd Tony Awards,/wiki/2nd_Tony_Awards,True,Judith Anderson,https://en.wikipedia.org/wiki/Judith_Anderson,Medea,https://en.wikipedia.org/wiki/Medea_(play),Medea,https://en.wikipedia.org/wiki/Medea,,,,
1948,2nd Tony Awards,/wiki/2nd_Tony_Awards,True,Katharine Cornell,https://en.wikipedia.org/wiki/Katharine_Cornell,Antony and Cleopatra,https://en.wikipedia.org/wiki/Antony_and_Cleopatra,Cleopatra,https://en.wikipedia.org/wiki/Cleopatra_VII,,,,
1948,2nd Tony Awards,/wiki/2nd_Tony_Awards,True,Jessica Tandy,https://en.wikipedia.org/wiki/Jessica_Tandy,A Streetcar Named Desire,https://en.wikipedia.org/wiki/A_Streetcar_Named_Desire,Blanche DuBois,https://en.wikipedia.org/wiki/Blanche_DuBois,,,,
1949,3rd Tony Awards,/wiki/3rd_Tony_Awards,True,Martita Hunt,https://en.wikipedia.org/wiki/Martita_Hunt,The Madwoman of Chaillot,https://en.wikipedia.org/wiki/The_Madwoman_of_Chaillot,Countess Aurelia,,,,,
1950,4th Tony Awards,/wiki/4th_Tony_Awards,True,Shirley Booth,https://en.wikipedia.org/wiki/Shirley_Booth,"Come Back, Little Sheba","https://en.wikipedia.org/wiki/Come_Back,_Little_Sheba_(play)",Lola Delaney,,,,,
1951,5th Tony Awards,/wiki/5th_Tony_Awards,True,Uta Hagen,https://en.wikipedia.org/wiki/Uta_Hagen,The Country Girl,https://en.wikipedia.org/wiki/The_Country_Girl_(1950_play),Georgie Elgin,,,,,
1952,6th Tony Awards,/wiki/6th_Tony_Awards,True,Julie Harris,https://en.wikipedia.org/wiki/Julie_Harris,I Am a Camera,https://en.wikipedia.org/wiki/I_Am_a_Camera,Sally Bowles,https://en.wikipedia.org/wiki/Sally_Bowles,,,,
1953,7th Tony Awards,/wiki/7th_Tony_Awards,True,Shirley Booth,https://en.wikipedia.org/wiki/Shirley_Booth,The Time of the Cuckoo,https://en.wikipedia.org/wiki/The_Time_of_the_Cuckoo,Leona Samish,,,,,
1954,8th Tony Awards,/wiki/8th_Tony_Awards,True,Audrey Hepburn,https://en.wikipedia.org/wiki/Audrey_Hepburn,Ondine,https://en.wikipedia.org/wiki/Ondine_(play),Ondine,,,,,
1955,9th Tony Awards,/wiki/9th_Tony_Awards,True,Nancy Kelly,https://en.wikipedia.org/wiki/Nancy_Kelly,The Bad Seed,https://en.wikipedia.org/wiki/The_Bad_Seed_(play),Christine Penmark,,,,,
1956,10th Tony Awards,/wiki/10th_Tony_Awards,False,Siobhán McKenna,https://en.wikipedia.org/wiki/Siobh%C3%A1n_McKenna,The Chalk Garden,,Miss Madrigal,,,,,
1956,10th Tony Awards,/wiki/10th_Tony_Awards,False,Ruth Gordon,https://en.wikipedia.org/wiki/Ruth_Gordon,The Matchmaker,https://en.wikipedia.org/wiki/The_Matchmaker,Dolly Gallagher Levi,,,,,
1956,10th Tony Awards,/wiki/10th_Tony_Awards,False,Susan Strasberg,https://en.wikipedia.org/wiki/Susan_Strasberg,The Diary of Anne Frank,https://en.wikipedia.org/wiki/The_Diary_of_Anne_Frank_(play),Anne Frank,https://en.wikipedia.org/wiki/Anne_Frank,,,,
1956,10th Tony Awards,/wiki/10th_Tony_Awards,False,Barbara Bel Geddes,https://en.wikipedia.org/wiki/Barbara_Bel_Geddes,Cat on a Hot Tin Roof,https://en.wikipedia.org/wiki/Cat_on_a_Hot_Tin_Roof,Maggie Pollitt,,,,,
1956,10th Tony Awards,/wiki/10th_Tony_Awards,True,Julie Harris,https://en.wikipedia.org/wiki/Julie_Harris,The Lark,https://en.wikipedia.org/wiki/The_Lark_(play),Joan of Arc,https://en.wikipedia.org/wiki/Joan_of_Arc,,,,
1956,10th Tony Awards,/wiki/10th_Tony_Awards,False,Gladys Cooper,https://en.wikipedia.org/wiki/Gladys_Cooper,The Chalk Garden,https://en.wikipedia.org/wiki/The_Chalk_Garden,Mrs. St. Maugham,,,,,
1957,11th Tony Awards,/wiki/11th_Tony_Awards,True,Margaret Leighton,https://en.wikipedia.org/wiki/Margaret_Leighton,Separate Tables,https://en.wikipedia.org/wiki/Separate_Tables,Ann Shankland / Sibyl Railton-Bell,,,,,
1957,11th Tony Awards,/wiki/11th_Tony_Awards,False,Florence Eldridge,https://en.wikipedia.org/wiki/Florence_Eldridge,Long Day's Journey into Night,https://en.wikipedia.org/wiki/Long_Day%27s_Journey_into_Night,Mary Tyrone,,,,,
1957,11th Tony Awards,/wiki/11th_Tony_Awards,False,Rosalind Russell,https://en.wikipedia.org/wiki/Rosalind_Russell,Auntie Mame,,Mame Dennis,,,,,
1957,11th Tony Awards,/wiki/11th_Tony_Awards,False,Sybil Thorndike,https://en.wikipedia.org/wiki/Sybil_Thorndike,The Potting Shed,https://en.wikipedia.org/wiki/The_Potting_Shed,Mrs. Callifer,,,,,
1958,12th Tony Awards,/wiki/12th_Tony_Awards,False,Jo Van Fleet,https://en.wikipedia.org/wiki/Jo_Van_Fleet,"Look Homeward, Angel","https://en.wikipedia.org/wiki/Look_Homeward,_Angel_(play)",Eliza Gant,,,,,
1958,12th Tony Awards,/wiki/12th_Tony_Awards,False,Mary Ure,https://en.wikipedia.org/wiki/Mary_Ure,Look Back in Anger,https://en.wikipedia.org/wiki/Look_Back_in_Anger,Alison Porter,,,,,
1958,12th Tony Awards,/wiki/12th_Tony_Awards,False,Eugenie Leontovich,https://en.wikipedia.org/wiki/Eugenie_Leontovich,The Cave Dwellers,,The Queen,,,,,
1958,12th Tony Awards,/wiki/12th_Tony_Awards,False,Siobhán McKenna,https://en.wikipedia.org/wiki/Siobh%C3%A1n_McKenna,The Rope Dancers,,Margaret Hyland,,,,,
1958,12th Tony Awards,/wiki/12th_Tony_Awards,True,Helen Hayes,https://en.wikipedia.org/wiki/Helen_Hayes,Time Remembered,,The Duchess of Pont-Au-Bronc,,,,,
1958,12th Tony Awards,/wiki/12th_Tony_Awards,False,Wendy Hiller,https://en.wikipedia.org/wiki/Wendy_Hiller,A Moon for the Misbegotten,https://en.wikipedia.org/wiki/A_Moon_for_the_Misbegotten,Josie Hogan,,,,,
1959,13th Tony Awards,/wiki/13th_Tony_Awards,True,Gertrude Berg,https://en.wikipedia.org/wiki/Gertrude_Berg,A Majority of One,https://en.wikipedia.org/wiki/A_Majority_of_One,Bertha Jacoby,,,,,
1959,13th Tony Awards,/wiki/13th_Tony_Awards,False,Claudette Colbert,https://en.wikipedia.org/wiki/Claudette_Colbert,The Marriage-Go-Round,https://en.wikipedia.org/wiki/The_Marriage-Go-Round,Content Lowell,,,,,
1959,13th Tony Awards,/wiki/13th_Tony_Awards,False,Lynn Fontanne,https://en.wikipedia.org/wiki/Lynn_Fontanne,The Visit,https://en.wikipedia.org/wiki/The_Visit_(play),Claire Zachanassian,,,,,
1959,13th Tony Awards,/wiki/13th_Tony_Awards,False,Kim Stanley,https://en.wikipedia.org/wiki/Kim_Stanley,A Touch of the Poet,https://en.wikipedia.org/wiki/A_Touch_of_the_Poet,Sara Melody,,,,,
1959,13th Tony Awards,/wiki/13th_Tony_Awards,False,Maureen Stapleton,https://en.wikipedia.org/wiki/Maureen_Stapleton,The Cold Wind and the Warm,,Ida,,,,,
1960,14th Tony Awards,/wiki/14th_Tony_Awards,False,Irene Worth,https://en.wikipedia.org/wiki/Irene_Worth,Toys in the Attic,https://en.wikipedia.org/wiki/Toys_in_the_Attic_(play),Albertine Prine,,,,,
1960,14th Tony Awards,/wiki/14th_Tony_Awards,False,Geraldine Page,https://en.wikipedia.org/wiki/Geraldine_Page,Sweet Bird of Youth,https://en.wikipedia.org/wiki/Sweet_Bird_of_Youth,Alexandra Del Lago,,,,,
1960,14th Tony Awards,/wiki/14th_Tony_Awards,False,Maureen Stapleton,https://en.wikipedia.org/wiki/Maureen_Stapleton,Toys in the Attic,https://en.wikipedia.org/wiki/Toys_in_the_Attic_(play),Carrie Berniers,,,,,
1960,14th Tony Awards,/wiki/14th_Tony_Awards,False,Margaret Leighton,https://en.wikipedia.org/wiki/Margaret_Leighton,Much Ado About Nothing,https://en.wikipedia.org/wiki/Much_Ado_About_Nothing,Beatrice,https://en.wikipedia.org/wiki/Beatrice_(Much_Ado_About_Nothing),,,,
1960,14th Tony Awards,/wiki/14th_Tony_Awards,False,Claudia McNeil,https://en.wikipedia.org/wiki/Claudia_McNeil,A Raisin in the Sun,https://en.wikipedia.org/wiki/A_Raisin_in_the_Sun,Lena Younger,,,,,
1960,14th Tony Awards,/wiki/14th_Tony_Awards,True,Anne Bancroft,https://en.wikipedia.org/wiki/Anne_Bancroft,The Miracle Worker,https://en.wikipedia.org/wiki/The_Miracle_Worker_(play),Annie Sullivan,,,,,
1961,15th Tony Awards,/wiki/15th_Tony_Awards,True,Joan Plowright,https://en.wikipedia.org/wiki/Joan_Plowright,A Taste of Honey,https://en.wikipedia.org/wiki/A_Taste_of_Honey,Josephine,,,,,
1961,15th Tony Awards,/wiki/15th_Tony_Awards,False,Tallulah Bankhead,https://en.wikipedia.org/wiki/Tallulah_Bankhead,Midgie Purvis,,Midgie Purvis,,,,,
1961,15th Tony Awards,/wiki/15th_Tony_Awards,False,Barbara Baxley,https://en.wikipedia.org/wiki/Barbara_Baxley,Period of Adjustment,https://en.wikipedia.org/wiki/Period_of_Adjustment,Isabel Haverstick,,,,,
1961,15th Tony Awards,/wiki/15th_Tony_Awards,False,Barbara Bel Geddes,https://en.wikipedia.org/wiki/Barbara_Bel_Geddes,"Mary, Mary","https://en.wikipedia.org/wiki/Mary,_Mary_(play)",Mary McKellaway,,,,,
1962,16th Tony Awards,/wiki/16th_Tony_Awards,False,Colleen Dewhurst,https://en.wikipedia.org/wiki/Colleen_Dewhurst,Great Day in the Morning,,Phoebe Flaherty,,,,,
1962,16th Tony Awards,/wiki/16th_Tony_Awards,False,Kim Stanley,https://en.wikipedia.org/wiki/Kim_Stanley,A Far Country,https://en.wikipedia.org/wiki/A_Far_Country,Elizabeth von Ritter,,,,,
1962,16th Tony Awards,/wiki/16th_Tony_Awards,True,Margaret Leighton,https://en.wikipedia.org/wiki/Margaret_Leighton,The Night of the Iguana,https://en.wikipedia.org/wiki/The_Night_of_the_Iguana,Hannah Jelkes,,,,,
1962,16th Tony Awards,/wiki/16th_Tony_Awards,False,Gladys Cooper,https://en.wikipedia.org/wiki/Gladys_Cooper,A Passage to India,https://en.wikipedia.org/wiki/A_Passage_to_India_(play),Mrs. Moore,,,,,
1963,17th Tony Awards,/wiki/17th_Tony_Awards,True,Uta Hagen,https://en.wikipedia.org/wiki/Uta_Hagen,Who's Afraid of Virginia Woolf?,https://en.wikipedia.org/wiki/Who%27s_Afraid_of_Virginia_Woolf%3F,Martha,,,,,
1963,17th Tony Awards,/wiki/17th_Tony_Awards,False,Hermione Baddeley,https://en.wikipedia.org/wiki/Hermione_Baddeley,The Milk Train Doesn't Stop Here Anymore,https://en.wikipedia.org/wiki/The_Milk_Train_Doesn%27t_Stop_Here_Anymore,Flora Goforth,,,,,
1963,17th Tony Awards,/wiki/17th_Tony_Awards,False,Margaret Leighton,https://en.wikipedia.org/wiki/Margaret_Leighton,Tchin-Tchin,https://en.wikipedia.org/wiki/Tchin-Tchin,Pamela Pew-Pickett,,,,,
1963,17th Tony Awards,/wiki/17th_Tony_Awards,False,Claudia McNeil,https://en.wikipedia.org/wiki/Claudia_McNeil,"Tiger, Tiger Burning Bright",,Mama,,,,,
1964,18th Tony Awards,/wiki/18th_Tony_Awards,True,Sandy Dennis,https://en.wikipedia.org/wiki/Sandy_Dennis,Any Wednesday,,Ellen Gordon,,,,,
1964,18th Tony Awards,/wiki/18th_Tony_Awards,False,Elizabeth Ashley,https://en.wikipedia.org/wiki/Elizabeth_Ashley,Barefoot in the Park,https://en.wikipedia.org/wiki/Barefoot_in_the_Park,Corie Bratter,,,,,
1964,18th Tony Awards,/wiki/18th_Tony_Awards,False,Colleen Dewhurst,https://en.wikipedia.org/wiki/Colleen_Dewhurst,The Ballad of the Sad Café,,Amelia Evans,,,,,
1964,18th Tony Awards,/wiki/18th_Tony_Awards,False,Julie Harris,https://en.wikipedia.org/wiki/Julie_Harris,Marathon '33,,June Havoc,https://en.wikipedia.org/wiki/June_Havoc,,,,
1965,19th Tony Awards,/wiki/19th_Tony_Awards,False,Diana Sands,https://en.wikipedia.org/wiki/Diana_Sands,The Owl and the Pussycat,,Doris,,,,,
1965,19th Tony Awards,/wiki/19th_Tony_Awards,False,Beah Richards,https://en.wikipedia.org/wiki/Beah_Richards,The Amen Corner,https://en.wikipedia.org/wiki/The_Amen_Corner,Sister Margaret Alexander,,,,,
1965,19th Tony Awards,/wiki/19th_Tony_Awards,True,Irene Worth,https://en.wikipedia.org/wiki/Irene_Worth,Tiny Alice,https://en.wikipedia.org/wiki/Tiny_Alice,Miss Alice,,,,,
1965,19th Tony Awards,/wiki/19th_Tony_Awards,False,Marjorie Rhodes,https://en.wikipedia.org/wiki/Marjorie_Rhodes,All in Good Time,,Lucy Fitton,,,,,
1966,20th Tony Awards,/wiki/20th_Tony_Awards,True,Rosemary Harris,https://en.wikipedia.org/wiki/Rosemary_Harris,The Lion in Winter,https://en.wikipedia.org/wiki/The_Lion_in_Winter,Eleanor of Aquitaine,https://en.wikipedia.org/wiki/Eleanor_of_Aquitaine,,,,
1966,20th Tony Awards,/wiki/20th_Tony_Awards,False,Sheila Hancock,https://en.wikipedia.org/wiki/Sheila_Hancock,Entertaining Mr Sloane,https://en.wikipedia.org/wiki/Entertaining_Mr_Sloane,Kath,,,,,
1966,20th Tony Awards,/wiki/20th_Tony_Awards,False,Kate Reid,https://en.wikipedia.org/wiki/Kate_Reid,Slapstick Tragedy,https://en.wikipedia.org/wiki/List_of_one-act_plays_by_Tennessee_Williams#Slapstick_Tragedy,Celeste/Molly,,,,,
1966,20th Tony Awards,/wiki/20th_Tony_Awards,False,Lee Remick,https://en.wikipedia.org/wiki/Lee_Remick,Wait Until Dark,https://en.wikipedia.org/wiki/Wait_Until_Dark,Susy Hendrix,,,,,
1967,21st Tony Awards,/wiki/21st_Tony_Awards,False,Rosemary Murphy,https://en.wikipedia.org/wiki/Rosemary_Murphy,A Delicate Balance,https://en.wikipedia.org/wiki/A_Delicate_Balance_(play),Claire,,,,,
1967,21st Tony Awards,/wiki/21st_Tony_Awards,True,Beryl Reid,https://en.wikipedia.org/wiki/Beryl_Reid,The Killing of Sister George,https://en.wikipedia.org/wiki/The_Killing_of_Sister_George,Sister George / June Buckridge,,,,,
1967,21st Tony Awards,/wiki/21st_Tony_Awards,False,Eileen Atkins,https://en.wikipedia.org/wiki/Eileen_Atkins,The Killing of Sister George,,Childie / Alice McNaught,,,,,
1967,21st Tony Awards,/wiki/21st_Tony_Awards,False,Vivien Merchant,https://en.wikipedia.org/wiki/Vivien_Merchant,The Homecoming,https://en.wikipedia.org/wiki/The_Homecoming,Ruth,,,,,
1968,22nd Tony Awards,/wiki/22nd_Tony_Awards,True,Zoe Caldwell,https://en.wikipedia.org/wiki/Zoe_Caldwell,The Prime of Miss Jean Brodie,,Jean Brodie,https://en.wikipedia.org/wiki/Jean_Brodie,,,,
1968,22nd Tony Awards,/wiki/22nd_Tony_Awards,False,Colleen Dewhurst,https://en.wikipedia.org/wiki/Colleen_Dewhurst,More Stately Mansions,https://en.wikipedia.org/wiki/More_Stately_Mansions,Sara (Melody) Harford,,,,,
1968,22nd Tony Awards,/wiki/22nd_Tony_Awards,False,Maureen Stapleton,https://en.wikipedia.org/wiki/Maureen_Stapleton,Plaza Suite,https://en.wikipedia.org/wiki/Plaza_Suite,Karen Nash / Murial Tate / Norma Hubley,,,,,
1968,22nd Tony Awards,/wiki/22nd_Tony_Awards,False,Dorothy Tutin,https://en.wikipedia.org/wiki/Dorothy_Tutin,Portrait of a Queen,,Queen Victoria,https://en.wikipedia.org/wiki/Queen_Victoria,,,,
1969,23rd Tony Awards,/wiki/23rd_Tony_Awards,False,Charlotte Rae,https://en.wikipedia.org/wiki/Charlotte_Rae,"Morning, Noon and Night",https://en.wikipedia.org/wiki/Noon_(play),Gertrude / Beryl / Filigree Bones,,,,,
1969,23rd Tony Awards,/wiki/23rd_Tony_Awards,False,Brenda Vaccaro,https://en.wikipedia.org/wiki/Brenda_Vaccaro,The Goodbye People,https://en.wikipedia.org/wiki/The_Goodbye_People,Nancy (Silverman) Scott,,,,,
1969,23rd Tony Awards,/wiki/23rd_Tony_Awards,True,Julie Harris,https://en.wikipedia.org/wiki/Julie_Harris,Forty Carats,https://en.wikipedia.org/wiki/Forty_Carats,Ann Stanley,,,,,
1969,23rd Tony Awards,/wiki/23rd_Tony_Awards,False,Estelle Parsons,https://en.wikipedia.org/wiki/Estelle_Parsons,The Seven Descents of Myrtle,https://en.wikipedia.org/wiki/The_Seven_Descents_of_Myrtle,Myrtle,,,,,
1970,24th Tony Awards,/wiki/24th_Tony_Awards,False,Helen Hayes,https://en.wikipedia.org/wiki/Helen_Hayes,Harvey,https://en.wikipedia.org/wiki/Harvey_(play),Veta Louise Simmons,,,,,
1970,24th Tony Awards,/wiki/24th_Tony_Awards,True,Tammy Grimes,https://en.wikipedia.org/wiki/Tammy_Grimes,Private Lives,https://en.wikipedia.org/wiki/Private_Lives,Amanda Prynne,,,,,
1970,24th Tony Awards,/wiki/24th_Tony_Awards,False,Geraldine Brooks,https://en.wikipedia.org/wiki/Geraldine_Brooks_(actress),Brightower,,Sara Brightower,,,,,
1971,25th Tony Awards,/wiki/25th_Tony_Awards,True,Maureen Stapleton,https://en.wikipedia.org/wiki/Maureen_Stapleton,The Gingerbread Lady,https://en.wikipedia.org/wiki/The_Gingerbread_Lady,Evy Meara,,,,,
1971,25th Tony Awards,/wiki/25th_Tony_Awards,False,Estelle Parsons,https://en.wikipedia.org/wiki/Estelle_Parsons,And Miss Reardon Drinks A Little,https://en.wikipedia.org/wiki/And_Miss_Reardon_Drinks_A_Little,Catherine Reardon,,,,,
1971,25th Tony Awards,/wiki/25th_Tony_Awards,False,Diana Rigg,https://en.wikipedia.org/wiki/Diana_Rigg,Abelard and Heloise,,Heloise,,,,,
1971,25th Tony Awards,/wiki/25th_Tony_Awards,False,Marian Seldes,https://en.wikipedia.org/wiki/Marian_Seldes,Father's Day,,Marian,,,,,
1972,26th Tony Awards,/wiki/26th_Tony_Awards,True,Sada Thompson,https://en.wikipedia.org/wiki/Sada_Thompson,Twigs,https://en.wikipedia.org/wiki/Twigs_(play),Ma / Dorothy / Celia / Emily,,,,,
1972,26th Tony Awards,/wiki/26th_Tony_Awards,False,Eileen Atkins,https://en.wikipedia.org/wiki/Eileen_Atkins,Vivat! Vivat Regina!,https://en.wikipedia.org/wiki/Vivat!_Vivat_Regina!,Elizabeth I,https://en.wikipedia.org/wiki/Elizabeth_I_of_England,,,,
1972,26th Tony Awards,/wiki/26th_Tony_Awards,False,Colleen Dewhurst,https://en.wikipedia.org/wiki/Colleen_Dewhurst,All Over,https://en.wikipedia.org/wiki/All_Over,The Mistress,,,,,
1972,26th Tony Awards,/wiki/26th_Tony_Awards,False,Rosemary Harris,https://en.wikipedia.org/wiki/Rosemary_Harris,Old Times,https://en.wikipedia.org/wiki/Old_Times,Anna,,,,,
1973,27th Tony Awards,/wiki/27th_Tony_Awards,False,Jane Alexander,https://en.wikipedia.org/wiki/Jane_Alexander,6 Rms Riv Vu,https://en.wikipedia.org/wiki/6_Rms_Riv_Vu,Annie Miller,,,,,
1973,27th Tony Awards,/wiki/27th_Tony_Awards,True,Julie Harris,https://en.wikipedia.org/wiki/Julie_Harris,The Last of Mrs. Lincoln,https://en.wikipedia.org/wiki/The_Last_of_Mrs._Lincoln,Mary Todd Lincoln,https://en.wikipedia.org/wiki/Mary_Todd_Lincoln,,,,
1973,27th Tony Awards,/wiki/27th_Tony_Awards,False,Colleen Dewhurst,https://en.wikipedia.org/wiki/Colleen_Dewhurst,Mourning Becomes Electra,https://en.wikipedia.org/wiki/Mourning_Becomes_Electra,Christine Mannon,,,,,
1973,27th Tony Awards,/wiki/27th_Tony_Awards,False,Kathleen Widdoes,https://en.wikipedia.org/wiki/Kathleen_Widdoes,Much Ado About Nothing,https://en.wikipedia.org/wiki/Much_Ado_About_Nothing,Beatrice,https://en.wikipedia.org/wiki/Beatrice_(Much_Ado_About_Nothing),,,,
1974,28th Tony Awards,/wiki/28th_Tony_Awards,False,Rachel Roberts,https://en.wikipedia.org/wiki/Rachel_Roberts_(actress),The Visit/Chemin de Fer,https://en.wikipedia.org/wiki/The_Visit_(play),Claire Zachanassian / Francine,,,,,
1974,28th Tony Awards,/wiki/28th_Tony_Awards,False,Julie Harris,https://en.wikipedia.org/wiki/Julie_Harris,The Au Pair Man,,Elizabeth Rogers,,,,,
1974,28th Tony Awards,/wiki/28th_Tony_Awards,False,Madeline Kahn,https://en.wikipedia.org/wiki/Madeline_Kahn,In the Boom Boom Room,https://en.wikipedia.org/wiki/In_the_Boom_Boom_Room,Chrissy,,,,,
1974,28th Tony Awards,/wiki/28th_Tony_Awards,True,Colleen Dewhurst,https://en.wikipedia.org/wiki/Colleen_Dewhurst,A Moon for the Misbegotten,https://en.wikipedia.org/wiki/A_Moon_for_the_Misbegotten,Josie Hogan,,,,,
1974,28th Tony Awards,/wiki/28th_Tony_Awards,False,Jane Alexander,https://en.wikipedia.org/wiki/Jane_Alexander,Find Your Way Home,,Jacqueline Harrison,,,,,
1975,29th Tony Awards,/wiki/29th_Tony_Awards,False,Liv Ullmann,https://en.wikipedia.org/wiki/Liv_Ullmann,A Doll's House,https://en.wikipedia.org/wiki/A_Doll%27s_House,Nora Helmer,,,,,
1975,29th Tony Awards,/wiki/29th_Tony_Awards,False,Maggie Smith,https://en.wikipedia.org/wiki/Maggie_Smith,Private Lives,https://en.wikipedia.org/wiki/Private_Lives,Amanda Prynne,,,,,
1975,29th Tony Awards,/wiki/29th_Tony_Awards,False,Diana Rigg,https://en.wikipedia.org/wiki/Diana_Rigg,The Misanthrope,https://en.wikipedia.org/wiki/The_Misanthrope,Celimene,,,,,
1975,29th Tony Awards,/wiki/29th_Tony_Awards,False,Rachel Roberts,https://en.wikipedia.org/wiki/Rachel_Roberts_(actress),,,,,,,,
1975,29th Tony Awards,/wiki/29th_Tony_Awards,True,Ellen Burstyn,https://en.wikipedia.org/wiki/Ellen_Burstyn,"Same Time, Next Year","https://en.wikipedia.org/wiki/Same_Time,_Next_Year_(play)",Doris,,,,,
1975,29th Tony Awards,/wiki/29th_Tony_Awards,False,Elizabeth Ashley,https://en.wikipedia.org/wiki/Elizabeth_Ashley,Cat on a Hot Tin Roof,https://en.wikipedia.org/wiki/Cat_on_a_Hot_Tin_Roof,Maggie Pollitt,,,,,
1976,30th Tony Awards,/wiki/30th_Tony_Awards,True,Irene Worth,https://en.wikipedia.org/wiki/Irene_Worth,Sweet Bird of Youth,https://en.wikipedia.org/wiki/Sweet_Bird_of_Youth,Alexandra Del Lago,,,,,
1976,30th Tony Awards,/wiki/30th_Tony_Awards,False,Tovah Feldshuh,https://en.wikipedia.org/wiki/Tovah_Feldshuh,Yentl,https://en.wikipedia.org/wiki/Yentl,Yentl,,,,,
1976,30th Tony Awards,/wiki/30th_Tony_Awards,False,Rosemary Harris,https://en.wikipedia.org/wiki/Rosemary_Harris,The Royal Family,https://en.wikipedia.org/wiki/The_Royal_Family_(play),Julie Cavendish,,,,,
1976,30th Tony Awards,/wiki/30th_Tony_Awards,False,Lynn Redgrave,https://en.wikipedia.org/wiki/Lynn_Redgrave,Mrs. Warren's Profession,https://en.wikipedia.org/wiki/Mrs._Warren%27s_Profession,Vivie Warren,,,,,
1977,31st Tony Awards,/wiki/31st_Tony_Awards,False,Irene Worth,https://en.wikipedia.org/wiki/Irene_Worth,The Cherry Orchard,https://en.wikipedia.org/wiki/The_Cherry_Orchard,Ranevskaya,,,,,
1977,31st Tony Awards,/wiki/31st_Tony_Awards,True,Julie Harris,https://en.wikipedia.org/wiki/Julie_Harris,The Belle of Amherst,https://en.wikipedia.org/wiki/The_Belle_of_Amherst,Emily Dickinson,https://en.wikipedia.org/wiki/Emily_Dickinson,,,,
1977,31st Tony Awards,/wiki/31st_Tony_Awards,False,Colleen Dewhurst,https://en.wikipedia.org/wiki/Colleen_Dewhurst,Who's Afraid of Virginia Woolf?,https://en.wikipedia.org/wiki/Who%27s_Afraid_of_Virginia_Woolf%3F,Martha,,,,,
1977,31st Tony Awards,/wiki/31st_Tony_Awards,False,Liv Ullmann,https://en.wikipedia.org/wiki/Liv_Ullmann,Anna Christie,https://en.wikipedia.org/wiki/Anna_Christie,Anna Christopherson,,,,,
1978,32nd Tony Awards,/wiki/32nd_Tony_Awards,False,Anita Gillette,https://en.wikipedia.org/wiki/Anita_Gillette,Chapter Two,https://en.wikipedia.org/wiki/Chapter_Two_(play),Jennie Maclaine,,,,,
1978,32nd Tony Awards,/wiki/32nd_Tony_Awards,False,Estelle Parsons,https://en.wikipedia.org/wiki/Estelle_Parsons,Miss Margarida's Way,https://en.wikipedia.org/wiki/Miss_Margarida%27s_Way,Miss Margarida,,,,,
1978,32nd Tony Awards,/wiki/32nd_Tony_Awards,True,Jessica Tandy,https://en.wikipedia.org/wiki/Jessica_Tandy,The Gin Game,https://en.wikipedia.org/wiki/The_Gin_Game,Fonsia Dorsey,,,,,
1978,32nd Tony Awards,/wiki/32nd_Tony_Awards,False,Anne Bancroft,https://en.wikipedia.org/wiki/Anne_Bancroft,Golda,,Golda Meir,https://en.wikipedia.org/wiki/Golda_Meir,,,,
1979,33rd Tony Awards,/wiki/33rd_Tony_Awards,False,Frances Sternhagen,https://en.wikipedia.org/wiki/Frances_Sternhagen,On Golden Pond,https://en.wikipedia.org/wiki/On_Golden_Pond_(play),Ethel Thayer,,,,,
1979,33rd Tony Awards,/wiki/33rd_Tony_Awards,False,Jane Alexander,https://en.wikipedia.org/wiki/Jane_Alexander,First Monday in October,https://en.wikipedia.org/wiki/First_Monday_in_October,Ruth Loomis,,,,,
1979,33rd Tony Awards,/wiki/33rd_Tony_Awards,True,Constance Cummings,https://en.wikipedia.org/wiki/Constance_Cummings,Wings,https://en.wikipedia.org/wiki/Wings_(play),Emily Stilson,,,,,
1979,33rd Tony Awards,/wiki/33rd_Tony_Awards,True,Carole Shelley,https://en.wikipedia.org/wiki/Carole_Shelley,The Elephant Man,https://en.wikipedia.org/wiki/The_Elephant_Man_(play),Madge Kendal,https://en.wikipedia.org/wiki/Madge_Kendal,,,,
1980,34th Tony Awards,/wiki/34th_Tony_Awards,True,Phyllis Frelich,https://en.wikipedia.org/wiki/Phyllis_Frelich,Children of a Lesser God,https://en.wikipedia.org/wiki/Children_of_a_Lesser_God_(play),Sarah Norman,,,,,
1980,34th Tony Awards,/wiki/34th_Tony_Awards,False,Blythe Danner,https://en.wikipedia.org/wiki/Blythe_Danner,Betrayal,https://en.wikipedia.org/wiki/Betrayal_(play),Emma,,,,,
1980,34th Tony Awards,/wiki/34th_Tony_Awards,False,Maggie Smith,https://en.wikipedia.org/wiki/Maggie_Smith,Night and Day,https://en.wikipedia.org/wiki/Night_and_Day_(play),Ruth Carson,,,,,
1980,34th Tony Awards,/wiki/34th_Tony_Awards,False,Anne Twomey,https://en.wikipedia.org/wiki/Anne_Twomey,Nuts,https://en.wikipedia.org/wiki/Nuts_(play),Claudia Draper,,,,,
1981,35th Tony Awards,/wiki/35th_Tony_Awards,True,Jane Lapotaire,https://en.wikipedia.org/wiki/Jane_Lapotaire,Piaf,https://en.wikipedia.org/wiki/Piaf_(play),Édith Piaf,https://en.wikipedia.org/wiki/%C3%89dith_Piaf,,,,
1981,35th Tony Awards,/wiki/35th_Tony_Awards,False,Glenda Jackson,https://en.wikipedia.org/wiki/Glenda_Jackson,Rose,,Rose,,,,,
1981,35th Tony Awards,/wiki/35th_Tony_Awards,False,Eva Le Gallienne,https://en.wikipedia.org/wiki/Eva_Le_Gallienne,To Grandmother's House We Go,,Grandie,,,,,
1981,35th Tony Awards,/wiki/35th_Tony_Awards,False,Elizabeth Taylor,https://en.wikipedia.org/wiki/Elizabeth_Taylor,The Little Foxes,https://en.wikipedia.org/wiki/The_Little_Foxes,Regina Giddens,,,,,
1982,36th Tony Awards,/wiki/36th_Tony_Awards,True,Zoe Caldwell,https://en.wikipedia.org/wiki/Zoe_Caldwell,Medea,https://en.wikipedia.org/wiki/Medea_(play),Medea,https://en.wikipedia.org/wiki/Medea,,,,
1982,36th Tony Awards,/wiki/36th_Tony_Awards,False,Katharine Hepburn,https://en.wikipedia.org/wiki/Katharine_Hepburn,The West Side Waltz,https://en.wikipedia.org/wiki/The_West_Side_Waltz,Margaret Mary Elderdice,,,,,
1982,36th Tony Awards,/wiki/36th_Tony_Awards,False,Geraldine Page,https://en.wikipedia.org/wiki/Geraldine_Page,Agnes of God,https://en.wikipedia.org/wiki/Agnes_of_God,Mother Miriam Ruth,,,,,
1982,36th Tony Awards,/wiki/36th_Tony_Awards,False,Amanda Plummer,https://en.wikipedia.org/wiki/Amanda_Plummer,A Taste of Honey,https://en.wikipedia.org/wiki/A_Taste_of_Honey,Josephine,,,,,
1983,37th Tony Awards,/wiki/37th_Tony_Awards,False,Anne Pitoniak,https://en.wikipedia.org/wiki/Anne_Pitoniak,"'night, Mother",,Thelma Cates,,,,,
1983,37th Tony Awards,/wiki/37th_Tony_Awards,False,Kate Nelligan,https://en.wikipedia.org/wiki/Kate_Nelligan,Plenty,https://en.wikipedia.org/wiki/Plenty_(play),Susan Traherne,,,,,
1983,37th Tony Awards,/wiki/37th_Tony_Awards,False,Kathy Bates,https://en.wikipedia.org/wiki/Kathy_Bates,"'night, Mother","https://en.wikipedia.org/wiki/%27night,_Mother",Jessie Cates,,,,,
1983,37th Tony Awards,/wiki/37th_Tony_Awards,True,Jessica Tandy,https://en.wikipedia.org/wiki/Jessica_Tandy,Foxfire,https://en.wikipedia.org/wiki/Foxfire_(play),Annie Nations,,,,,
1984,38th Tony Awards,/wiki/38th_Tony_Awards,True,Glenn Close,https://en.wikipedia.org/wiki/Glenn_Close,The Real Thing,https://en.wikipedia.org/wiki/The_Real_Thing_(play),Annie,,,,,
1984,38th Tony Awards,/wiki/38th_Tony_Awards,False,Rosemary Harris,https://en.wikipedia.org/wiki/Rosemary_Harris,Heartbreak House,https://en.wikipedia.org/wiki/Heartbreak_House,Hesione Hushabye,,,,,
1984,38th Tony Awards,/wiki/38th_Tony_Awards,False,Linda Hunt,https://en.wikipedia.org/wiki/Linda_Hunt,End of the World,,Audrey Wood,,,,,
1984,38th Tony Awards,/wiki/38th_Tony_Awards,False,Kate Nelligan,https://en.wikipedia.org/wiki/Kate_Nelligan,A Moon for the Misbegotten,https://en.wikipedia.org/wiki/A_Moon_for_the_Misbegotten,Josie Hogan,,,,,
1985,39th Tony Awards,/wiki/39th_Tony_Awards,True,Stockard Channing,https://en.wikipedia.org/wiki/Stockard_Channing,A Day in the Death of Joe Egg,https://en.wikipedia.org/wiki/A_Day_in_the_Death_of_Joe_Egg,Sheila,,,,,
1985,39th Tony Awards,/wiki/39th_Tony_Awards,False,Sinéad Cusack,https://en.wikipedia.org/wiki/Sin%C3%A9ad_Cusack,Much Ado About Nothing,https://en.wikipedia.org/wiki/Much_Ado_About_Nothing,Beatrice,https://en.wikipedia.org/wiki/Beatrice_(Much_Ado_About_Nothing),,,,
1985,39th Tony Awards,/wiki/39th_Tony_Awards,False,Rosemary Harris,https://en.wikipedia.org/wiki/Rosemary_Harris,Pack of Lies,https://en.wikipedia.org/wiki/Pack_of_Lies,Barbara Jackson,,,,,
1985,39th Tony Awards,/wiki/39th_Tony_Awards,False,Glenda Jackson,https://en.wikipedia.org/wiki/Glenda_Jackson,Strange Interlude,https://en.wikipedia.org/wiki/Strange_Interlude,Nina Leeds,,,,,
1986,40th Tony Awards,/wiki/40th_Tony_Awards,True,Lily Tomlin,https://en.wikipedia.org/wiki/Lily_Tomlin,The Search for Signs of Intelligent Life in the Universe,https://en.wikipedia.org/wiki/The_Search_for_Signs_of_Intelligent_Life_in_the_Universe,Various Characters,,,,,
1986,40th Tony Awards,/wiki/40th_Tony_Awards,False,Rosemary Harris,https://en.wikipedia.org/wiki/Rosemary_Harris,Hay Fever,https://en.wikipedia.org/wiki/Hay_Fever_(play),Judith Bliss,,,,,
1986,40th Tony Awards,/wiki/40th_Tony_Awards,False,Mary Beth Hurt,https://en.wikipedia.org/wiki/Mary_Beth_Hurt,Benefactors,https://en.wikipedia.org/wiki/Benefactors_(play),Sheila,,,,,
1986,40th Tony Awards,/wiki/40th_Tony_Awards,False,Jessica Tandy,https://en.wikipedia.org/wiki/Jessica_Tandy,The Petition,,Elizabeth Milne,,,,,
1987,41st Tony Awards,/wiki/41st_Tony_Awards,False,Lindsay Duncan,https://en.wikipedia.org/wiki/Lindsay_Duncan,Dangerous Liaisons,https://en.wikipedia.org/wiki/Les_liaisons_dangereuses_(play),Marquise de Merteuil,,,,,
1987,41st Tony Awards,/wiki/41st_Tony_Awards,False,Geraldine Page,https://en.wikipedia.org/wiki/Geraldine_Page,Blithe Spirit,https://en.wikipedia.org/wiki/Blithe_Spirit_(play),Madame Arcati,,,,,
1987,41st Tony Awards,/wiki/41st_Tony_Awards,True,Linda Lavin,https://en.wikipedia.org/wiki/Linda_Lavin,Broadway Bound,https://en.wikipedia.org/wiki/Broadway_Bound,Kate Jerome,,,,,
1987,41st Tony Awards,/wiki/41st_Tony_Awards,False,Amanda Plummer,https://en.wikipedia.org/wiki/Amanda_Plummer,Pygmalion,https://en.wikipedia.org/wiki/Pygmalion_(play),Eliza Doolittle,https://en.wikipedia.org/wiki/Eliza_Doolittle,,,,
1988,42nd Tony Awards,/wiki/42nd_Tony_Awards,False,Frances McDormand,https://en.wikipedia.org/wiki/Frances_McDormand,A Streetcar Named Desire,,Stella Kowalski,https://en.wikipedia.org/wiki/Stella_Kowalski,,,,
1988,42nd Tony Awards,/wiki/42nd_Tony_Awards,False,Glenda Jackson,https://en.wikipedia.org/wiki/Glenda_Jackson,Macbeth,https://en.wikipedia.org/wiki/Macbeth,Lady Macbeth,https://en.wikipedia.org/wiki/Lady_Macbeth,,,,
1988,42nd Tony Awards,/wiki/42nd_Tony_Awards,False,Blythe Danner,https://en.wikipedia.org/wiki/Blythe_Danner,A Streetcar Named Desire,https://en.wikipedia.org/wiki/A_Streetcar_Named_Desire,Blanche DuBois,https://en.wikipedia.org/wiki/Blanche_DuBois,,,,
1988,42nd Tony Awards,/wiki/42nd_Tony_Awards,True,Joan Allen,https://en.wikipedia.org/wiki/Joan_Allen,Burn This,https://en.wikipedia.org/wiki/Burn_This,Anna Mann,,,,,
1989,43rd Tony Awards,/wiki/43rd_Tony_Awards,True,Pauline Collins,https://en.wikipedia.org/wiki/Pauline_Collins,Shirley Valentine,https://en.wikipedia.org/wiki/Shirley_Valentine,Shirley Valentine,,,,,
1989,43rd Tony Awards,/wiki/43rd_Tony_Awards,False,Joan Allen,https://en.wikipedia.org/wiki/Joan_Allen,The Heidi Chronicles,https://en.wikipedia.org/wiki/The_Heidi_Chronicles,Heidi Holland,,,,,
1989,43rd Tony Awards,/wiki/43rd_Tony_Awards,False,Madeline Kahn,https://en.wikipedia.org/wiki/Madeline_Kahn,Born Yesterday,https://en.wikipedia.org/wiki/Born_Yesterday_(play),Emma 'Billie' Dawn,,,,,
1989,43rd Tony Awards,/wiki/43rd_Tony_Awards,False,Kate Nelligan,https://en.wikipedia.org/wiki/Kate_Nelligan,Spoils of War,,Elise,,,,,
1990,44th Tony Awards,/wiki/44th_Tony_Awards,True,,,Lettice Douffet,,,,Maggie Smith,https://en.wikipedia.org/wiki/Maggie_Smith,Lettice and Lovage,https://en.wikipedia.org/wiki/Lettice_and_Lovage
1990,44th Tony Awards,/wiki/44th_Tony_Awards,False,,,Portia,https://en.wikipedia.org/wiki/Portia_(Merchant_of_Venice),,,Geraldine James,https://en.wikipedia.org/wiki/Geraldine_James,The Merchant of Venice,https://en.wikipedia.org/wiki/The_Merchant_of_Venice
1990,44th Tony Awards,/wiki/44th_Tony_Awards,False,,,Rita Boyle,,,,Mary-Louise Parker,https://en.wikipedia.org/wiki/Mary-Louise_Parker,Prelude to a Kiss,https://en.wikipedia.org/wiki/Prelude_to_a_Kiss_(play)
1990,44th Tony Awards,/wiki/44th_Tony_Awards,False,,,Maggie Pollitt,,,,Kathleen Turner,https://en.wikipedia.org/wiki/Kathleen_Turner,Cat on a Hot Tin Roof,https://en.wikipedia.org/wiki/Cat_on_a_Hot_Tin_Roof
1991,45th Tony Awards,/wiki/45th_Tony_Awards,False,,,Liz Morden / Reverend Johnson,,,,Cherry Jones,https://en.wikipedia.org/wiki/Cherry_Jones,Our Country's Good,https://en.wikipedia.org/wiki/Our_Country%27s_Good
1991,45th Tony Awards,/wiki/45th_Tony_Awards,False,,,Karen Blixen,https://en.wikipedia.org/wiki/Karen_Blixen,,,Julie Harris,https://en.wikipedia.org/wiki/Julie_Harris,Lucifer's Child,
1991,45th Tony Awards,/wiki/45th_Tony_Awards,True,,,Bella Kurnitz,,,,Mercedes Ruehl,https://en.wikipedia.org/wiki/Mercedes_Ruehl,Lost in Yonkers,https://en.wikipedia.org/wiki/Lost_in_Yonkers
1991,45th Tony Awards,/wiki/45th_Tony_Awards,False,,,Ouisa Kittredge,,,,Stockard Channing,https://en.wikipedia.org/wiki/Stockard_Channing,Six Degrees of Separation,https://en.wikipedia.org/wiki/Six_Degrees_of_Separation_(play)
1992,46th Tony Awards,/wiki/46th_Tony_Awards,True,,,Paulina Salas Escobar,,,,Glenn Close,https://en.wikipedia.org/wiki/Glenn_Close,Death and the Maiden,https://en.wikipedia.org/wiki/Death_and_the_Maiden_(play)
1992,46th Tony Awards,/wiki/46th_Tony_Awards,False,,,Claire Zachanassian,,,,Jane Alexander,https://en.wikipedia.org/wiki/Jane_Alexander,The Visit,https://en.wikipedia.org/wiki/The_Visit_(play)
1992,46th Tony Awards,/wiki/46th_Tony_Awards,False,,,Penny McKenzie,,,,Stockard Channing,https://en.wikipedia.org/wiki/Stockard_Channing,Four Baboons Adoring the Sun,
1992,46th Tony Awards,/wiki/46th_Tony_Awards,False,,,Kathleen Hogan,,,,Judith Ivey,https://en.wikipedia.org/wiki/Judith_Ivey,Park Your Car in Harvard Yard,
1993,47th Tony Awards,/wiki/47th_Tony_Awards,False,,,Anna Christopherson,,,,Natasha Richardson,https://en.wikipedia.org/wiki/Natasha_Richardson,Anna Christie,https://en.wikipedia.org/wiki/Anna_Christie
1993,47th Tony Awards,/wiki/47th_Tony_Awards,False,,,Lynn Redgrave,https://en.wikipedia.org/wiki/Lynn_Redgrave,,,Lynn Redgrave,https://en.wikipedia.org/wiki/Lynn_Redgrave,Shakespeare for My Father,https://en.wikipedia.org/wiki/Shakespeare_for_My_Father
1993,47th Tony Awards,/wiki/47th_Tony_Awards,True,,,Gorgeous Teitelbaum,,,,Madeline Kahn,https://en.wikipedia.org/wiki/Madeline_Kahn,The Sisters Rosensweig,https://en.wikipedia.org/wiki/The_Sisters_Rosensweig
1993,47th Tony Awards,/wiki/47th_Tony_Awards,False,,,Sara Goode,,,,Jane Alexander,https://en.wikipedia.org/wiki/Jane_Alexander,The Sisters Rosensweig,
1994,48th Tony Awards,/wiki/48th_Tony_Awards,True,,,Medea,https://en.wikipedia.org/wiki/Medea,,,Diana Rigg,https://en.wikipedia.org/wiki/Diana_Rigg,Medea,https://en.wikipedia.org/wiki/Medea_(play)
1994,48th Tony Awards,/wiki/48th_Tony_Awards,False,,,Various Characters,,,,Anna Deavere Smith,https://en.wikipedia.org/wiki/Anna_Deavere_Smith,"Twilight: Los Angeles, 1992","https://en.wikipedia.org/wiki/Twilight:_Los_Angeles,_1992"
1994,48th Tony Awards,/wiki/48th_Tony_Awards,False,,,Sophie,,,,Nancy Marchand,https://en.wikipedia.org/wiki/Nancy_Marchand,Black Comedy,https://en.wikipedia.org/wiki/Black_Comedy_(play)
1994,48th Tony Awards,/wiki/48th_Tony_Awards,False,,,Mrs. Furnival,,,,Nancy Marchand,https://en.wikipedia.org/wiki/Nancy_Marchand,The White Liars,https://en.wikipedia.org/wiki/The_White_Liars
1994,48th Tony Awards,/wiki/48th_Tony_Awards,False,,,Sally Marr,https://en.wikipedia.org/wiki/Sally_Marr,,,Joan Rivers,https://en.wikipedia.org/wiki/Joan_Rivers,Sally Marr...and her escorts,
1995,49th Tony Awards,/wiki/49th_Tony_Awards,True,,,Catherine Sloper,,,,Cherry Jones,https://en.wikipedia.org/wiki/Cherry_Jones,The Heiress,https://en.wikipedia.org/wiki/The_Heiress_(1947_play)
1995,49th Tony Awards,/wiki/49th_Tony_Awards,False,,,Bessie Delany,https://en.wikipedia.org/wiki/Annie_Elizabeth_Delany,,,Mary Alice,https://en.wikipedia.org/wiki/Mary_Alice,Having Our Say,
1995,49th Tony Awards,/wiki/49th_Tony_Awards,False,,,Léonie,,,,Eileen Atkins,https://en.wikipedia.org/wiki/Eileen_Atkins,Indiscretions,https://en.wikipedia.org/wiki/Les_Parents_terribles
1995,49th Tony Awards,/wiki/49th_Tony_Awards,False,,,Natalia Petrovna,,,,Helen Mirren,https://en.wikipedia.org/wiki/Helen_Mirren,A Month in the Country,https://en.wikipedia.org/wiki/A_Month_in_the_Country_(play)
1996,50th Tony Awards,/wiki/50th_Tony_Awards,False,,,Claire,,,,Elaine Stritch,https://en.wikipedia.org/wiki/Elaine_Stritch,A Delicate Balance,https://en.wikipedia.org/wiki/A_Delicate_Balance_(play)
1996,50th Tony Awards,/wiki/50th_Tony_Awards,True,,,Maria Callas,https://en.wikipedia.org/wiki/Maria_Callas,,,Zoe Caldwell,https://en.wikipedia.org/wiki/Zoe_Caldwell,Master Class,https://en.wikipedia.org/wiki/Master_Class
1996,50th Tony Awards,/wiki/50th_Tony_Awards,False,,,Charlotte Hay,,,,Carol Burnett,https://en.wikipedia.org/wiki/Carol_Burnett,Moon Over Buffalo,https://en.wikipedia.org/wiki/Moon_Over_Buffalo
1996,50th Tony Awards,/wiki/50th_Tony_Awards,False,,,Agnes,,,,Rosemary Harris,https://en.wikipedia.org/wiki/Rosemary_Harris,A Delicate Balance,https://en.wikipedia.org/wiki/A_Delicate_Balance_(play)
1997,51st Tony Awards,/wiki/51st_Tony_Awards,False,,,Kyra Hollis,,,,Lia Williams,https://en.wikipedia.org/wiki/Lia_Williams,Skylight,https://en.wikipedia.org/wiki/Skylight_(play)
1997,51st Tony Awards,/wiki/51st_Tony_Awards,False,,,Lily Dale Kidder,,,,Shirley Knight,https://en.wikipedia.org/wiki/Shirley_Knight,The Young Man From Atlanta,https://en.wikipedia.org/wiki/The_Young_Man_From_Atlanta
1997,51st Tony Awards,/wiki/51st_Tony_Awards,False,,,Fonsia Dorsey,,,,Julie Harris,https://en.wikipedia.org/wiki/Julie_Harris_(actress),The Gin Game,https://en.wikipedia.org/wiki/The_Gin_Game
1997,51st Tony Awards,/wiki/51st_Tony_Awards,True,,,Nora Helmer,,,,Janet McTeer,https://en.wikipedia.org/wiki/Janet_McTeer,A Doll's House,https://en.wikipedia.org/wiki/A_Doll%27s_House
1998,52nd Tony Awards,/wiki/52nd_Tony_Awards,True,,,Maureen Folan,,,,Marie Mullen,https://en.wikipedia.org/wiki/Marie_Mullen,The Beauty Queen of Leenane,https://en.wikipedia.org/wiki/The_Beauty_Queen_of_Leenane
1998,52nd Tony Awards,/wiki/52nd_Tony_Awards,False,,,Honor,,,,Jane Alexander,https://en.wikipedia.org/wiki/Jane_Alexander,Honour,https://en.wikipedia.org/wiki/Honour_(Murray-Smith_play)
1998,52nd Tony Awards,/wiki/52nd_Tony_Awards,False,,,Beatrice Carbone,,,,Allison Janney,https://en.wikipedia.org/wiki/Allison_Janney,A View from the Bridge,https://en.wikipedia.org/wiki/A_View_from_the_Bridge
1998,52nd Tony Awards,/wiki/52nd_Tony_Awards,False,,,Old Woman,,,,Geraldine McEwan,https://en.wikipedia.org/wiki/Geraldine_McEwan,The Chairs,https://en.wikipedia.org/wiki/The_Chairs
1999,53rd Tony Awards,/wiki/53rd_Tony_Awards,False,,,Electra,https://en.wikipedia.org/wiki/Electra,,,Zoë Wanamaker,https://en.wikipedia.org/wiki/Zo%C3%AB_Wanamaker,Electra,https://en.wikipedia.org/wiki/Electra_(Sophocles)
1999,53rd Tony Awards,/wiki/53rd_Tony_Awards,False,,,Madame Desmermortes,,,,Marian Seldes,https://en.wikipedia.org/wiki/Marian_Seldes,Ring Round the Moon,https://en.wikipedia.org/wiki/Ring_Round_the_Moon
1999,53rd Tony Awards,/wiki/53rd_Tony_Awards,True,,,Esme Allen,,,,Judi Dench,https://en.wikipedia.org/wiki/Judi_Dench,Amy's View,https://en.wikipedia.org/wiki/Amy%27s_View
1999,53rd Tony Awards,/wiki/53rd_Tony_Awards,False,,,Eleanor of Aquitaine,https://en.wikipedia.org/wiki/Eleanor_of_Aquitaine,,,Stockard Channing,https://en.wikipedia.org/wiki/Stockard_Channing,The Lion in Winter,https://en.wikipedia.org/wiki/The_Lion_in_Winter
2000,54th Tony Awards,/wiki/54th_Tony_Awards,True,,,Annie,,,,Jennifer Ehle,https://en.wikipedia.org/wiki/Jennifer_Ehle,The Real Thing,https://en.wikipedia.org/wiki/The_Real_Thing_(play)
2000,54th Tony Awards,/wiki/54th_Tony_Awards,False,,,Lizzie Curry,,,,Jayne Atkinson,https://en.wikipedia.org/wiki/Jayne_Atkinson,The Rainmaker,https://en.wikipedia.org/wiki/The_Rainmaker_(play)
2000,54th Tony Awards,/wiki/54th_Tony_Awards,False,,,May Davenport,,,,Rosemary Harris,https://en.wikipedia.org/wiki/Rosemary_Harris,Waiting in the Wings,https://en.wikipedia.org/wiki/Waiting_in_the_Wings_(play)
2000,54th Tony Awards,/wiki/54th_Tony_Awards,False,,,Josie Hogan,,,,Cherry Jones,https://en.wikipedia.org/wiki/Cherry_Jones,A Moon for the Misbegotten,https://en.wikipedia.org/wiki/A_Moon_for_the_Misbegotten
2000,54th Tony Awards,/wiki/54th_Tony_Awards,False,,,Jo /Mae West,https://en.wikipedia.org/wiki/Mae_West,,,Claudia Shear,https://en.wikipedia.org/wiki/Claudia_Shear,Dirty Blonde,https://en.wikipedia.org/wiki/Dirty_Blonde_(play)
2001,55th Tony Awards,/wiki/55th_Tony_Awards,False,,,Ruby,,,,Leslie Uggams,https://en.wikipedia.org/wiki/Leslie_Uggams,King Hedley II,https://en.wikipedia.org/wiki/King_Hedley_II
2001,55th Tony Awards,/wiki/55th_Tony_Awards,False,,,Lorraine Sheldon,,,,Jean Smart,https://en.wikipedia.org/wiki/Jean_Smart,The Man Who Came to Dinner,https://en.wikipedia.org/wiki/The_Man_Who_Came_to_Dinner
2001,55th Tony Awards,/wiki/55th_Tony_Awards,False,,,Marjorie Taub,,,,Linda Lavin,https://en.wikipedia.org/wiki/Linda_Lavin,The Tale of the Allergist's Wife,https://en.wikipedia.org/wiki/The_Tale_of_the_Allergist%27s_Wife
2001,55th Tony Awards,/wiki/55th_Tony_Awards,False,,,Emma,,,,Juliette Binoche,https://en.wikipedia.org/wiki/Juliette_Binoche,Betrayal,https://en.wikipedia.org/wiki/Betrayal_(play)
2001,55th Tony Awards,/wiki/55th_Tony_Awards,True,,,Catherine Llewellyn,,,,Mary-Louise Parker,https://en.wikipedia.org/wiki/Mary-Louise_Parker,Proof,https://en.wikipedia.org/wiki/Proof_(play)
2002,56th Tony Awards,/wiki/56th_Tony_Awards,True,,,Amanda Prynne,,,,Lindsay Duncan,https://en.wikipedia.org/wiki/Lindsay_Duncan,Private Lives,https://en.wikipedia.org/wiki/Private_Lives
2002,56th Tony Awards,/wiki/56th_Tony_Awards,False,,,Hedda Gabler,,,,Kate Burton,https://en.wikipedia.org/wiki/Kate_Burton_(actress),Hedda Gabler,https://en.wikipedia.org/wiki/Hedda_Gabler
2002,56th Tony Awards,/wiki/56th_Tony_Awards,False,,,Elizabeth Proctor,https://en.wikipedia.org/wiki/Elizabeth_Proctor,,,Laura Linney,https://en.wikipedia.org/wiki/Laura_Linney,The Crucible,https://en.wikipedia.org/wiki/The_Crucible
2002,56th Tony Awards,/wiki/56th_Tony_Awards,False,,,Alice,,,,Helen Mirren,https://en.wikipedia.org/wiki/Helen_Mirren,The Dance of Death,https://en.wikipedia.org/wiki/The_Dance_of_Death_(Strindberg)
2002,56th Tony Awards,/wiki/56th_Tony_Awards,False,,,Stevie,,,,Mercedes Ruehl,https://en.wikipedia.org/wiki/Mercedes_Ruehl,"The Goat, or Who Is Sylvia?","https://en.wikipedia.org/wiki/The_Goat,_or_Who_Is_Sylvia%3F"
2003,57th Tony Awards,/wiki/57th_Tony_Awards,False,,,Medea,https://en.wikipedia.org/wiki/Medea,,,Fiona Shaw,https://en.wikipedia.org/wiki/Fiona_Shaw,Medea,https://en.wikipedia.org/wiki/Medea_(play)
2003,57th Tony Awards,/wiki/57th_Tony_Awards,False,,,Ursula Loyler,,,,Clare Higgins,https://en.wikipedia.org/wiki/Clare_Higgins,Vincent in Brixton,https://en.wikipedia.org/wiki/Vincent_in_Brixton
2003,57th Tony Awards,/wiki/57th_Tony_Awards,False,,,Lotty Wilton,,,,Jayne Atkinson,https://en.wikipedia.org/wiki/Jayne_Atkinson,Enchanted April,https://en.wikipedia.org/wiki/Enchanted_April_(2003_play)
2003,57th Tony Awards,/wiki/57th_Tony_Awards,True,,,Mary Tyrone,,,,Vanessa Redgrave,https://en.wikipedia.org/wiki/Vanessa_Redgrave,Long Day's Journey into Night,https://en.wikipedia.org/wiki/Long_Day%27s_Journey_into_Night
2003,57th Tony Awards,/wiki/57th_Tony_Awards,False,,,Sheila,,,,Victoria Hamilton,https://en.wikipedia.org/wiki/Victoria_Hamilton,A Day in the Death of Joe Egg,https://en.wikipedia.org/wiki/A_Day_in_the_Death_of_Joe_Egg
2004,58th Tony Awards,/wiki/58th_Tony_Awards,False,,,Lily Garland / Mildred Plotka,,,,Anne Heche,https://en.wikipedia.org/wiki/Anne_Heche,Twentieth Century,https://en.wikipedia.org/wiki/Twentieth_Century_(play)
2004,58th Tony Awards,/wiki/58th_Tony_Awards,True,,,Lena Younger,,,,Phylicia Rashad,https://en.wikipedia.org/wiki/Phylicia_Rashad,A Raisin in the Sun,https://en.wikipedia.org/wiki/A_Raisin_in_the_Sun
2004,58th Tony Awards,/wiki/58th_Tony_Awards,False,,,Alice,,,,Eileen Atkins,https://en.wikipedia.org/wiki/Eileen_Atkins,The Retreat from Moscow,https://en.wikipedia.org/wiki/The_Retreat_from_Moscow
2004,58th Tony Awards,/wiki/58th_Tony_Awards,False,,,Golda Meir,https://en.wikipedia.org/wiki/Golda_Meir,,,Tovah Feldshuh,https://en.wikipedia.org/wiki/Tovah_Feldshuh,Golda's Balcony,https://en.wikipedia.org/wiki/Golda%27s_Balcony
2004,58th Tony Awards,/wiki/58th_Tony_Awards,False,,,Nancy,,,,Swoosie Kurtz,https://en.wikipedia.org/wiki/Swoosie_Kurtz,Frozen,https://en.wikipedia.org/wiki/Frozen_(play)
2005,59th Tony Awards,/wiki/59th_Tony_Awards,False,,,Martha,,,,Kathleen Turner,https://en.wikipedia.org/wiki/Kathleen_Turner,Who's Afraid of Virginia Woolf?,https://en.wikipedia.org/wiki/Who%27s_Afraid_of_Virginia_Woolf%3F
2005,59th Tony Awards,/wiki/59th_Tony_Awards,False,,,Rachel,,,,Mary-Louise Parker,https://en.wikipedia.org/wiki/Mary-Louise_Parker,Reckless,
2005,59th Tony Awards,/wiki/59th_Tony_Awards,False,,,Aunt Ester,,,,Phylicia Rashad,https://en.wikipedia.org/wiki/Phylicia_Rashad,Gem of the Ocean,https://en.wikipedia.org/wiki/Gem_of_the_Ocean
2005,59th Tony Awards,/wiki/59th_Tony_Awards,False,,,Patricia,,,,Laura Linney,https://en.wikipedia.org/wiki/Laura_Linney,Sight Unseen,https://en.wikipedia.org/wiki/Sight_Unseen_(play)
2005,59th Tony Awards,/wiki/59th_Tony_Awards,True,,,Sister Aloysius Beauvier,,,,Cherry Jones,https://en.wikipedia.org/wiki/Cherry_Jones,Doubt,https://en.wikipedia.org/wiki/Doubt:_A_Parable
2006,60th Tony Awards,/wiki/60th_Tony_Awards,True,,,Becca Corbett,,,,Cynthia Nixon,https://en.wikipedia.org/wiki/Cynthia_Nixon,Rabbit Hole,https://en.wikipedia.org/wiki/Rabbit_Hole
2006,60th Tony Awards,/wiki/60th_Tony_Awards,False,,,Constance Culver Middleton,,,,Kate Burton,https://en.wikipedia.org/wiki/Kate_Burton_(actress),The Constant Wife,https://en.wikipedia.org/wiki/The_Constant_Wife
2006,60th Tony Awards,/wiki/60th_Tony_Awards,False,,,Florence Foster Jenkins,https://en.wikipedia.org/wiki/Florence_Foster_Jenkins,,,Judy Kaye,https://en.wikipedia.org/wiki/Judy_Kaye,Souvenir,https://en.wikipedia.org/wiki/Souvenir_(play)
2006,60th Tony Awards,/wiki/60th_Tony_Awards,False,,,Lisa Kron,https://en.wikipedia.org/wiki/Lisa_Kron,,,Lisa Kron,https://en.wikipedia.org/wiki/Lisa_Kron,Well,https://en.wikipedia.org/wiki/Well_(play)
2006,60th Tony Awards,/wiki/60th_Tony_Awards,False,,,Mrs. Culver,,,,Lynn Redgrave,https://en.wikipedia.org/wiki/Lynn_Redgrave,The Constant Wife,
2007,61st Tony Awards,/wiki/61st_Tony_Awards,False,,,Joan Didion,https://en.wikipedia.org/wiki/Joan_Didion,,,Vanessa Redgrave,https://en.wikipedia.org/wiki/Vanessa_Redgrave,The Year of Magical Thinking,https://en.wikipedia.org/wiki/The_Year_of_Magical_Thinking
2007,61st Tony Awards,/wiki/61st_Tony_Awards,False,,,Leona Mullen,,,,Angela Lansbury,https://en.wikipedia.org/wiki/Angela_Lansbury,Deuce,https://en.wikipedia.org/wiki/Deuce_(play)
2007,61st Tony Awards,/wiki/61st_Tony_Awards,False,,,Hesione Hushabye,,,,Swoosie Kurtz,https://en.wikipedia.org/wiki/Swoosie_Kurtz,Heartbreak House,https://en.wikipedia.org/wiki/Heartbreak_House
2007,61st Tony Awards,/wiki/61st_Tony_Awards,False,,,Josie Hogan,,,,Eve Best,https://en.wikipedia.org/wiki/Eve_Best,A Moon for the Misbegotten,https://en.wikipedia.org/wiki/A_Moon_for_the_Misbegotten
2007,61st Tony Awards,/wiki/61st_Tony_Awards,True,,,Diane,,,,Julie White,https://en.wikipedia.org/wiki/Julie_White,The Little Dog Laughed,https://en.wikipedia.org/wiki/The_Little_Dog_Laughed
2008,62nd Tony Awards,/wiki/62nd_Tony_Awards,True,,,Violet Weston,,,,Deanna Dunagan,https://en.wikipedia.org/wiki/Deanna_Dunagan,August: Osage County,https://en.wikipedia.org/wiki/August:_Osage_County
2008,62nd Tony Awards,/wiki/62nd_Tony_Awards,False,,,Ruth,,,,Eve Best,https://en.wikipedia.org/wiki/Eve_Best,The Homecoming,https://en.wikipedia.org/wiki/The_Homecoming
2008,62nd Tony Awards,/wiki/62nd_Tony_Awards,False,,,Lady Macbeth,https://en.wikipedia.org/wiki/Lady_Macbeth,,,Kate Fleetwood,https://en.wikipedia.org/wiki/Kate_Fleetwood,Macbeth,https://en.wikipedia.org/wiki/Macbeth
2008,62nd Tony Awards,/wiki/62nd_Tony_Awards,False,,,Lola Delaney,,,,S. Epatha Merkerson,https://en.wikipedia.org/wiki/S._Epatha_Merkerson,"Come Back, Little Sheba","https://en.wikipedia.org/wiki/Come_Back,_Little_Sheba_(play)"
2008,62nd Tony Awards,/wiki/62nd_Tony_Awards,False,,,Barbara Weston-Fordham,,,,Amy Morton,https://en.wikipedia.org/wiki/Amy_Morton,August: Osage County,https://en.wikipedia.org/wiki/August:_Osage_County
2009,63rd Tony Awards,/wiki/63rd_Tony_Awards,False,,,Elizabeth I,https://en.wikipedia.org/wiki/Elizabeth_I_of_England,,,Harriet Walter,https://en.wikipedia.org/wiki/Harriet_Walter,Mary Stuart,https://en.wikipedia.org/wiki/Mary_Stuart_(play)
2009,63rd Tony Awards,/wiki/63rd_Tony_Awards,False,,,Mary Stuart,"https://en.wikipedia.org/wiki/Mary,_Queen_of_Scots",,,Janet McTeer,https://en.wikipedia.org/wiki/Janet_McTeer,Mary Stuart,https://en.wikipedia.org/wiki/Mary_Stuart_(play)
2009,63rd Tony Awards,/wiki/63rd_Tony_Awards,False,,,Katherine Brandt,,,,Jane Fonda,https://en.wikipedia.org/wiki/Jane_Fonda,33 Variations,https://en.wikipedia.org/wiki/33_Variations
2009,63rd Tony Awards,/wiki/63rd_Tony_Awards,True,,,Veronica,,,,Marcia Gay Harden,https://en.wikipedia.org/wiki/Marcia_Gay_Harden,God of Carnage,https://en.wikipedia.org/wiki/God_of_Carnage
2009,63rd Tony Awards,/wiki/63rd_Tony_Awards,False,,,Annette,,,,Hope Davis,https://en.wikipedia.org/wiki/Hope_Davis,God of Carnage,https://en.wikipedia.org/wiki/God_of_Carnage
2010,64th Tony Awards,/wiki/64th_Tony_Awards,True,,,Rose Maxson,,,,Viola Davis,https://en.wikipedia.org/wiki/Viola_Davis,Fences,https://en.wikipedia.org/wiki/Fences_(play)
2010,64th Tony Awards,/wiki/64th_Tony_Awards,False,,,Tallulah Bankhead,https://en.wikipedia.org/wiki/Tallulah_Bankhead,,,Valerie Harper,https://en.wikipedia.org/wiki/Valerie_Harper,Looped,https://en.wikipedia.org/wiki/Looped
2010,64th Tony Awards,/wiki/64th_Tony_Awards,False,,,Ruth Steiner,,,,Linda Lavin,https://en.wikipedia.org/wiki/Linda_Lavin,Collected Stories,https://en.wikipedia.org/wiki/Collected_Stories_(play)
2010,64th Tony Awards,/wiki/64th_Tony_Awards,False,,,Sarah Goodwin,,,,Laura Linney,https://en.wikipedia.org/wiki/Laura_Linney,Time Stands Still,https://en.wikipedia.org/wiki/Time_Stands_Still_(play)
2010,64th Tony Awards,/wiki/64th_Tony_Awards,False,,,Julie Cavendish,,,,Jan Maxwell,https://en.wikipedia.org/wiki/Jan_Maxwell,The Royal Family,https://en.wikipedia.org/wiki/The_Royal_Family_(play)
2011,65th Tony Awards,/wiki/65th_Tony_Awards,True,,,Margie Walsh,,,,Frances McDormand,https://en.wikipedia.org/wiki/Frances_McDormand,Good People,https://en.wikipedia.org/wiki/Good_People_(play)
2011,65th Tony Awards,/wiki/65th_Tony_Awards,False,,,Emma 'Billie' Dawn,,,,Nina Arianda,https://en.wikipedia.org/wiki/Nina_Arianda,Born Yesterday,https://en.wikipedia.org/wiki/Born_Yesterday_(play)
2011,65th Tony Awards,/wiki/65th_Tony_Awards,False,,,Portia,https://en.wikipedia.org/wiki/Portia_(Merchant_of_Venice),,,Lily Rabe,https://en.wikipedia.org/wiki/Lily_Rabe,The Merchant of Venice,https://en.wikipedia.org/wiki/The_Merchant_of_Venice
2011,65th Tony Awards,/wiki/65th_Tony_Awards,False,,,Daisy Werthan,,,,Vanessa Redgrave,https://en.wikipedia.org/wiki/Vanessa_Redgrave,Driving Miss Daisy,https://en.wikipedia.org/wiki/Driving_Miss_Daisy_(play)
2011,65th Tony Awards,/wiki/65th_Tony_Awards,False,,,Laura Jesson,,,,Hannah Yelland,https://en.wikipedia.org/wiki/Hannah_Yelland,Brief Encounter,https://en.wikipedia.org/wiki/Brief_Encounter
2012,66th Tony Awards,/wiki/66th_Tony_Awards,False,,,Rita Lyons,,,,Linda Lavin,https://en.wikipedia.org/wiki/Linda_Lavin,The Lyons,https://en.wikipedia.org/wiki/The_Lyons
2012,66th Tony Awards,/wiki/66th_Tony_Awards,False,,,Polly Wyeth,,,,Stockard Channing,https://en.wikipedia.org/wiki/Stockard_Channing,Other Desert Cities,https://en.wikipedia.org/wiki/Other_Desert_Cities
2012,66th Tony Awards,/wiki/66th_Tony_Awards,False,,,Vivian Bearing,,,,Cynthia Nixon,https://en.wikipedia.org/wiki/Cynthia_Nixon,Wit,https://en.wikipedia.org/wiki/Wit_(play)
2012,66th Tony Awards,/wiki/66th_Tony_Awards,True,,,Vanda,,,,Nina Arianda,https://en.wikipedia.org/wiki/Nina_Arianda,Venus in Fur,https://en.wikipedia.org/wiki/Venus_in_Fur
2012,66th Tony Awards,/wiki/66th_Tony_Awards,False,,,Judy Garland,https://en.wikipedia.org/wiki/Judy_Garland,,,Tracie Bennett,https://en.wikipedia.org/wiki/Tracie_Bennett,End of the Rainbow,https://en.wikipedia.org/wiki/End_of_the_Rainbow
2013,67th Tony Awards,/wiki/67th_Tony_Awards,False,,,Ann Richards,https://en.wikipedia.org/wiki/Ann_Richards,,,Holland Taylor,https://en.wikipedia.org/wiki/Holland_Taylor,Ann,
2013,67th Tony Awards,/wiki/67th_Tony_Awards,False,,,Sonia,,,,Kristine Nielsen,https://en.wikipedia.org/wiki/Kristine_Nielsen,Vanya and Sonia and Masha and Spike,https://en.wikipedia.org/wiki/Vanya_and_Sonia_and_Masha_and_Spike
2013,67th Tony Awards,/wiki/67th_Tony_Awards,True,,,Carrie Watts,,,,Cicely Tyson,https://en.wikipedia.org/wiki/Cicely_Tyson,The Trip to Bountiful,https://en.wikipedia.org/wiki/The_Trip_to_Bountiful_(play)
2013,67th Tony Awards,/wiki/67th_Tony_Awards,False,,,Juliana Smithton,,,,Laurie Metcalf,https://en.wikipedia.org/wiki/Laurie_Metcalf,The Other Place,https://en.wikipedia.org/wiki/The_Other_Place_(play)
2013,67th Tony Awards,/wiki/67th_Tony_Awards,False,,,Martha,,,,Amy Morton,https://en.wikipedia.org/wiki/Amy_Morton,Who's Afraid of Virginia Woolf?,https://en.wikipedia.org/wiki/Who%27s_Afraid_of_Virginia_Woolf%3F
2014,68th Tony Awards,/wiki/68th_Tony_Awards,True,,,Billie Holiday,https://en.wikipedia.org/wiki/Billie_Holiday,,,Audra McDonald,https://en.wikipedia.org/wiki/Audra_McDonald,Lady Day at Emerson's Bar and Grill,https://en.wikipedia.org/wiki/Lady_Day_at_Emerson%27s_Bar_and_Grill
2014,68th Tony Awards,/wiki/68th_Tony_Awards,False,,,Katharine Gerard,,,,Tyne Daly,https://en.wikipedia.org/wiki/Tyne_Daly,Mothers and Sons,https://en.wikipedia.org/wiki/Mothers_and_Sons_(play)
2014,68th Tony Awards,/wiki/68th_Tony_Awards,False,,,Amanda Wingfield,,,,Cherry Jones,https://en.wikipedia.org/wiki/Cherry_Jones,The Glass Menagerie,https://en.wikipedia.org/wiki/The_Glass_Menagerie
2014,68th Tony Awards,/wiki/68th_Tony_Awards,False,,,Alexandra,,,,Estelle Parsons,https://en.wikipedia.org/wiki/Estelle_Parsons,The Velocity of Autumn,
2014,68th Tony Awards,/wiki/68th_Tony_Awards,False,,,Lena Younger,,,,LaTanya Richardson,https://en.wikipedia.org/wiki/LaTanya_Richardson,A Raisin in the Sun,https://en.wikipedia.org/wiki/A_Raisin_in_the_Sun
2015,69th Tony Awards,/wiki/69th_Tony_Awards,True,,,Queen Elizabeth II,https://en.wikipedia.org/wiki/Queen_Elizabeth_II,,,Helen Mirren,https://en.wikipedia.org/wiki/Helen_Mirren,The Audience,https://en.wikipedia.org/wiki/The_Audience_(2013_play)
2015,69th Tony Awards,/wiki/69th_Tony_Awards,False,,,Margery,,,,Geneva Carr,https://en.wikipedia.org/wiki/Geneva_Carr,Hand To God,https://en.wikipedia.org/wiki/Hand_to_God_(play)
2015,69th Tony Awards,/wiki/69th_Tony_Awards,False,,,Heidi Holland,,,,Elisabeth Moss,https://en.wikipedia.org/wiki/Elisabeth_Moss,The Heidi Chronicles,https://en.wikipedia.org/wiki/The_Heidi_Chronicles
2015,69th Tony Awards,/wiki/69th_Tony_Awards,False,,,Kyra Hollis,,,,Carey Mulligan,https://en.wikipedia.org/wiki/Carey_Mulligan,Skylight,https://en.wikipedia.org/wiki/Skylight_(play)
2015,69th Tony Awards,/wiki/69th_Tony_Awards,False,,,Marianne,,,,Ruth Wilson,https://en.wikipedia.org/wiki/Ruth_Wilson,Constellations,https://en.wikipedia.org/wiki/Constellations_(play)
2016,70th Tony Awards,/wiki/70th_Tony_Awards,False,,,Elizabeth Proctor,https://en.wikipedia.org/wiki/Elizabeth_Proctor,,,Sophie Okonedo,https://en.wikipedia.org/wiki/Sophie_Okonedo,The Crucible,https://en.wikipedia.org/wiki/The_Crucible
2016,70th Tony Awards,/wiki/70th_Tony_Awards,False,,,The Girl,,,,Lupita Nyong'o,https://en.wikipedia.org/wiki/Lupita_Nyong%27o,Eclipsed,https://en.wikipedia.org/wiki/Eclipsed_(play)
2016,70th Tony Awards,/wiki/70th_Tony_Awards,False,,,Una Spencer,,,,Michelle Williams,https://en.wikipedia.org/wiki/Michelle_Williams_(actress),Blackbird,https://en.wikipedia.org/wiki/Blackbird_(play)
2016,70th Tony Awards,/wiki/70th_Tony_Awards,True,,,Mary Tyrone,,,,Jessica Lange,https://en.wikipedia.org/wiki/Jessica_Lange,Long Day's Journey into Night,https://en.wikipedia.org/wiki/Long_Day%27s_Journey_into_Night
2016,70th Tony Awards,/wiki/70th_Tony_Awards,False,,,Annie Wilkes,https://en.wikipedia.org/wiki/Annie_Wilkes,,,Laurie Metcalf,https://en.wikipedia.org/wiki/Laurie_Metcalf,Misery,https://en.wikipedia.org/wiki/Misery_(novel)#Adaptations
2017,71st Tony Awards,/wiki/71st_Tony_Awards,True,,,Nora Helmer,,,,Laurie Metcalf,https://en.wikipedia.org/wiki/Laurie_Metcalf,"A Doll's House, Part 2","https://en.wikipedia.org/wiki/A_Doll%27s_House,_Part_2"
2017,71st Tony Awards,/wiki/71st_Tony_Awards,False,,,Anna Petrovna,,,,Cate Blanchett,https://en.wikipedia.org/wiki/Cate_Blanchett,The Present,https://en.wikipedia.org/wiki/Platonov_(play)
2017,71st Tony Awards,/wiki/71st_Tony_Awards,False,,,Mona Juul,https://en.wikipedia.org/wiki/Mona_Juul,,,Jennifer Ehle,https://en.wikipedia.org/wiki/Jennifer_Ehle,Oslo,https://en.wikipedia.org/wiki/Oslo_(play)
2017,71st Tony Awards,/wiki/71st_Tony_Awards,False,,,Amanda Wingfield,,,,Sally Field,https://en.wikipedia.org/wiki/Sally_Field,The Glass Menagerie,https://en.wikipedia.org/wiki/The_Glass_Menagerie
2017,71st Tony Awards,/wiki/71st_Tony_Awards,False,,,Regina Hubbard Giddens,,,,Laura Linney,https://en.wikipedia.org/wiki/Laura_Linney,The Little Foxes,https://en.wikipedia.org/wiki/The_Little_Foxes
2018,72nd Tony Awards,/wiki/72nd_Tony_Awards,False,,,Corky,,,,Amy Schumer,https://en.wikipedia.org/wiki/Amy_Schumer,Meteor Shower,https://en.wikipedia.org/wiki/Meteor_Shower_(play)
2018,72nd Tony Awards,/wiki/72nd_Tony_Awards,False,,,Sarah Norman,,,,Lauren Ridloff,https://en.wikipedia.org/wiki/Lauren_Ridloff,Children of a Lesser God,https://en.wikipedia.org/wiki/Children_of_a_Lesser_God_(play)
2018,72nd Tony Awards,/wiki/72nd_Tony_Awards,False,,,Joan of Arc,https://en.wikipedia.org/wiki/Joan_of_Arc,,,Condola Rashād,https://en.wikipedia.org/wiki/Condola_Rash%C4%81d,Saint Joan,https://en.wikipedia.org/wiki/Saint_Joan_(play)
2018,72nd Tony Awards,/wiki/72nd_Tony_Awards,True,,,A,,,,Glenda Jackson,https://en.wikipedia.org/wiki/Glenda_Jackson,Three Tall Women,https://en.wikipedia.org/wiki/Three_Tall_Women
2019,73rd Tony Awards,/wiki/73rd_Tony_Awards,False,,,Heidi Schreck,,,,Heidi Schreck,https://en.wikipedia.org/wiki/Heidi_Schreck,What the Constitution Means to Me,https://en.wikipedia.org/wiki/What_the_Constitution_Means_to_Me
2019,73rd Tony Awards,/wiki/73rd_Tony_Awards,True,,,Gladys Green,,,,Elaine May,https://en.wikipedia.org/wiki/Elaine_May,The Waverly Gallery,https://en.wikipedia.org/wiki/The_Waverly_Gallery
2019,73rd Tony Awards,/wiki/73rd_Tony_Awards,False,,,Kate Keller,,,,Annette Bening,https://en.wikipedia.org/wiki/Annette_Bening,All My Sons,https://en.wikipedia.org/wiki/All_My_Sons
2019,73rd Tony Awards,/wiki/73rd_Tony_Awards,False,,,Caitlin Carney,,,,Laura Donnelly,https://en.wikipedia.org/wiki/Laura_Donnelly_(actress),The Ferryman,https://en.wikipedia.org/wiki/The_Ferryman_(play)
2019,73rd Tony Awards,/wiki/73rd_Tony_Awards,False,,,Sarah Bernhardt,https://en.wikipedia.org/wiki/Sarah_Bernhardt,,,Janet McTeer,https://en.wikipedia.org/wiki/Janet_McTeer,Bernhardt/Hamlet,
2019,73rd Tony Awards,/wiki/73rd_Tony_Awards,False,,,Hillary Clinton,https://en.wikipedia.org/wiki/Hillary_Clinton,,,Laurie Metcalf,https://en.wikipedia.org/wiki/Laurie_Metcalf,Hillary and Clinton,https://en.wikipedia.org/wiki/Hillary_and_Clinton
2020,74th Tony Awards,/wiki/74th_Tony_Awards,False,Laura Linney,https://en.wikipedia.org/wiki/Laura_Linney,My Name Is Lucy Barton,https://en.wikipedia.org/wiki/My_Name_Is_Lucy_Barton,Lucy Barton,,,,,
2020,74th Tony Awards,/wiki/74th_Tony_Awards,False,Audra McDonald,https://en.wikipedia.org/wiki/Audra_McDonald,Frankie and Johnny in the Clair de Lune,https://en.wikipedia.org/wiki/Frankie_and_Johnny_in_the_Clair_de_Lune,Frankie,,,,,
2020,74th Tony Awards,/wiki/74th_Tony_Awards,False,Joaquina Kalukango,,Slave Play,https://en.wikipedia.org/wiki/Slave_Play,Kaneisha,,,,,
2020,74th Tony Awards,/wiki/74th_Tony_Awards,False,Mary-Louise Parker,https://en.wikipedia.org/wiki/Mary-Louise_Parker,The Sound Inside,https://en.wikipedia.org/wiki/The_Sound_Inside_(play),Bella Baird,,,,,
