year,season,season_link,winner,actor,actor_link,role,role_link,play,play_link
1947,1947,/wiki/1st_Tony_Awards,False,Jose Ferrer,https://en.wikipedia.org/wiki/Jose_Ferrer,Cyrano De Bergerac,https://en.wikipedia.org/wiki/Cyrano_De_Bergerac,Cyrano de Bergerac,https://en.wikipedia.org/wiki/Cyrano_de_Bergerac_(play)
1947,1947,/wiki/1st_Tony_Awards,True,Fredrick March,https://en.wikipedia.org/wiki/Fredrick_March,Clinton Jones,,Years Ago,
1948,1948,/wiki/2nd_Tony_Awards,False,Henry Fonda,https://en.wikipedia.org/wiki/Henry_Fonda,Lt. Roberts,,Mister Roberts,https://en.wikipedia.org/wiki/Mister_Roberts_(play)
1948,1948,/wiki/2nd_Tony_Awards,True,Paul Kelly,https://en.wikipedia.org/wiki/Paul_Kelly_(actor),Brigadier General K.C. Dennis,,Command Decision,https://en.wikipedia.org/wiki/Command_Decision_(play)
1948,1948,/wiki/2nd_Tony_Awards,True,Basil Rathbone,https://en.wikipedia.org/wiki/Basil_Rathbone,Dr. Austin Sloper,,The Heiress,https://en.wikipedia.org/wiki/The_Heiress_(1947_play)
1949,1949,/wiki/3rd_Tony_Awards,True,Rex Harrison,https://en.wikipedia.org/wiki/Rex_Harrison,Henry VIII,https://en.wikipedia.org/wiki/Henry_VIII_of_England,Anne of the Thousand Days,
1950,1950,/wiki/4th_Tony_Awards,True,Sidney Blackmer,https://en.wikipedia.org/wiki/Sidney_Blackmer,Doc,,"Come Back, Little Sheba","https://en.wikipedia.org/wiki/Come_Back,_Little_Sheba_(play)"
1951,1951,/wiki/5th_Tony_Awards,True,Claude Rains,https://en.wikipedia.org/wiki/Claude_Rains,Rubashov,,Darkness at Noon,https://en.wikipedia.org/wiki/Darkness_at_Noon
1952,1952,/wiki/6th_Tony_Awards,True,José Ferrer,https://en.wikipedia.org/wiki/Jos%C3%A9_Ferrer,Jim Downs,,The Shrike,https://en.wikipedia.org/wiki/The_Shrike_(play)
1953,1953,/wiki/7th_Tony_Awards,True,Tom Ewell,https://en.wikipedia.org/wiki/Tom_Ewell,Richard Sherman,,The Seven Year Itch,https://en.wikipedia.org/wiki/The_Seven_Year_Itch_(play)
1954,1954,/wiki/8th_Tony_Awards,True,David Wayne,https://en.wikipedia.org/wiki/David_Wayne,Sakini,,The Teahouse of the August Moon,https://en.wikipedia.org/wiki/The_Teahouse_of_the_August_Moon_(play)
1955,1955,/wiki/9th_Tony_Awards,True,Alfred Lunt,https://en.wikipedia.org/wiki/Alfred_Lunt,Diensen,,Quadrille,https://en.wikipedia.org/wiki/Quadrille_(play)
1956,1956,/wiki/10th_Tony_Awards,True,Paul Muni,https://en.wikipedia.org/wiki/Paul_Muni,Henry Drummond,,Inherit the Wind,https://en.wikipedia.org/wiki/Inherit_the_Wind_(play)
1956,1956,/wiki/10th_Tony_Awards,False,Ben Gazzara,https://en.wikipedia.org/wiki/Ben_Gazzara,Johnny Pope,,A Hatful of Rain,https://en.wikipedia.org/wiki/A_Hatful_of_Rain
1956,1956,/wiki/10th_Tony_Awards,False,Boris Karloff,https://en.wikipedia.org/wiki/Boris_Karloff,Pierre Cauchon,https://en.wikipedia.org/wiki/Pierre_Cauchon,The Lark,https://en.wikipedia.org/wiki/The_Lark_(play)
1956,1956,/wiki/10th_Tony_Awards,False,Michael Redgrave,https://en.wikipedia.org/wiki/Michael_Redgrave,Hector,,Tiger at the Gates,https://en.wikipedia.org/wiki/The_Trojan_War_Will_Not_Take_Place
1956,1956,/wiki/10th_Tony_Awards,False,Edward G. Robinson,https://en.wikipedia.org/wiki/Edward_G._Robinson,The Manufacturer,,Middle of the Night,https://en.wikipedia.org/wiki/Middle_of_the_Night
1957,1957,/wiki/11th_Tony_Awards,False,Cyril Ritchard,https://en.wikipedia.org/wiki/Cyril_Ritchard,Kreton,,Visit to a Small Planet,https://en.wikipedia.org/wiki/Visit_to_a_Small_Planet
1957,1957,/wiki/11th_Tony_Awards,False,Ralph Richardson,https://en.wikipedia.org/wiki/Ralph_Richardson,General St. Pé,,The Waltz of the Toreadors,https://en.wikipedia.org/wiki/The_Waltz_of_the_Toreadors
1957,1957,/wiki/11th_Tony_Awards,False,Eric Portman,https://en.wikipedia.org/wiki/Eric_Portman,Mr. Malcolm / Major Pollock,,Separate Tables,https://en.wikipedia.org/wiki/Separate_Tables
1957,1957,/wiki/11th_Tony_Awards,False,Maurice Evans,https://en.wikipedia.org/wiki/Maurice_Evans_(actor),King Magnus,,The Apple Cart,https://en.wikipedia.org/wiki/The_Apple_Cart
1957,1957,/wiki/11th_Tony_Awards,True,Fredric March,https://en.wikipedia.org/wiki/Fredric_March,James Tyrone Sr.,,Long Day's Journey into Night,https://en.wikipedia.org/wiki/Long_Day%27s_Journey_into_Night
1957,1957,/wiki/11th_Tony_Awards,False,Wilfrid Hyde-White,https://en.wikipedia.org/wiki/Wilfrid_Hyde-White,Jimmy Broadbent,,The Reluctant Debutante,https://en.wikipedia.org/wiki/The_Reluctant_Debutante_(play)
1958,1958,/wiki/12th_Tony_Awards,False,Emlyn Williams,https://en.wikipedia.org/wiki/Emlyn_Williams,Himself,,A Boy Growing Up,
1958,1958,/wiki/12th_Tony_Awards,True,Ralph Bellamy,https://en.wikipedia.org/wiki/Ralph_Bellamy,Franklin D. Roosevelt,https://en.wikipedia.org/wiki/Franklin_D._Roosevelt,Sunrise at Campobello,https://en.wikipedia.org/wiki/Sunrise_at_Campobello_(play)
1958,1958,/wiki/12th_Tony_Awards,False,Richard Burton,https://en.wikipedia.org/wiki/Richard_Burton,Prince Albert,,Time Remembered,https://en.wikipedia.org/wiki/L%C3%A9ocadia
1958,1958,/wiki/12th_Tony_Awards,False,Hugh Griffith,https://en.wikipedia.org/wiki/Hugh_Griffith,W.O. Gant,,"Look Homeward, Angel","https://en.wikipedia.org/wiki/Look_Homeward,_Angel_(play)"
1958,1958,/wiki/12th_Tony_Awards,False,Laurence Olivier,https://en.wikipedia.org/wiki/Laurence_Olivier,Archie,,The Entertainer,https://en.wikipedia.org/wiki/The_Entertainer_(play)
1958,1958,/wiki/12th_Tony_Awards,False,Anthony Perkins,https://en.wikipedia.org/wiki/Anthony_Perkins,Eugene Gant,,"Look Homeward, Angel","https://en.wikipedia.org/wiki/Look_Homeward,_Angel_(play)"
1958,1958,/wiki/12th_Tony_Awards,False,Peter Ustinov,https://en.wikipedia.org/wiki/Peter_Ustinov,The General,,Romanoff and Juliet,https://en.wikipedia.org/wiki/Romanoff_and_Juliet_(play)
1959,1959,/wiki/12th_Tony_Awards,True,Jason Robards,https://en.wikipedia.org/wiki/Jason_Robards,Manley Halliday,,The Disenchanted,
1959,1959,/wiki/12th_Tony_Awards,False,Cedric Hardwicke,https://en.wikipedia.org/wiki/Cedric_Hardwicke,Koichi Asano,,A Majority of One,https://en.wikipedia.org/wiki/A_Majority_of_One
1959,1959,/wiki/12th_Tony_Awards,False,Alfred Lunt,https://en.wikipedia.org/wiki/Alfred_Lunt,Anton Schill,,The Visit,https://en.wikipedia.org/wiki/The_Visit_(play)
1959,1959,/wiki/12th_Tony_Awards,False,Christopher Plummer,https://en.wikipedia.org/wiki/Christopher_Plummer,Nickles,,J.B.,https://en.wikipedia.org/wiki/J.B._(play)
1959,1959,/wiki/12th_Tony_Awards,False,Cyril Ritchard,https://en.wikipedia.org/wiki/Cyril_Ritchard,Biddeford Poole,,The Pleasure of His Company,
1959,1959,/wiki/12th_Tony_Awards,False,Robert Stephens,https://en.wikipedia.org/wiki/Robert_Stephens,George Dillon,,Epitaph for George Dillon,https://en.wikipedia.org/wiki/Epitaph_for_George_Dillon
1960,1960,/wiki/14th_Tony_Awards,False,Lee Tracy,https://en.wikipedia.org/wiki/Lee_Tracy,Arthur Hockstader,,The Best Man,
1960,1960,/wiki/14th_Tony_Awards,False,George C. Scott,https://en.wikipedia.org/wiki/George_C._Scott,Lt. Col. N. P. Chipman,,The Andersonville Trial,https://en.wikipedia.org/wiki/The_Andersonville_Trial
1960,1960,/wiki/14th_Tony_Awards,False,Sidney Poitier,https://en.wikipedia.org/wiki/Sidney_Poitier,Walter Lee Younger,,A Raisin in the Sun,https://en.wikipedia.org/wiki/A_Raisin_in_the_Sun
1960,1960,/wiki/14th_Tony_Awards,True,Melvyn Douglas,https://en.wikipedia.org/wiki/Melvyn_Douglas,William Russell,,The Best Man,https://en.wikipedia.org/wiki/The_Best_Man_(play)
1960,1960,/wiki/14th_Tony_Awards,False,Jason Robards,https://en.wikipedia.org/wiki/Jason_Robards,Julian Berniers,,Toys in the Attic,https://en.wikipedia.org/wiki/Toys_in_the_Attic_(play)
1961,1961,/wiki/15th_Tony_Awards,True,Zero Mostel,https://en.wikipedia.org/wiki/Zero_Mostel,John,,Rhinocéros,https://en.wikipedia.org/wiki/Rhinoceros_(play)
1961,1961,/wiki/15th_Tony_Awards,False,Hume Cronyn,https://en.wikipedia.org/wiki/Hume_Cronyn,Jimmie Luton,,"Big Fish, Little Fish",
1961,1961,/wiki/15th_Tony_Awards,False,Anthony Quinn,https://en.wikipedia.org/wiki/Anthony_Quinn,Henry II,https://en.wikipedia.org/wiki/Henry_II_of_England,Becket,https://en.wikipedia.org/wiki/Becket
1961,1961,/wiki/15th_Tony_Awards,False,Sam Levene,https://en.wikipedia.org/wiki/Sam_Levene,Dr. Aldo Meyer,,The Devil's Advocate,
1962,1962,/wiki/16th_Tony_Awards,True,Paul Scofield,https://en.wikipedia.org/wiki/Paul_Scofield,Sir Thomas More,https://en.wikipedia.org/wiki/Thomas_More,A Man for All Seasons,https://en.wikipedia.org/wiki/A_Man_for_All_Seasons
1962,1962,/wiki/16th_Tony_Awards,False,Fredric March,https://en.wikipedia.org/wiki/Fredric_March,Angel,,Gideon,https://en.wikipedia.org/wiki/Gideon_(play)
1962,1962,/wiki/16th_Tony_Awards,False,John Mills,https://en.wikipedia.org/wiki/John_Mills,Aircraftman Ross,,Ross,https://en.wikipedia.org/wiki/Ross_(play)
1962,1962,/wiki/16th_Tony_Awards,False,Donald Pleasence,https://en.wikipedia.org/wiki/Donald_Pleasence,Davies,,The Caretaker,https://en.wikipedia.org/wiki/The_Caretaker
1963,1963,/wiki/17th_Tony_Awards,True,Arthur Hill,https://en.wikipedia.org/wiki/Arthur_Hill_(actor),George,,Who's Afraid of Virginia Woolf?,https://en.wikipedia.org/wiki/Who%27s_Afraid_of_Virginia_Woolf%3F
1963,1963,/wiki/17th_Tony_Awards,False,Charles Boyer,https://en.wikipedia.org/wiki/Charles_Boyer,Lord Pengo,,Lord Pengo,
1963,1963,/wiki/17th_Tony_Awards,False,Paul Ford,https://en.wikipedia.org/wiki/Paul_Ford,Harry Lambert,,Never Too Late,
1963,1963,/wiki/17th_Tony_Awards,False,Bert Lahr,https://en.wikipedia.org/wiki/Bert_Lahr,Various Characters,,The Beauty Part,https://en.wikipedia.org/wiki/The_Beauty_Part
1964,1964,/wiki/18th_Tony_Awards,False,Jason Robards,https://en.wikipedia.org/wiki/Jason_Robards,Quentin,,After the Fall,https://en.wikipedia.org/wiki/After_the_Fall_(play)
1964,1964,/wiki/18th_Tony_Awards,False,Albert Finney,https://en.wikipedia.org/wiki/Albert_Finney,Martin Luther,https://en.wikipedia.org/wiki/Martin_Luther,Luther,https://en.wikipedia.org/wiki/Luther_(play)
1964,1964,/wiki/18th_Tony_Awards,False,Richard Burton,https://en.wikipedia.org/wiki/Richard_Burton,Hamlet,https://en.wikipedia.org/wiki/Prince_Hamlet,Hamlet,https://en.wikipedia.org/wiki/Hamlet
1964,1964,/wiki/18th_Tony_Awards,True,Alec Guinness,https://en.wikipedia.org/wiki/Alec_Guinness,Dylan Thomas,https://en.wikipedia.org/wiki/Dylan_Thomas,Dylan,https://en.wikipedia.org/wiki/Dylan_(play)
1965,1965,/wiki/19th_Tony_Awards,True,Walter Matthau,https://en.wikipedia.org/wiki/Walter_Matthau,Oscar Madison,,The Odd Couple,https://en.wikipedia.org/wiki/The_Odd_Couple_(play)
1965,1965,/wiki/19th_Tony_Awards,False,John Gielgud,https://en.wikipedia.org/wiki/John_Gielgud,Julian,,Tiny Alice,https://en.wikipedia.org/wiki/Tiny_Alice
1965,1965,/wiki/19th_Tony_Awards,False,Donald Pleasence,https://en.wikipedia.org/wiki/Donald_Pleasence,Bitos (Robespieere),,Poor Bitos,
1965,1965,/wiki/19th_Tony_Awards,False,Jason Robards,https://en.wikipedia.org/wiki/Jason_Robards,"""Erie"" Smith",,Hughie,https://en.wikipedia.org/wiki/Hughie
1966,1966,/wiki/20th_Tony_Awards,True,Hal Holbrook,https://en.wikipedia.org/wiki/Hal_Holbrook,Mark Twain,https://en.wikipedia.org/wiki/Mark_Twain,Mark Twain Tonight!,https://en.wikipedia.org/wiki/Mark_Twain_Tonight!
1966,1966,/wiki/20th_Tony_Awards,False,Patrick Bedford&Donal Donnelly,https://en.wikipedia.org/wiki/Patrick_Bedford,Gareth O'Donnell,,"Philadelphia, Here I Come!","https://en.wikipedia.org/wiki/Philadelphia,_Here_I_Come!"
1966,1966,/wiki/20th_Tony_Awards,False,Roland Culver,https://en.wikipedia.org/wiki/Roland_Culver,Pavel Lebedev,,Ivanov,https://en.wikipedia.org/wiki/Ivanov_(play)
1966,1966,/wiki/20th_Tony_Awards,False,Nicol Williamson,https://en.wikipedia.org/wiki/Nicol_Williamson,Bill Maitland,,Inadmissible Evidence,https://en.wikipedia.org/wiki/Inadmissible_Evidence
1967,1967,/wiki/21st_Tony_Awards,True,Paul Rogers,https://en.wikipedia.org/wiki/Paul_Rogers_(actor),Max,,The Homecoming,https://en.wikipedia.org/wiki/The_Homecoming
1967,1967,/wiki/21st_Tony_Awards,False,Hume Cronyn,https://en.wikipedia.org/wiki/Hume_Cronyn,Tobias,,A Delicate Balance,https://en.wikipedia.org/wiki/A_Delicate_Balance_(play)
1967,1967,/wiki/21st_Tony_Awards,False,Donald Madden,https://en.wikipedia.org/wiki/Donald_Madden,Harold Gorringe,,Black Comedy,https://en.wikipedia.org/wiki/Black_Comedy_(play)
1967,1967,/wiki/21st_Tony_Awards,False,Donald Moffat,https://en.wikipedia.org/wiki/Donald_Moffat,Laudisi,,Right You Are (If You Think You Are),https://en.wikipedia.org/wiki/Right_You_Are_(If_You_Think_You_Are)
1967,1967,/wiki/21st_Tony_Awards,False,Donald Moffat,https://en.wikipedia.org/wiki/Donald_Moffat,Hjalmar Ekdal,,The Wild Duck,https://en.wikipedia.org/wiki/The_Wild_Duck
1968,1968,/wiki/22nd_Tony_Awards,False,Milo O'Shea,https://en.wikipedia.org/wiki/Milo_O%27Shea,Harry C. Leeds,,Staircase,https://en.wikipedia.org/wiki/Staircase_(play)
1968,1968,/wiki/22nd_Tony_Awards,False,Alan Webb,https://en.wikipedia.org/wiki/Alan_Webb_(actor),Tom Garrison,,I Never Sang for My Father,https://en.wikipedia.org/wiki/I_Never_Sang_for_My_Father
1968,1968,/wiki/22nd_Tony_Awards,True,Martin Balsam,https://en.wikipedia.org/wiki/Martin_Balsam,Various Characters,,You Know I Can't Hear You When the Water's Running,https://en.wikipedia.org/wiki/You_Know_I_Can%27t_Hear_You_When_the_Water%27s_Running
1968,1968,/wiki/22nd_Tony_Awards,False,Albert Finney,https://en.wikipedia.org/wiki/Albert_Finney,Bri,,A Day in the Death of Joe Egg,https://en.wikipedia.org/wiki/A_Day_in_the_Death_of_Joe_Egg
1969,1969,/wiki/23rd_Tony_Awards,False,Alec McCowen,https://en.wikipedia.org/wiki/Alec_McCowen,Fr. William Rolfe,,Hadrian the Seventh,https://en.wikipedia.org/wiki/Hadrian_the_Seventh
1969,1969,/wiki/23rd_Tony_Awards,False,Donald Pleasence,https://en.wikipedia.org/wiki/Donald_Pleasence,Arthur Goldman,,The Man in the Glass Booth,https://en.wikipedia.org/wiki/The_Man_in_the_Glass_Booth
1969,1969,/wiki/23rd_Tony_Awards,True,James Earl Jones,https://en.wikipedia.org/wiki/James_Earl_Jones,Jack Jefferson,,The Great White Hope,https://en.wikipedia.org/wiki/The_Great_White_Hope
1969,1969,/wiki/23rd_Tony_Awards,False,Art Carney,https://en.wikipedia.org/wiki/Art_Carney,Andy Tracey,,Lovers,https://en.wikipedia.org/wiki/Lovers_(play)
1970,1970,/wiki/24th_Tony_Awards,True,Fritz Weaver,https://en.wikipedia.org/wiki/Fritz_Weaver,Jerome Malley,,Child's Play,https://en.wikipedia.org/wiki/Child%27s_Play_(play)
1970,1970,/wiki/24th_Tony_Awards,False,James Coco,https://en.wikipedia.org/wiki/James_Coco,Barney Cashman,,The Last of the Red Hot Lovers,https://en.wikipedia.org/wiki/The_Last_of_the_Red_Hot_Lovers
1970,1970,/wiki/24th_Tony_Awards,False,Frank Grimes,https://en.wikipedia.org/wiki/Frank_Grimes_(actor),Young Behan,,Borstal Boy,https://en.wikipedia.org/wiki/Borstal_Boy
1970,1970,/wiki/24th_Tony_Awards,False,Stacy Keach,https://en.wikipedia.org/wiki/Stacy_Keach,Buffalo Bill,,Indians,https://en.wikipedia.org/wiki/Indians_(play)
1971,1971,/wiki/25th_Tony_Awards,True,Brian Bedford,https://en.wikipedia.org/wiki/Brian_Bedford,Arnolphe,,The School for Wives,https://en.wikipedia.org/wiki/The_School_for_Wives
1971,1971,/wiki/25th_Tony_Awards,False,John Gielgud,https://en.wikipedia.org/wiki/John_Gielgud,Harry,,Home,https://en.wikipedia.org/wiki/Home_(play)
1971,1971,/wiki/25th_Tony_Awards,False,Alec McCowen,https://en.wikipedia.org/wiki/Alec_McCowen,Philip,,The Philanthropist,https://en.wikipedia.org/wiki/The_Philanthropist_(play)
1971,1971,/wiki/25th_Tony_Awards,False,Ralph Richardson,https://en.wikipedia.org/wiki/Ralph_Richardson,Jack,,Home,
1972,1972,/wiki/26th_Tony_Awards,False,Jason Robards,https://en.wikipedia.org/wiki/Jason_Robards,Frank Elgin,,The Country Girl,https://en.wikipedia.org/wiki/The_Country_Girl_(1950_play)
1972,1972,/wiki/26th_Tony_Awards,False,Donald Pleasence,https://en.wikipedia.org/wiki/Donald_Pleasence,Mrs. Artminster,,Wise Child,https://en.wikipedia.org/wiki/Wise_Child
1972,1972,/wiki/26th_Tony_Awards,True,Cliff Gorman,https://en.wikipedia.org/wiki/Cliff_Gorman,Lenny Bruce,https://en.wikipedia.org/wiki/Lenny_Bruce,Lenny,
1972,1972,/wiki/26th_Tony_Awards,False,Tom Aldredge,https://en.wikipedia.org/wiki/Tom_Aldredge,Ozzie,,Sticks and Bones,https://en.wikipedia.org/wiki/Sticks_and_Bones
1973,1973,/wiki/27th_Tony_Awards,True,Alan Bates,https://en.wikipedia.org/wiki/Alan_Bates,Ben Butley,,Butley,https://en.wikipedia.org/wiki/Butley_(play)
1973,1973,/wiki/27th_Tony_Awards,False,Jack Albertson,https://en.wikipedia.org/wiki/Jack_Albertson,Willie Clark,,The Sunshine Boys,https://en.wikipedia.org/wiki/The_Sunshine_Boys
1973,1973,/wiki/27th_Tony_Awards,False,Wilfrid Hyde-White,https://en.wikipedia.org/wiki/Wilfrid_Hyde-White,Marquis of Candover,,The Jockey Club Stakes,https://en.wikipedia.org/wiki/The_Jockey_Club_Stakes
1973,1973,/wiki/27th_Tony_Awards,False,Paul Sorvino,https://en.wikipedia.org/wiki/Paul_Sorvino,Phil Romano,,That Championship Season,https://en.wikipedia.org/wiki/That_Championship_Season
1974,1974,/wiki/28th_Tony_Awards,False,Nicol Williamson,https://en.wikipedia.org/wiki/Nicol_Williamson,Ivan Petrovich Voinitsky,,Uncle Vanya,https://en.wikipedia.org/wiki/Uncle_Vanya
1974,1974,/wiki/28th_Tony_Awards,False,George C. Scott,https://en.wikipedia.org/wiki/George_C._Scott,Mikhail lvovich Astrov,,Uncle Vanya,https://en.wikipedia.org/wiki/Uncle_Vanya
1974,1974,/wiki/28th_Tony_Awards,False,Zero Mostel,https://en.wikipedia.org/wiki/Zero_Mostel,Leopold Bloom,,Ulysses in Nighttown,https://en.wikipedia.org/wiki/Ulysses_in_Nighttown
1974,1974,/wiki/28th_Tony_Awards,True,Michael Moriarty,https://en.wikipedia.org/wiki/Michael_Moriarty,Julian Weston,,Find Your Way Home,
1974,1974,/wiki/28th_Tony_Awards,False,Jason Robards,https://en.wikipedia.org/wiki/Jason_Robards,James Tyrone Jr.,,A Moon for the Misbegotten,https://en.wikipedia.org/wiki/A_Moon_for_the_Misbegotten
1975,1975,/wiki/29th_Tony_Awards,True,John Kani&Winston Ntshona,https://en.wikipedia.org/wiki/John_Kani,Various Characters,,Sizwe Banzi Is Dead/The Island,https://en.wikipedia.org/wiki/Sizwe_Banzi_Is_Dead
1975,1975,/wiki/29th_Tony_Awards,False,Jim Dale,https://en.wikipedia.org/wiki/Jim_Dale,Scapino,,Scapino!,https://en.wikipedia.org/wiki/Scapino!
1975,1975,/wiki/29th_Tony_Awards,False,Peter Firth,https://en.wikipedia.org/wiki/Peter_Firth,Alan Strang,,Equus,https://en.wikipedia.org/wiki/Equus_(play)
1975,1975,/wiki/29th_Tony_Awards,False,Henry Fonda,https://en.wikipedia.org/wiki/Henry_Fonda,Clarence Darrow,https://en.wikipedia.org/wiki/Clarence_Darrow,Clarence Darrow,
1975,1975,/wiki/29th_Tony_Awards,False,Ben Gazzara,https://en.wikipedia.org/wiki/Ben_Gazzara,"""Erie"" Smith",,Hughie and Duet,
1975,1975,/wiki/29th_Tony_Awards,False,John Wood,https://en.wikipedia.org/wiki/John_Wood_(English_actor),Sherlock Holmes,https://en.wikipedia.org/wiki/Sherlock_Holmes,Sherlock Holmes,https://en.wikipedia.org/wiki/Sherlock_Holmes_(play)
1976,1976,/wiki/30th_Tony_Awards,False,Donald Sinden,https://en.wikipedia.org/wiki/Donald_Sinden,Arthur Wicksteed,,Habeas Corpus,https://en.wikipedia.org/wiki/Habeas_Corpus_(play)
1976,1976,/wiki/30th_Tony_Awards,False,George C. Scott,https://en.wikipedia.org/wiki/George_C._Scott,Willy Loman,https://en.wikipedia.org/wiki/Willy_Loman,Death of a Salesman,https://en.wikipedia.org/wiki/Death_of_a_Salesman
1976,1976,/wiki/30th_Tony_Awards,True,John Wood,https://en.wikipedia.org/wiki/John_Wood_(English_actor),Henry Carr,,Travesties,https://en.wikipedia.org/wiki/Travesties
1976,1976,/wiki/30th_Tony_Awards,False,Moses Gunn,https://en.wikipedia.org/wiki/Moses_Gunn,Benjamin Hurspool,,The Poison Tree,
1977,1977,/wiki/31st_Tony_Awards,False,Ralph Richardson,https://en.wikipedia.org/wiki/Ralph_Richardson,Hirst,,No Man's Land,https://en.wikipedia.org/wiki/No_Man%27s_Land_(play)
1977,1977,/wiki/31st_Tony_Awards,True,Al Pacino,https://en.wikipedia.org/wiki/Al_Pacino,Pavlo Hummel,,The Basic Training of Pavlo Hummel,https://en.wikipedia.org/wiki/The_Basic_Training_of_Pavlo_Hummel
1977,1977,/wiki/31st_Tony_Awards,False,Tom Courtenay,https://en.wikipedia.org/wiki/Tom_Courtenay,Simon,,Otherwise Engaged,https://en.wikipedia.org/wiki/Otherwise_Engaged
1977,1977,/wiki/31st_Tony_Awards,False,Ben Gazzara,https://en.wikipedia.org/wiki/Ben_Gazzara,George,,Who's Afraid of Virginia Woolf?,https://en.wikipedia.org/wiki/Who%27s_Afraid_of_Virginia_Woolf%3F
1978,1978,/wiki/32nd_Tony_Awards,False,Jason Robards,https://en.wikipedia.org/wiki/Jason_Robards,Cornelius Melody,,A Touch of the Poet,https://en.wikipedia.org/wiki/A_Touch_of_the_Poet
1978,1978,/wiki/32nd_Tony_Awards,False,Frank Langella,https://en.wikipedia.org/wiki/Frank_Langella,Dracula,https://en.wikipedia.org/wiki/Count_Dracula,Dracula,https://en.wikipedia.org/wiki/Dracula_(1924_play)
1978,1978,/wiki/32nd_Tony_Awards,True,Barnard Hughes,https://en.wikipedia.org/wiki/Barnard_Hughes,Da,,Da,https://en.wikipedia.org/wiki/Da_(play)
1978,1978,/wiki/32nd_Tony_Awards,False,Hume Cronyn,https://en.wikipedia.org/wiki/Hume_Cronyn,Weller Martin,,The Gin Game,https://en.wikipedia.org/wiki/The_Gin_Game
1979,1979,/wiki/33rd_Tony_Awards,True,Tom Conti,https://en.wikipedia.org/wiki/Tom_Conti,Ken Harrison,,Whose Life Is It Anyway?,https://en.wikipedia.org/wiki/Whose_Life_Is_It_Anyway%3F_(play)
1979,1979,/wiki/33rd_Tony_Awards,False,Philip Anglim,https://en.wikipedia.org/wiki/Philip_Anglim,John Merrick,https://en.wikipedia.org/wiki/Joseph_Merrick,The Elephant Man,https://en.wikipedia.org/wiki/The_Elephant_Man_(play)
1979,1979,/wiki/33rd_Tony_Awards,False,Jack Lemmon,https://en.wikipedia.org/wiki/Jack_Lemmon,Scottie Templeton,,Tribute,https://en.wikipedia.org/wiki/Tribute_(play)
1979,1979,/wiki/33rd_Tony_Awards,False,Alec McCowen,https://en.wikipedia.org/wiki/Alec_McCowen,Mark,,St. Mark's Gospel,
1980,1980,/wiki/34th_Tony_Awards,False,Gerald Hiken,https://en.wikipedia.org/wiki/Gerald_Hiken,Strider,,Strider,
1980,1980,/wiki/34th_Tony_Awards,False,Judd Hirsch,https://en.wikipedia.org/wiki/Judd_Hirsch,Matt Friedman,,Talley's Folly,https://en.wikipedia.org/wiki/Talley%27s_Folly
1980,1980,/wiki/34th_Tony_Awards,True,John Rubinstein,https://en.wikipedia.org/wiki/John_Rubinstein,James Leeds,,Children of a Lesser God,https://en.wikipedia.org/wiki/Children_of_a_Lesser_God_(play)
1980,1980,/wiki/34th_Tony_Awards,False,Charles Brown,https://en.wikipedia.org/wiki/Charles_Brown_(actor),Cephus Miles,,Home,
1981,1981,/wiki/35th_Tony_Awards,False,Tim Curry,https://en.wikipedia.org/wiki/Tim_Curry,Wolfgang Amadeus Mozart,https://en.wikipedia.org/wiki/Wolfgang_Amadeus_Mozart,Amadeus,
1981,1981,/wiki/35th_Tony_Awards,False,Roy Dotrice,https://en.wikipedia.org/wiki/Roy_Dotrice,Drumm,,A Life,https://en.wikipedia.org/wiki/A_Life_(play)
1981,1981,/wiki/35th_Tony_Awards,False,Jack Weston,https://en.wikipedia.org/wiki/Jack_Weston,Jerry Wexler,,The Floating Light Bulb,https://en.wikipedia.org/wiki/The_Floating_Light_Bulb
1981,1981,/wiki/35th_Tony_Awards,True,Ian McKellen,https://en.wikipedia.org/wiki/Ian_McKellen,Antonio Salieri,https://en.wikipedia.org/wiki/Antonio_Salieri,Amadeus,https://en.wikipedia.org/wiki/Amadeus_(play)
1982,1982,/wiki/36th_Tony_Awards,True,Roger Rees,https://en.wikipedia.org/wiki/Roger_Rees,Nicholas Nickleby,,The Life and Adventures of Nicholas Nickleby,https://en.wikipedia.org/wiki/The_Life_and_Adventures_of_Nicholas_Nickleby_(play)
1982,1982,/wiki/36th_Tony_Awards,False,Tom Courtenay,https://en.wikipedia.org/wiki/Tom_Courtenay,Norman,,The Dresser,https://en.wikipedia.org/wiki/The_Dresser
1982,1982,/wiki/36th_Tony_Awards,False,Milo O'Shea,https://en.wikipedia.org/wiki/Milo_O%27Shea,Father Tim Farley,,Mass Appeal,https://en.wikipedia.org/wiki/Mass_Appeal_(play)
1982,1982,/wiki/36th_Tony_Awards,False,Christopher Plummer,https://en.wikipedia.org/wiki/Christopher_Plummer,Iago,https://en.wikipedia.org/wiki/Iago,Othello,https://en.wikipedia.org/wiki/Othello
1983,1983,/wiki/37th_Tony_Awards,False,Edward Herrmann,https://en.wikipedia.org/wiki/Edward_Herrmann,Raymond Brock,,Plenty,https://en.wikipedia.org/wiki/Plenty_(play)
1983,1983,/wiki/37th_Tony_Awards,False,Tony Lo Bianco,https://en.wikipedia.org/wiki/Tony_Lo_Bianco,Eddie,,A View from the Bridge,https://en.wikipedia.org/wiki/A_View_from_the_Bridge
1983,1983,/wiki/37th_Tony_Awards,False,Jeffrey DeMunn,https://en.wikipedia.org/wiki/Jeffrey_DeMunn,Taylor,,K2,
1983,1983,/wiki/37th_Tony_Awards,True,Harvey Fierstein,https://en.wikipedia.org/wiki/Harvey_Fierstein,Arnold Beckoff,,Torch Song Trilogy,https://en.wikipedia.org/wiki/Torch_Song_Trilogy
1984,1984,/wiki/38th_Tony_Awards,True,Jeremy Irons,https://en.wikipedia.org/wiki/Jeremy_Irons,Henry,,The Real Thing,https://en.wikipedia.org/wiki/The_Real_Thing_(play)
1984,1984,/wiki/38th_Tony_Awards,False,Rex Harrison,https://en.wikipedia.org/wiki/Rex_Harrison,Captain Shotover,,Heartbreak House,https://en.wikipedia.org/wiki/Heartbreak_House
1984,1984,/wiki/38th_Tony_Awards,False,Calvin Levels,https://en.wikipedia.org/wiki/Calvin_Levels,Calvin Jefferson,,Open Admissions,https://en.wikipedia.org/wiki/Open_Admissions
1984,1984,/wiki/38th_Tony_Awards,False,Ian McKellen,https://en.wikipedia.org/wiki/Ian_McKellen,Himself,,Ian McKellen Acting Shakespeare,https://en.wikipedia.org/wiki/Ian_McKellen_Acting_Shakespeare
1985,1985,/wiki/39th_Tony_Awards,False,John Lithgow,https://en.wikipedia.org/wiki/John_Lithgow,"Harlan ""Mountain"" McClintock",,Requiem for a Heavyweight,https://en.wikipedia.org/wiki/Requiem_for_a_Heavyweight
1985,1985,/wiki/39th_Tony_Awards,True,Derek Jacobi,https://en.wikipedia.org/wiki/Derek_Jacobi,Benedick,,Much Ado About Nothing,https://en.wikipedia.org/wiki/Much_Ado_About_Nothing
1985,1985,/wiki/39th_Tony_Awards,False,Jim Dale,https://en.wikipedia.org/wiki/Jim_Dale,Bri,,A Day in the Death of Joe Egg,https://en.wikipedia.org/wiki/A_Day_in_the_Death_of_Joe_Egg
1985,1985,/wiki/39th_Tony_Awards,False,Jonathan Hogan,https://en.wikipedia.org/wiki/Jonathan_Hogan,Rich,,As Is,https://en.wikipedia.org/wiki/As_Is_(play)
1986,1986,/wiki/40th_Tony_Awards,False,Jack Lemmon,https://en.wikipedia.org/wiki/Jack_Lemmon,James Tyrone Sr.,,Long Day's Journey into Night,https://en.wikipedia.org/wiki/Long_Day%27s_Journey_into_Night
1986,1986,/wiki/40th_Tony_Awards,False,Ed Harris,https://en.wikipedia.org/wiki/Ed_Harris,Fred,,Precious Sons,
1986,1986,/wiki/40th_Tony_Awards,True,Judd Hirsch,https://en.wikipedia.org/wiki/Judd_Hirsch,Nat,,I'm Not Rappaport,https://en.wikipedia.org/wiki/I%27m_Not_Rappaport
1986,1986,/wiki/40th_Tony_Awards,False,Hume Cronyn,https://en.wikipedia.org/wiki/Hume_Cronyn,General Sir Edmund Milne,,The Petition,
1987,1987,/wiki/41st_Tony_Awards,False,Richard Kiley,https://en.wikipedia.org/wiki/Richard_Kiley,Joe Keller,,All My Sons,https://en.wikipedia.org/wiki/All_My_Sons
1987,1987,/wiki/41st_Tony_Awards,True,James Earl Jones,https://en.wikipedia.org/wiki/James_Earl_Jones,Troy Maxson,,Fences,https://en.wikipedia.org/wiki/Fences_(play)
1987,1987,/wiki/41st_Tony_Awards,False,Philip Bosco,https://en.wikipedia.org/wiki/Philip_Bosco,Waiter,,You Never Can Tell,https://en.wikipedia.org/wiki/You_Never_Can_Tell_(play)
1987,1987,/wiki/41st_Tony_Awards,False,Alan Rickman,https://en.wikipedia.org/wiki/Alan_Rickman,Le Vicomte de Valmont,,Les Liaisons Dangereuses,https://en.wikipedia.org/wiki/Les_liaisons_dangereuses_(play)
1988,1988,/wiki/42nd_Tony_Awards,False,Robert Prosky,https://en.wikipedia.org/wiki/Robert_Prosky,Andrey Botvinnik,,A Walk in the Woods,https://en.wikipedia.org/wiki/A_Walk_in_the_Woods_(play)
1988,1988,/wiki/42nd_Tony_Awards,False,John Lithgow,https://en.wikipedia.org/wiki/John_Lithgow,Rene Gallimard,,M. Butterfly,https://en.wikipedia.org/wiki/M._Butterfly
1988,1988,/wiki/42nd_Tony_Awards,True,Ron Silver,https://en.wikipedia.org/wiki/Ron_Silver,Charlie Fox,,Speed-the-Plow,https://en.wikipedia.org/wiki/Speed-the-Plow
1988,1988,/wiki/42nd_Tony_Awards,False,Derek Jacobi,https://en.wikipedia.org/wiki/Derek_Jacobi,Alan Turing,https://en.wikipedia.org/wiki/Alan_Turing,Breaking the Code,https://en.wikipedia.org/wiki/Breaking_the_Code
1989,1989,/wiki/43rd_Tony_Awards,True,Philip Bosco,https://en.wikipedia.org/wiki/Philip_Bosco,Saunders,,Lend Me a Tenor,https://en.wikipedia.org/wiki/Lend_Me_a_Tenor
1989,1989,/wiki/43rd_Tony_Awards,False,Mikhail Baryshnikov,https://en.wikipedia.org/wiki/Mikhail_Baryshnikov,Gregor Samsa,,Metamorphosis,https://en.wikipedia.org/wiki/The_Metamorphosis
1989,1989,/wiki/43rd_Tony_Awards,False,Victor Garber,https://en.wikipedia.org/wiki/Victor_Garber,Max,,Lend Me a Tenor,
1989,1989,/wiki/43rd_Tony_Awards,False,Bill Irwin,https://en.wikipedia.org/wiki/Bill_Irwin,The Post-Modern Hoofer,,Largely New York,
1990,1990,/wiki/44th_Tony_Awards,False,Dustin Hoffman,https://en.wikipedia.org/wiki/Dustin_Hoffman,Shylock,https://en.wikipedia.org/wiki/Shylock,The Merchant of Venice,https://en.wikipedia.org/wiki/The_Merchant_of_Venice
1990,1990,/wiki/44th_Tony_Awards,False,Tom Hulce,https://en.wikipedia.org/wiki/Tom_Hulce,"LieutenantDaniel Kaffee,USN,JAG Corps",https://en.wikipedia.org/wiki/Lieutenant_(junior_grade),A Few Good Men,https://en.wikipedia.org/wiki/A_Few_Good_Men_(play)
1990,1990,/wiki/44th_Tony_Awards,True,Robert Morse,https://en.wikipedia.org/wiki/Robert_Morse,Truman Capote,https://en.wikipedia.org/wiki/Truman_Capote,Tru,https://en.wikipedia.org/wiki/Tru_(play)
1990,1990,/wiki/44th_Tony_Awards,False,Charles S. Dutton,https://en.wikipedia.org/wiki/Charles_S._Dutton,Boy Willie,,The Piano Lesson,https://en.wikipedia.org/wiki/The_Piano_Lesson
1991,1991,/wiki/45th_Tony_Awards,True,Nigel Hawthorne,https://en.wikipedia.org/wiki/Nigel_Hawthorne,C.S. Lewis,https://en.wikipedia.org/wiki/C.S._Lewis,Shadowlands,https://en.wikipedia.org/wiki/Shadowlands_(play)
1991,1991,/wiki/45th_Tony_Awards,False,Peter Frechette,https://en.wikipedia.org/wiki/Peter_Frechette,2nd Lieutenant Ralph Clark,,Our Country's Good,https://en.wikipedia.org/wiki/Our_Country%27s_Good
1991,1991,/wiki/45th_Tony_Awards,False,Tom McGowan,https://en.wikipedia.org/wiki/Tom_McGowan,Valere,,La Bête,https://en.wikipedia.org/wiki/La_B%C3%AAte_(play)
1991,1991,/wiki/45th_Tony_Awards,False,Courtney B. Vance,https://en.wikipedia.org/wiki/Courtney_B._Vance,Paul,,Six Degrees of Separation,https://en.wikipedia.org/wiki/Six_Degrees_of_Separation_(play)
1992,1992,/wiki/46th_Tony_Awards,False,Brian Bedford,https://en.wikipedia.org/wiki/Brian_Bedford,William Charles Macready,,Two Shakespearean Actors,
1992,1992,/wiki/46th_Tony_Awards,True,Judd Hirsch,https://en.wikipedia.org/wiki/Judd_Hirsch,Eddie,,Conversations with My Father,https://en.wikipedia.org/wiki/Conversations_with_My_Father
1992,1992,/wiki/46th_Tony_Awards,False,Alan Alda,https://en.wikipedia.org/wiki/Alan_Alda,Jake,,Jake's Women,https://en.wikipedia.org/wiki/Jake%27s_Women
1992,1992,/wiki/46th_Tony_Awards,False,Alec Baldwin,https://en.wikipedia.org/wiki/Alec_Baldwin,Stanley Kowalski,https://en.wikipedia.org/wiki/Stanley_Kowalski,A Streetcar Named Desire,https://en.wikipedia.org/wiki/A_Streetcar_Named_Desire_(play)
1993,1993,/wiki/47th_Tony_Awards,False,Stephen Rea,https://en.wikipedia.org/wiki/Stephen_Rea,Edward,,Someone Who'll Watch Over Me,https://en.wikipedia.org/wiki/Someone_Who%27ll_Watch_Over_Me
1993,1993,/wiki/47th_Tony_Awards,False,Liam Neeson,https://en.wikipedia.org/wiki/Liam_Neeson,Mat Burke,,Anna Christie,https://en.wikipedia.org/wiki/Anna_Christie
1993,1993,/wiki/47th_Tony_Awards,True,Ron Leibman,https://en.wikipedia.org/wiki/Ron_Leibman,"Roy Cohn,et al.",https://en.wikipedia.org/wiki/Roy_Cohn,Angels in America: Millennium Approaches,https://en.wikipedia.org/wiki/Angels_in_America:_A_Gay_Fantasia_on_National_Themes
1993,1993,/wiki/47th_Tony_Awards,False,K. Todd Freeman,https://en.wikipedia.org/wiki/K._Todd_Freeman,Jacob Zulu,,The Song of Jacob Zulu,https://en.wikipedia.org/wiki/The_Song_of_Jacob_Zulu
1994,1994,/wiki/48th_Tony_Awards,True,Stephen Spinella,https://en.wikipedia.org/wiki/Stephen_Spinella,Prior Walter,,Angels in America: Perestroika,https://en.wikipedia.org/wiki/Angels_in_America:_A_Gay_Fantasia_on_National_Themes
1994,1994,/wiki/48th_Tony_Awards,False,Brian Bedford,https://en.wikipedia.org/wiki/Brian_Bedford,Timon,https://en.wikipedia.org/wiki/Timon_of_Athens_(person),Timon of Athens,https://en.wikipedia.org/wiki/Timon_of_Athens
1994,1994,/wiki/48th_Tony_Awards,False,Christopher Plummer,https://en.wikipedia.org/wiki/Christopher_Plummer,Spooner,,No Man's Land,https://en.wikipedia.org/wiki/No_Man%27s_Land_(play)
1994,1994,/wiki/48th_Tony_Awards,False,Sam Waterston,https://en.wikipedia.org/wiki/Sam_Waterston,Abraham Lincoln,https://en.wikipedia.org/wiki/Abraham_Lincoln,Abe Lincoln in Illinois,https://en.wikipedia.org/wiki/Abe_Lincoln_in_Illinois_(play)
1995,1995,/wiki/49th_Tony_Awards,False,Joe Sears,,Various Characters,,A Tuna Christmas,https://en.wikipedia.org/wiki/A_Tuna_Christmas
1995,1995,/wiki/49th_Tony_Awards,True,Ralph Fiennes,https://en.wikipedia.org/wiki/Ralph_Fiennes,Prince Hamlet,https://en.wikipedia.org/wiki/Prince_Hamlet,Hamlet,https://en.wikipedia.org/wiki/Hamlet
1995,1995,/wiki/49th_Tony_Awards,False,Brian Bedford,https://en.wikipedia.org/wiki/Brian_Bedford,Sganarelle,,The Molière Comedies,
1995,1995,/wiki/49th_Tony_Awards,False,Roger Rees,https://en.wikipedia.org/wiki/Roger_Rees,George,,Indiscretions,https://en.wikipedia.org/wiki/Les_Parents_terribles
1996,1996,/wiki/50th_Tony_Awards,True,George Grizzard,https://en.wikipedia.org/wiki/George_Grizzard,Tobias,,A Delicate Balance,https://en.wikipedia.org/wiki/A_Delicate_Balance_(play)
1996,1996,/wiki/50th_Tony_Awards,False,Philip Bosco,https://en.wikipedia.org/wiki/Philip_Bosco,George Hay,,Moon Over Buffalo,https://en.wikipedia.org/wiki/Moon_Over_Buffalo
1996,1996,/wiki/50th_Tony_Awards,False,George C. Scott,https://en.wikipedia.org/wiki/George_C._Scott,Henry Drummond,,Inherit the Wind,https://en.wikipedia.org/wiki/Inherit_the_Wind_(play)
1996,1996,/wiki/50th_Tony_Awards,False,Martin Shaw,https://en.wikipedia.org/wiki/Martin_Shaw,Lord Goring,,An Ideal Husband,https://en.wikipedia.org/wiki/An_Ideal_Husband
1997,1997,/wiki/51st_Tony_Awards,False,Antony Sher,https://en.wikipedia.org/wiki/Antony_Sher,Stanley,https://en.wikipedia.org/wiki/Stanley_Spencer,Stanley,https://en.wikipedia.org/wiki/Stanley_(play)
1997,1997,/wiki/51st_Tony_Awards,False,Michael Gambon,https://en.wikipedia.org/wiki/Michael_Gambon,Tom Sergeant,,Skylight,https://en.wikipedia.org/wiki/Skylight_(play)
1997,1997,/wiki/51st_Tony_Awards,True,Christopher Plummer,https://en.wikipedia.org/wiki/Christopher_Plummer,John Barrymore,https://en.wikipedia.org/wiki/John_Barrymore,Barrymore,https://en.wikipedia.org/wiki/Barrymore_(play)
1997,1997,/wiki/51st_Tony_Awards,False,Brian Bedford,https://en.wikipedia.org/wiki/Brian_Bedford,Sir Harcourt Courtly,,London Assurance,https://en.wikipedia.org/wiki/London_Assurance
1998,1998,/wiki/52nd_Tony_Awards,False,Alfred Molina,https://en.wikipedia.org/wiki/Alfred_Molina,Yvan,,Art,https://en.wikipedia.org/wiki/Art_(play)
1998,1998,/wiki/52nd_Tony_Awards,False,John Leguizamo,https://en.wikipedia.org/wiki/John_Leguizamo,Himself,,Freak,https://en.wikipedia.org/wiki/Freak_(play)
1998,1998,/wiki/52nd_Tony_Awards,False,Richard Briers,https://en.wikipedia.org/wiki/Richard_Briers,Old Man,,The Chairs,https://en.wikipedia.org/wiki/The_Chairs
1998,1998,/wiki/52nd_Tony_Awards,True,Anthony LaPaglia,https://en.wikipedia.org/wiki/Anthony_LaPaglia,Eddie Carbone,,A View from the Bridge,https://en.wikipedia.org/wiki/A_View_from_the_Bridge
1999,1999,/wiki/53rd_Tony_Awards,True,Brian Dennehy,https://en.wikipedia.org/wiki/Brian_Dennehy,Willy Loman,https://en.wikipedia.org/wiki/Willy_Loman,Death of a Salesman,https://en.wikipedia.org/wiki/Death_of_a_Salesman
1999,1999,/wiki/53rd_Tony_Awards,False,Brían F. O'Byrne,https://en.wikipedia.org/wiki/Br%C3%ADan_F._O%27Byrne,Valene Connor,,The Lonesome West,https://en.wikipedia.org/wiki/The_Lonesome_West
1999,1999,/wiki/53rd_Tony_Awards,False,Corin Redgrave,https://en.wikipedia.org/wiki/Corin_Redgrave,"Bert ""Boss"" Whalen",,Not About Nightingales,https://en.wikipedia.org/wiki/Not_About_Nightingales
1999,1999,/wiki/53rd_Tony_Awards,False,Kevin Spacey,https://en.wikipedia.org/wiki/Kevin_Spacey,"Theodore ""Hickey"" Hickman",,The Iceman Cometh,https://en.wikipedia.org/wiki/The_Iceman_Cometh
2000,54th Tony Awards,/wiki/54th_Tony_Awards,False,John C. Reilly,https://en.wikipedia.org/wiki/John_C._Reilly,Lee,,True West,https://en.wikipedia.org/wiki/True_West_(play)
2000,54th Tony Awards,/wiki/54th_Tony_Awards,True,Stephen Dillane,https://en.wikipedia.org/wiki/Stephen_Dillane,Henry,,The Real Thing,https://en.wikipedia.org/wiki/The_Real_Thing_(play)
2000,54th Tony Awards,/wiki/54th_Tony_Awards,False,Gabriel Byrne,https://en.wikipedia.org/wiki/Gabriel_Byrne,James Tyrone Jr.,,A Moon for the Misbegotten,https://en.wikipedia.org/wiki/A_Moon_for_the_Misbegotten
2000,54th Tony Awards,/wiki/54th_Tony_Awards,False,Philip Seymour Hoffman,https://en.wikipedia.org/wiki/Philip_Seymour_Hoffman,Austin,,True West,https://en.wikipedia.org/wiki/True_West_(play)
2000,54th Tony Awards,/wiki/54th_Tony_Awards,False,David Suchet,https://en.wikipedia.org/wiki/David_Suchet,Antonio Salieri,https://en.wikipedia.org/wiki/Antonio_Salieri,Amadeus,https://en.wikipedia.org/wiki/Amadeus_(play)
2001,55th Tony Awards,/wiki/55th_Tony_Awards,False,Gary Sinise,https://en.wikipedia.org/wiki/Gary_Sinise,Randle P. McMurphy,https://en.wikipedia.org/wiki/Randle_McMurphy,One Flew Over the Cuckoo's Nest,https://en.wikipedia.org/wiki/One_Flew_Over_the_Cuckoo%27s_Nest_(play)
2001,55th Tony Awards,/wiki/55th_Tony_Awards,False,Conleth Hill,https://en.wikipedia.org/wiki/Conleth_Hill,Charlie Conlon,,Stones in His Pockets,https://en.wikipedia.org/wiki/Stones_in_His_Pockets
2001,55th Tony Awards,/wiki/55th_Tony_Awards,False,Brian Stokes Mitchell,https://en.wikipedia.org/wiki/Brian_Stokes_Mitchell,King,,King Hedley II,https://en.wikipedia.org/wiki/King_Hedley_II
2001,55th Tony Awards,/wiki/55th_Tony_Awards,True,Richard Easton,https://en.wikipedia.org/wiki/Richard_Easton,"A. E. Housman, aged 77",https://en.wikipedia.org/wiki/A._E._Housman,The Invention of Love,https://en.wikipedia.org/wiki/The_Invention_of_Love
2001,55th Tony Awards,/wiki/55th_Tony_Awards,False,Sean Campion,https://en.wikipedia.org/wiki/Sean_Campion,Jake Quinn,,Stones in His Pockets,https://en.wikipedia.org/wiki/Stones_in_His_Pockets
2002,56th Tony Awards,/wiki/56th_Tony_Awards,False,Jeffrey Wright,https://en.wikipedia.org/wiki/Jeffrey_Wright_(actor),Lincoln,,Topdog/Underdog,https://en.wikipedia.org/wiki/Topdog/Underdog
2002,56th Tony Awards,/wiki/56th_Tony_Awards,False,Alan Rickman,https://en.wikipedia.org/wiki/Alan_Rickman,Elyot Chase,,Private Lives,https://en.wikipedia.org/wiki/Private_Lives
2002,56th Tony Awards,/wiki/56th_Tony_Awards,True,Alan Bates,https://en.wikipedia.org/wiki/Alan_Bates,Vassily Semyonitch Kuzovkin,,Fortune's Fool,https://en.wikipedia.org/wiki/Fortune%27s_Fool
2002,56th Tony Awards,/wiki/56th_Tony_Awards,False,Billy Crudup,https://en.wikipedia.org/wiki/Billy_Crudup,John Merrick,https://en.wikipedia.org/wiki/Joseph_Merrick,The Elephant Man,https://en.wikipedia.org/wiki/The_Elephant_Man_(play)
2002,56th Tony Awards,/wiki/56th_Tony_Awards,False,Liam Neeson,https://en.wikipedia.org/wiki/Liam_Neeson,John Proctor,https://en.wikipedia.org/wiki/John_Proctor_(Salem_witch_trials),The Crucible,https://en.wikipedia.org/wiki/The_Crucible
2003,57th Tony Awards,/wiki/57th_Tony_Awards,True,Brian Dennehy,https://en.wikipedia.org/wiki/Brian_Dennehy,James Tyrone Sr.,,Long Day's Journey into Night,https://en.wikipedia.org/wiki/Long_Day%27s_Journey_into_Night
2003,57th Tony Awards,/wiki/57th_Tony_Awards,False,Brian Bedford,https://en.wikipedia.org/wiki/Brian_Bedford,Orgon,,Tartuffe,https://en.wikipedia.org/wiki/Tartuffe
2003,57th Tony Awards,/wiki/57th_Tony_Awards,False,Eddie Izzard,https://en.wikipedia.org/wiki/Eddie_Izzard,Bri,,A Day in the Death of Joe Egg,https://en.wikipedia.org/wiki/A_Day_in_the_Death_of_Joe_Egg
2003,57th Tony Awards,/wiki/57th_Tony_Awards,False,Paul Newman,https://en.wikipedia.org/wiki/Paul_Newman,Stage Manager,,Our Town,https://en.wikipedia.org/wiki/Our_Town
2003,57th Tony Awards,/wiki/57th_Tony_Awards,False,Stanley Tucci,https://en.wikipedia.org/wiki/Stanley_Tucci,Johnny,,Frankie and Johnny in the Clair de Lune,https://en.wikipedia.org/wiki/Frankie_and_Johnny_in_the_Clair_de_Lune
2004,58th Tony Awards,/wiki/58th_Tony_Awards,False,Frank Langella,https://en.wikipedia.org/wiki/Frank_Langella,Tobi,,Match,https://en.wikipedia.org/wiki/Match_(play)
2004,58th Tony Awards,/wiki/58th_Tony_Awards,True,Jefferson Mays,https://en.wikipedia.org/wiki/Jefferson_Mays,"Charlotte von Mahlsdorf,et al.",https://en.wikipedia.org/wiki/Charlotte_von_Mahlsdorf,I Am My Own Wife,https://en.wikipedia.org/wiki/I_Am_My_Own_Wife
2004,58th Tony Awards,/wiki/58th_Tony_Awards,False,Simon Russell Beale,https://en.wikipedia.org/wiki/Simon_Russell_Beale,George,,Jumpers,https://en.wikipedia.org/wiki/Jumpers_(play)
2004,58th Tony Awards,/wiki/58th_Tony_Awards,False,Kevin Kline,https://en.wikipedia.org/wiki/Kevin_Kline,Sir John Falstaff,https://en.wikipedia.org/wiki/Falstaff,Henry IV,"https://en.wikipedia.org/wiki/Henry_IV,_Part_1"
2004,58th Tony Awards,/wiki/58th_Tony_Awards,False,Christopher Plummer,https://en.wikipedia.org/wiki/Christopher_Plummer,King Lear,https://en.wikipedia.org/wiki/Leir_of_Britain,King Lear,https://en.wikipedia.org/wiki/King_Lear
2005,59th Tony Awards,/wiki/59th_Tony_Awards,False,Brían F. O'Byrne,https://en.wikipedia.org/wiki/Br%C3%ADan_F._O%27Byrne,Father Flynn,,Doubt,https://en.wikipedia.org/wiki/Doubt_(play)
2005,59th Tony Awards,/wiki/59th_Tony_Awards,False,Billy Crudup,https://en.wikipedia.org/wiki/Billy_Crudup,Katurian,,The Pillowman,https://en.wikipedia.org/wiki/The_Pillowman
2005,59th Tony Awards,/wiki/59th_Tony_Awards,False,James Earl Jones,https://en.wikipedia.org/wiki/James_Earl_Jones,Norman Thayer Jr.,,On Golden Pond,https://en.wikipedia.org/wiki/On_Golden_Pond_(play)
2005,59th Tony Awards,/wiki/59th_Tony_Awards,True,Bill Irwin,https://en.wikipedia.org/wiki/Bill_Irwin,George,,Who's Afraid of Virginia Woolf?,https://en.wikipedia.org/wiki/Who%27s_Afraid_of_Virginia_Woolf%3F
2005,59th Tony Awards,/wiki/59th_Tony_Awards,False,Philip Bosco,https://en.wikipedia.org/wiki/Philip_Bosco,Juror #3,,Twelve Angry Men,https://en.wikipedia.org/wiki/Twelve_Angry_Men_(play)
2006,60th Tony Awards,/wiki/60th_Tony_Awards,False,David Wilmot,https://en.wikipedia.org/wiki/David_Wilmot_(actor),Padraic,,The Lieutenant of Inishmore,https://en.wikipedia.org/wiki/The_Lieutenant_of_Inishmore
2006,60th Tony Awards,/wiki/60th_Tony_Awards,False,Oliver Platt,https://en.wikipedia.org/wiki/Oliver_Platt,John,,Shining City,https://en.wikipedia.org/wiki/Shining_City
2006,60th Tony Awards,/wiki/60th_Tony_Awards,True,Richard Griffiths,https://en.wikipedia.org/wiki/Richard_Griffiths,Douglas Hector,,The History Boys,https://en.wikipedia.org/wiki/The_History_Boys
2006,60th Tony Awards,/wiki/60th_Tony_Awards,False,Ralph Fiennes,https://en.wikipedia.org/wiki/Ralph_Fiennes,Francis Hardy,,Faith Healer,https://en.wikipedia.org/wiki/Faith_Healer
2006,60th Tony Awards,/wiki/60th_Tony_Awards,False,Željko Ivanek,https://en.wikipedia.org/wiki/%C5%BDeljko_Ivanek,Lt. Com. Phillip Francis Queeg,,The Caine Mutiny Court-Martial,https://en.wikipedia.org/wiki/The_Caine_Mutiny_Court-Martial
2007,61st Tony Awards,/wiki/61st_Tony_Awards,True,Frank Langella,https://en.wikipedia.org/wiki/Frank_Langella,Richard Nixon,https://en.wikipedia.org/wiki/Richard_Nixon,Frost/Nixon,https://en.wikipedia.org/wiki/Frost/Nixon_(play)
2007,61st Tony Awards,/wiki/61st_Tony_Awards,False,Boyd Gaines,https://en.wikipedia.org/wiki/Boyd_Gaines,Lieut. Osborne,,Journey's End,https://en.wikipedia.org/wiki/Journey%27s_End
2007,61st Tony Awards,/wiki/61st_Tony_Awards,False,Brían F. O'Byrne,https://en.wikipedia.org/wiki/Br%C3%ADan_F._O%27Byrne,Alexander Herzen,,The Coast of Utopia,https://en.wikipedia.org/wiki/The_Coast_of_Utopia
2007,61st Tony Awards,/wiki/61st_Tony_Awards,False,Christopher Plummer,https://en.wikipedia.org/wiki/Christopher_Plummer,Henry Drummond,,Inherit the Wind,https://en.wikipedia.org/wiki/Inherit_the_Wind_(play)
2007,61st Tony Awards,/wiki/61st_Tony_Awards,False,Liev Schreiber,https://en.wikipedia.org/wiki/Liev_Schreiber,Barry Champlain,,Talk Radio,https://en.wikipedia.org/wiki/Talk_Radio_(play)
2008,62nd Tony Awards,/wiki/62nd_Tony_Awards,True,Mark Rylance,https://en.wikipedia.org/wiki/Mark_Rylance,Robert Lambert,,Boeing-Boeing,https://en.wikipedia.org/wiki/Boeing-Boeing_(play)
2008,62nd Tony Awards,/wiki/62nd_Tony_Awards,False,Ben Daniels,https://en.wikipedia.org/wiki/Ben_Daniels,Le Vicomte de Valmont,,Les Liaisons Dangereuses,https://en.wikipedia.org/wiki/Les_Liaisons_Dangereuses
2008,62nd Tony Awards,/wiki/62nd_Tony_Awards,False,Laurence Fishburne,https://en.wikipedia.org/wiki/Laurence_Fishburne,Thurgood Marshall,https://en.wikipedia.org/wiki/Thurgood_Marshall,Thurgood,https://en.wikipedia.org/wiki/Thurgood_(play)
2008,62nd Tony Awards,/wiki/62nd_Tony_Awards,False,Rufus Sewell,https://en.wikipedia.org/wiki/Rufus_Sewell,Jan,,Rock 'n' Roll,https://en.wikipedia.org/wiki/Rock_%27n%27_Roll_(play)
2008,62nd Tony Awards,/wiki/62nd_Tony_Awards,False,Patrick Stewart,https://en.wikipedia.org/wiki/Patrick_Stewart,Lord Macbeth,https://en.wikipedia.org/wiki/Macbeth_(character),Macbeth,https://en.wikipedia.org/wiki/Macbeth
2009,63rd Tony Awards,/wiki/63rd_Tony_Awards,False,James Gandolfini,https://en.wikipedia.org/wiki/James_Gandolfini,Michael,,God of Carnage,
2009,63rd Tony Awards,/wiki/63rd_Tony_Awards,False,Raúl Esparza,https://en.wikipedia.org/wiki/Ra%C3%BAl_Esparza,Charlie Fox,,Speed-the-Plow,https://en.wikipedia.org/wiki/Speed-the-Plow
2009,63rd Tony Awards,/wiki/63rd_Tony_Awards,False,Thomas Sadoski,https://en.wikipedia.org/wiki/Thomas_Sadoski,Greg,,reasons to be pretty,https://en.wikipedia.org/wiki/Reasons_to_be_pretty
2009,63rd Tony Awards,/wiki/63rd_Tony_Awards,True,Geoffrey Rush,https://en.wikipedia.org/wiki/Geoffrey_Rush,King Berenger,,Exit the King,https://en.wikipedia.org/wiki/Exit_the_King
2009,63rd Tony Awards,/wiki/63rd_Tony_Awards,False,Jeff Daniels,https://en.wikipedia.org/wiki/Jeff_Daniels,Alan,,God of Carnage,https://en.wikipedia.org/wiki/God_of_Carnage
2010,64th Tony Awards,/wiki/64th_Tony_Awards,False,Christopher Walken,https://en.wikipedia.org/wiki/Christopher_Walken,Carmichael,,A Behanding in Spokane,https://en.wikipedia.org/wiki/A_Behanding_in_Spokane
2010,64th Tony Awards,/wiki/64th_Tony_Awards,False,Liev Schreiber,https://en.wikipedia.org/wiki/Liev_Schreiber,Eddie Carbone,,A View from the Bridge,https://en.wikipedia.org/wiki/A_View_from_the_Bridge
2010,64th Tony Awards,/wiki/64th_Tony_Awards,True,Denzel Washington,https://en.wikipedia.org/wiki/Denzel_Washington,Troy Maxson,,Fences,https://en.wikipedia.org/wiki/Fences_(play)
2010,64th Tony Awards,/wiki/64th_Tony_Awards,False,Jude Law,https://en.wikipedia.org/wiki/Jude_Law,Hamlet,https://en.wikipedia.org/wiki/Prince_Hamlet,Hamlet,https://en.wikipedia.org/wiki/Hamlet
2010,64th Tony Awards,/wiki/64th_Tony_Awards,False,Alfred Molina,https://en.wikipedia.org/wiki/Alfred_Molina,Mark Rothko,https://en.wikipedia.org/wiki/Mark_Rothko,Red,https://en.wikipedia.org/wiki/Red_(play)
2011,65th Tony Awards,/wiki/65th_Tony_Awards,True,Mark Rylance,https://en.wikipedia.org/wiki/Mark_Rylance,"Johnny ""Rooster"" Byron",,Jerusalem,https://en.wikipedia.org/wiki/Jerusalem_(play)
2011,65th Tony Awards,/wiki/65th_Tony_Awards,False,Brian Bedford,https://en.wikipedia.org/wiki/Brian_Bedford,Lady Bracknell,,The Importance of Being Earnest,https://en.wikipedia.org/wiki/The_Importance_of_Being_Earnest
2011,65th Tony Awards,/wiki/65th_Tony_Awards,False,Joe Mantello,https://en.wikipedia.org/wiki/Joe_Mantello,Ned Weeks,,The Normal Heart,https://en.wikipedia.org/wiki/The_Normal_Heart
2011,65th Tony Awards,/wiki/65th_Tony_Awards,False,Al Pacino,https://en.wikipedia.org/wiki/Al_Pacino,Shylock,https://en.wikipedia.org/wiki/Shylock,The Merchant of Venice,https://en.wikipedia.org/wiki/The_Merchant_of_Venice
2011,65th Tony Awards,/wiki/65th_Tony_Awards,False,Bobby Cannavale,https://en.wikipedia.org/wiki/Bobby_Cannavale,Jackie,,The Motherfucker with the Hat,https://en.wikipedia.org/wiki/The_Motherfucker_with_the_Hat
2012,66th Tony Awards,/wiki/66th_Tony_Awards,True,James Corden,https://en.wikipedia.org/wiki/James_Corden,Francis Henshall,,"One Man, Two Guvnors","https://en.wikipedia.org/wiki/One_Man,_Two_Guvnors"
2012,66th Tony Awards,/wiki/66th_Tony_Awards,False,James Earl Jones,https://en.wikipedia.org/wiki/James_Earl_Jones,President Art Hockstader,,The Best Man,https://en.wikipedia.org/wiki/The_Best_Man_(play)
2012,66th Tony Awards,/wiki/66th_Tony_Awards,False,Philip Seymour Hoffman,https://en.wikipedia.org/wiki/Philip_Seymour_Hoffman,Willy Loman,https://en.wikipedia.org/wiki/Willy_Loman,Death of a Salesman,https://en.wikipedia.org/wiki/Death_of_a_Salesman
2012,66th Tony Awards,/wiki/66th_Tony_Awards,False,Frank Langella,https://en.wikipedia.org/wiki/Frank_Langella,Gregor Antonescu,,Man and Boy,https://en.wikipedia.org/wiki/Man_and_Boy_(play)
2012,66th Tony Awards,/wiki/66th_Tony_Awards,False,John Lithgow,https://en.wikipedia.org/wiki/John_Lithgow,Joseph Alsop,https://en.wikipedia.org/wiki/Joseph_Alsop,The Columnist,https://en.wikipedia.org/wiki/The_Columnist
2013,67th Tony Awards,/wiki/67th_Tony_Awards,False,Tom Sturridge,https://en.wikipedia.org/wiki/Tom_Sturridge,Phillip,,Orphans,https://en.wikipedia.org/wiki/Orphans_(Lyle_Kessler_play)
2013,67th Tony Awards,/wiki/67th_Tony_Awards,False,David Hyde Pierce,https://en.wikipedia.org/wiki/David_Hyde_Pierce,Vanya,,Vanya and Sonia and Masha and Spike,https://en.wikipedia.org/wiki/Vanya_and_Sonia_and_Masha_and_Spike
2013,67th Tony Awards,/wiki/67th_Tony_Awards,False,Nathan Lane,https://en.wikipedia.org/wiki/Nathan_Lane,Chauncey Miles,,The Nance,https://en.wikipedia.org/wiki/The_Nance
2013,67th Tony Awards,/wiki/67th_Tony_Awards,True,Tracy Letts,https://en.wikipedia.org/wiki/Tracy_Letts,George,,Who's Afraid of Virginia Woolf?,https://en.wikipedia.org/wiki/Who%27s_Afraid_of_Virginia_Woolf%3F
2013,67th Tony Awards,/wiki/67th_Tony_Awards,False,Tom Hanks,https://en.wikipedia.org/wiki/Tom_Hanks,Mike McAlary,https://en.wikipedia.org/wiki/Mike_McAlary,Lucky Guy,https://en.wikipedia.org/wiki/Lucky_Guy_(play)
2014,68th Tony Awards,/wiki/68th_Tony_Awards,True,Bryan Cranston,https://en.wikipedia.org/wiki/Bryan_Cranston,Lyndon B. Johnson,https://en.wikipedia.org/wiki/Lyndon_B._Johnson,All the Way,https://en.wikipedia.org/wiki/All_the_Way_(play)
2014,68th Tony Awards,/wiki/68th_Tony_Awards,False,Samuel Barnett,https://en.wikipedia.org/wiki/Samuel_Barnett_(actor),Viola,https://en.wikipedia.org/wiki/Viola_(Twelfth_Night),Twelfth Night,https://en.wikipedia.org/wiki/Twelfth_Night
2014,68th Tony Awards,/wiki/68th_Tony_Awards,False,Chris O'Dowd,https://en.wikipedia.org/wiki/Chris_O%27Dowd,Lennie Small,,Of Mice and Men,https://en.wikipedia.org/wiki/Of_Mice_and_Men_(play)
2014,68th Tony Awards,/wiki/68th_Tony_Awards,False,Mark Rylance,https://en.wikipedia.org/wiki/Mark_Rylance,Richard III,https://en.wikipedia.org/wiki/Richard_III_of_England,Richard III,https://en.wikipedia.org/wiki/Richard_III_(play)
2014,68th Tony Awards,/wiki/68th_Tony_Awards,False,Tony Shalhoub,https://en.wikipedia.org/wiki/Tony_Shalhoub,Moss Hart/ Barnett Hart /George S. Kaufman,https://en.wikipedia.org/wiki/Moss_Hart,Act One,https://en.wikipedia.org/wiki/Act_One_(play)
2015,69th Tony Awards,/wiki/69th_Tony_Awards,True,Alex Sharp,https://en.wikipedia.org/wiki/Alex_Sharp,Christopher Boone,,The Curious Incident of the Dog in the Night-Time,https://en.wikipedia.org/wiki/The_Curious_Incident_of_the_Dog_in_the_Night-Time_(play)
2015,69th Tony Awards,/wiki/69th_Tony_Awards,False,Steven Boyer,https://en.wikipedia.org/wiki/Steven_Boyer,Jason / Tyrone,,Hand to God,https://en.wikipedia.org/wiki/Hand_to_God_(play)
2015,69th Tony Awards,/wiki/69th_Tony_Awards,False,Bradley Cooper,https://en.wikipedia.org/wiki/Bradley_Cooper,John Merrick,https://en.wikipedia.org/wiki/Joseph_Merrick,The Elephant Man,https://en.wikipedia.org/wiki/The_Elephant_Man_(play)
2015,69th Tony Awards,/wiki/69th_Tony_Awards,False,Ben Miles,https://en.wikipedia.org/wiki/Ben_Miles,Thomas Cromwell,https://en.wikipedia.org/wiki/Thomas_Cromwell,Wolf Hall Parts One & Two,https://en.wikipedia.org/wiki/Wolf_Hall_Parts_One_%26_Two
2015,69th Tony Awards,/wiki/69th_Tony_Awards,False,Bill Nighy,https://en.wikipedia.org/wiki/Bill_Nighy,Tom Sergeant,,Skylight,https://en.wikipedia.org/wiki/Skylight_(play)
2016,70th Tony Awards,/wiki/70th_Tony_Awards,False,Tim Pigott-Smith,https://en.wikipedia.org/wiki/Tim_Pigott-Smith,King Charles III,"https://en.wikipedia.org/wiki/Charles,_Prince_of_Wales",King Charles III,https://en.wikipedia.org/wiki/King_Charles_III_(play)
2016,70th Tony Awards,/wiki/70th_Tony_Awards,False,Jeff Daniels,https://en.wikipedia.org/wiki/Jeff_Daniels,Ray Brooks,,Blackbird,https://en.wikipedia.org/wiki/Blackbird_(play)
2016,70th Tony Awards,/wiki/70th_Tony_Awards,False,Mark Strong,https://en.wikipedia.org/wiki/Mark_Strong,Eddie Carbone,,A View from the Bridge,https://en.wikipedia.org/wiki/A_View_from_the_Bridge
2016,70th Tony Awards,/wiki/70th_Tony_Awards,True,Frank Langella,https://en.wikipedia.org/wiki/Frank_Langella,Andre,,The Father,https://en.wikipedia.org/wiki/Le_P%C3%A8re
2016,70th Tony Awards,/wiki/70th_Tony_Awards,False,Gabriel Byrne,https://en.wikipedia.org/wiki/Gabriel_Byrne,James Tyrone Sr.,,Long Day's Journey into Night,https://en.wikipedia.org/wiki/Long_Day%27s_Journey_into_Night
2017,71st Tony Awards,/wiki/71st_Tony_Awards,True,Kevin Kline,https://en.wikipedia.org/wiki/Kevin_Kline,Garry Essendine,,Present Laughter,https://en.wikipedia.org/wiki/Present_Laughter
2017,71st Tony Awards,/wiki/71st_Tony_Awards,False,Denis Arndt,https://en.wikipedia.org/wiki/Denis_Arndt,Alex Priest,,Heisenberg,https://en.wikipedia.org/wiki/Heisenberg_(play)
2017,71st Tony Awards,/wiki/71st_Tony_Awards,False,Chris Cooper,https://en.wikipedia.org/wiki/Chris_Cooper,Torvald Helmer,,"A Doll's House, Part 2","https://en.wikipedia.org/wiki/A_Doll%27s_House,_Part_2"
2017,71st Tony Awards,/wiki/71st_Tony_Awards,False,Corey Hawkins,https://en.wikipedia.org/wiki/Corey_Hawkins,Paul,,Six Degrees of Separation,https://en.wikipedia.org/wiki/Six_Degrees_of_Separation_(play)
2017,71st Tony Awards,/wiki/71st_Tony_Awards,False,Jefferson Mays,https://en.wikipedia.org/wiki/Jefferson_Mays,Terje Rød-Larsen,https://en.wikipedia.org/wiki/Terje_R%C3%B8d-Larsen,Oslo,https://en.wikipedia.org/wiki/Oslo_(play)
2018,72nd Tony Awards,/wiki/72nd_Tony_Awards,False,Denzel Washington,https://en.wikipedia.org/wiki/Denzel_Washington,"Theodore ""Hickey"" Hickman",,The Iceman Cometh,https://en.wikipedia.org/wiki/The_Iceman_Cometh
2018,72nd Tony Awards,/wiki/72nd_Tony_Awards,False,Mark Rylance,https://en.wikipedia.org/wiki/Mark_Rylance,Philip V of Spain,https://en.wikipedia.org/wiki/Philip_V_of_Spain,Farinelli and the King,https://en.wikipedia.org/wiki/Farinelli_and_the_King
2018,72nd Tony Awards,/wiki/72nd_Tony_Awards,False,Jamie Parker,https://en.wikipedia.org/wiki/Jamie_Parker,Harry Potter,https://en.wikipedia.org/wiki/Harry_Potter_(character),Harry Potter and the Cursed Child,https://en.wikipedia.org/wiki/Harry_Potter_and_the_Cursed_Child
2018,72nd Tony Awards,/wiki/72nd_Tony_Awards,True,Andrew Garfield,https://en.wikipedia.org/wiki/Andrew_Garfield,"Prior Walter,et al.",,Angels in America,https://en.wikipedia.org/wiki/Angels_in_America
2018,72nd Tony Awards,/wiki/72nd_Tony_Awards,False,Tom Hollander,https://en.wikipedia.org/wiki/Tom_Hollander,Henry Carr,,Travesties,https://en.wikipedia.org/wiki/Travesties
2019,73rd Tony Awards,/wiki/73rd_Tony_Awards,True,Bryan Cranston,https://en.wikipedia.org/wiki/Bryan_Cranston,Howard Beale,https://en.wikipedia.org/wiki/Howard_Beale_(Network),Network,https://en.wikipedia.org/wiki/Network_(play)
2019,73rd Tony Awards,/wiki/73rd_Tony_Awards,False,Paddy Considine,https://en.wikipedia.org/wiki/Paddy_Considine,Quinn Carney,,The Ferryman,https://en.wikipedia.org/wiki/The_Ferryman_(play)
2019,73rd Tony Awards,/wiki/73rd_Tony_Awards,False,Jeff Daniels,https://en.wikipedia.org/wiki/Jeff_Daniels,Atticus Finch,https://en.wikipedia.org/wiki/Atticus_Finch,To Kill a Mockingbird,https://en.wikipedia.org/wiki/To_Kill_a_Mockingbird_(2018_play)
2019,73rd Tony Awards,/wiki/73rd_Tony_Awards,False,Adam Driver,https://en.wikipedia.org/wiki/Adam_Driver,Pale,,Burn This,https://en.wikipedia.org/wiki/Burn_This
2019,73rd Tony Awards,/wiki/73rd_Tony_Awards,False,Jeremy Pope,https://en.wikipedia.org/wiki/Jeremy_Pope_(actor),Pharus Jonathan Young,,Choir Boy,https://en.wikipedia.org/wiki/Choir_Boy
2020,74th Tony Awards,/wiki/74th_Tony_Awards,False,Tom Hiddleston,https://en.wikipedia.org/wiki/Tom_Hiddleston,Robert,,Betrayal,https://en.wikipedia.org/wiki/Betrayal_(play)
2020,74th Tony Awards,/wiki/74th_Tony_Awards,False,Jake Gyllenhaal,https://en.wikipedia.org/wiki/Jake_Gyllenhaal,Abe,,Sea Wall/A Life,
2020,74th Tony Awards,/wiki/74th_Tony_Awards,False,Tom Sturridge,https://en.wikipedia.org/wiki/Tom_Sturridge,Alex,,Sea Wall/A Life,
2020,74th Tony Awards,/wiki/74th_Tony_Awards,False,Ian Barford,https://en.wikipedia.org/wiki/Ian_Barford,Wheeler,,Linda Vista,
2020,74th Tony Awards,/wiki/74th_Tony_Awards,False,Andrew Burnap,,Toby Darling,,The Inheritance,https://en.wikipedia.org/wiki/The_Inheritance_(play)
2020,74th Tony Awards,/wiki/74th_Tony_Awards,False,Blair Underwood,https://en.wikipedia.org/wiki/Blair_Underwood,Captain Richard Davenport,,A Soldier's Play,https://en.wikipedia.org/wiki/A_Soldier%27s_Play
