id,street_address,address_locality,address_region,postal_code,year_closed,year_demolished,capacity,name
5000,216 W. 44th St.,New York,NY,NULL,NULL,1945,1463,44th Street Theatre
5003,152 W. 54th St.,New York,NY,NULL,NULL,1970,1400,George Abbott Theatre
5006,409-412 Strand,London,NULL,WC2R ONS,NULL,NULL,1476,Adelphi Theatre
5007,302 W. 45th St.,New York,NY,NULL,NULL,NULL,1424,Al Hirschfeld Theatre
5013,229 W. 42nd St.,New York,NY,NULL,NULL,NULL,740,American Airlines Theatre
5016,235 W. 44th St.,New York,NY,NULL,NULL,NULL,1186,Broadhurst Theatre
5017,1681 Broadway,New York,NY,NULL,NULL,NULL,1761,Broadway Theatre (Broadway)
5018,256 W. 47th St.,New York,NY,NULL,NULL,NULL,1094,Brooks Atkinson Theatre
5022,753 7th Avenue (SE corner of 7th and 50th),New York,NY,NULL,1939,1990,3000,Casa Manana
5024,6th Avenue and 49th St.,New York,NY,NULL,NULL,1960,3700,Center Theatre
5025,131 West 55th St. (between 6th and 7th Avenues),New York,NY,NULL,NULL,NULL,2935,New York City Center
5026,(Leicester Square) Panton Street off Haymarket,London,NULL,NULL,NULL,NULL,796,Comedy Theatre
5028,138 West 48th St.,New York,NY,NULL,NULL,NULL,1084,Cort Theatre (Broadway)
5031,243 West 47th St.,New York,NY,NULL,NULL,NULL,1096,Ethel Barrymore Theatre
5032,230 West 49th St.,New York,NY,NULL,NULL,NULL,1066,Eugene O'Neill Theatre
5035,222 West 51st St.,New York,NY,NULL,NULL,NULL,1933,Gershwin Theatre
5039,124 West 43rd St.,New York,NY,NULL,NULL,2004,950,Henry Miller's Theatre
5042,249 West 45th St.,New York,NY,NULL,NULL,NULL,1443,Imperial Theatre (Broadway)
5043,252 West 45th St.,New York,NY,NULL,NULL,NULL,805,John Golden Theatre
5047,205 West 46th St.,New York,NY,NULL,NULL,NULL,1519,Lunt-Fontanne Theatre
5049,(Piccadilly Circus) Shaftesbury Avenue,London,NULL,NULL,NULL,NULL,948,Lyric Theatre
5052,245 West 44th St.,New York,NY,NULL,NULL,NULL,1645,Majestic Theatre (Broadway)
5053,237 West 51st St.,New York,NY,NULL,NULL,NULL,1600,Mark Hellinger Theatre
5056,150 West 65th St. at Broadway,New York,NY,NULL,NULL,NULL,299,Mitzi E. Newhouse Theatre
5057,239 West 45th St.,New York,NY,NULL,NULL,NULL,1009,Music Box Theatre
5060,1564 Broadway,New York,NY,NULL,NULL,NULL,1743,Palace Theatre (Broadway)
5072,(Charing Cross) Strand Ð Beaufort Buildings,London,NULL,NULL,NULL,NULL,1100,Savoy Theatre
5075,225 West 44th St.,New York,NY,NULL,NULL,NULL,1460,Shubert Theatre (Broadway)
5077,246 West 44th St.,New York,NY,NULL,NULL,NULL,1709,St. James Theatre (Broadway)
5085,219 W. 42nd St.,New York,NY,NULL,NULL,NULL,1057,Times Square Theatre
5086,148 West 48th St.,New York,NY,NULL,NULL,1954,780,Vanderbilt Theatre
5090,Drury Lane,London,NULL,NULL,NULL,1965,1581,Winter Garden Theatre
5124,1114 Walnut Street,Philadelphia,PA,NULL,NULL,NULL,NULL,Forrest Theatre
5125,366 N. La Cienega Blvd.,Los Angeles,NULL,NULL,NULL,NULL,NULL,Coronet Theatre
5127,Central Park West at 62nd St.,New York,NY,NULL,NULL,1930,NULL,Casino de Paris
5132,254 West 54th St.,New York,NY,NULL,NULL,NULL,1006,Studio 54
5135,Newcastle Street,London,NULL,NULL,NULL,1902,1800,Globe Theatre
5139,West side of Broadway between 32nd & 33rd,New York,NY,NULL,NULL,1909,1126,Manhattan Theatre
5165,5620 S. Harlem Ave.,Chicago,IL,NULL,NULL,NULL,NULL,Forum Theatre
5169,214 West 42nd St.,New York,NY,NULL,NULL,NULL,1747,New Amsterdam Theatre
5187,N 21st St. & Market St.,Philadelphia,PA,NULL,NULL,NULL,NULL,Erlanger Theatre
5194,"(Covent Garden/Charing Cross) Wellington Street, just off Strand",London,NULL,NULL,NULL,NULL,2075,Lyceum Theatre
5199,261-5 West 47th St.,New York,NY,NULL,NULL,NULL,948,Biltmore Theatre
5205,111 West 44th St.,New York,NY,NULL,NULL,NULL,1018,Belasco Theatre
5211,220 West 48th Street,New York,NY,NULL,NULL,NULL,1091,Longacre Theatre
5223,932 Seventh Avenue,New York,NY,NULL,NULL,1962,1700,New Century Theatre
5230,1633 Broadway at 50th St.,New York,NY,NULL,NULL,NULL,840,Circle in the Square (Broadway)
5235,"John Adam Street, Adelphi",London,NULL,NULL,NULL,1949,309,Little Theatre
5236,240 West 44th St.,New York,NY,NULL,NULL,NULL,597,Hayes Theatre
5250,234 West 42nd St.,New York,NY,NULL,NULL,NULL,1054,Liberty Theatre
5259,1321 Pennsylvania Ave. NW,Washington,DC,20004,NULL,NULL,NULL,National Theatre
5266,1482 Broadway at 43rd St.,New York,NY,NULL,NULL,1938,1100,George M. Cohan's Theatre
5269,932 Broadway (21st St.),New York,NY,NULL,NULL,1882,NULL,New Park Theatre
5271,1530 Broadway at 45th St.,New York,NY,NULL,NULL,NULL,526,Criterion Center Stage Right
5290,22 Brookside Drive,Milburn,NJ,7041,NULL,NULL,1200,Paper Mill Playhouse
5292,"2700 F Street, NW",Washington,DC,20566,NULL,NULL,NULL,Kennedy Center [Eisenhower Theatre]
5300,1396 Broadway and 39th St.,New York,NY,NULL,NULL,1930,1500,Knickerbocker Theatre
5301,137 W. 48th St.,New York,NY,NULL,NULL,1969,900,Playhouse Theatre
5307,38 Commerce St. (Bedford & Hudson Street),New York,NY,NULL,NULL,NULL,178,Cherry Lane Theatre
5310,"PO Box A, 6 Main Street",East Haddam,CT,6423,NULL,NULL,398,Goodspeed Opera House
5313,La Jolla Village Drive & Torrey Pines Road,"La Jolla, CA",NULL,NULL,NULL,NULL,NULL,La Jolla Playhouse
5317,NULL,NULL,NULL,NULL,NULL,NULL,NULL,Eagle Theatre
5320,South side of 24th Street West of Broadway (between 5th & Madison),New York,NY,NULL,NULL,1908,688,Madison Square Theatre
5329,1514-16 Broadway (44th St.) - Roof,New York,NY,NULL,NULL,1935,NULL,Jardin de Paris
5331,1514-16 Broadway (44th St.),New York,NY,NULL,NULL,1935,NULL,New York Theatre
5334,222 West 45th St.,New York,NY,NULL,NULL,NULL,766,Booth Theatre (Broadway)
5339,E. 14th St. and Irving Place,New York,NY,NULL,NULL,1926,1279,Academy of Music
5346,"Cranbourn Street, Leicester Square",London,NULL,NULL,NULL,NULL,600,Daly's Theatre
5355,29 Shaftesbury Avenue,London,NULL,NULL,NULL,NULL,775,Apollo Theatre
5359,13-08 5th Avenue,"Seattle, WA",NULL,NULL,NULL,NULL,2115,Fifth Avenue Theatre
5369,7th Ave. S. near Christopher,New York,NY,NULL,NULL,NULL,NULL,Greenwich Village Theatre
5370,Wood Green Ð Leicester Square,London,NULL,NULL,NULL,1927,NULL,Empire Theatre
5372,6th Avenue between 43rd and 44th Streets,New York,NY,NULL,NULL,1939,5200,Hippodrome Theatre
5387,40 W. 4th St.,New York,NY,NULL,NULL,NULL,NULL,ANTA Washington Square Theatre
5443,East end of Strand,London,NULL,NULL,NULL,1957,1267,Gaiety Theatre
5445,NULL,Washington,DC,NULL,NULL,NULL,514,Kreeger Theatre
5449,119 West 39th St.,New York,NY,NULL,NULL,1926,NULL,39th Street Theatre
5476,1363 Old Globe Way,San Diego,CA,92101,NULL,NULL,NULL,Old Globe Theatre
5480,445 Geary St,San Francisco,CA,94102,NULL,NULL,1665,Curran Theatre
5488,217 West 45th Street,New York,NY,NULL,NULL,1982,954,Morosco Theatre
5506,"300 King Street West Toronto, ON M5V 1J2, Canada",Toronto,NULL,NULL,NULL,NULL,NULL,Princess of Wales Theatre
5509,NULL,Los Angeles,CA,NULL,NULL,NULL,NULL,Huntington Hartford Theatre
5525,1567 Broadway at 47th Street,New York,NY,NULL,NULL,2000,1100,Central Theatre
5537,219 West 48th St.,New York,NY,NULL,NULL,NULL,945,Walter Kerr Theatre
5542,1887 Broadway at 62nd St.,New York,NY,NULL,NULL,1977,1265,Harkness Theatre
5544,1481 Broadway,New York,NY,NULL,NULL,1998,1960,Rialto Theatre
5548,3011 W Grand Blvd # F1,Detroit,MI,48202,NULL,NULL,2975,Fisher Theatre
5556,NULL,Cohoes,NY,NULL,NULL,NULL,NULL,Cohoes Musical Hall
5557,264 Tremont Street,Boston,MA,NULL,NULL,NULL,1200,Wilbur Theatre
5558,NULL,Los Angeles,CA,NULL,NULL,NULL,3086,Dorothy Chandler Pavillion
5559,2700 F Street,Washington,DC,20566,NULL,NULL,2318,Kennedy Center [Opera House]
5562,NULL,NULL,NULL,NULL,NULL,NULL,NULL,New Locust Theatre
5563,NULL,"Oakland, CA",NULL,NULL,NULL,NULL,50000,Oakland Coliseum
5567,106 Boylston St.,Boston,MA,NULL,NULL,NULL,NULL,Colonial Theatre
5568,100 E. 17th Street,New York,NY,NULL,NULL,NULL,499,Union Square Theatre
5573,70 S. Main St.,"New Hope, PA",NULL,NULL,NULL,NULL,NULL,Bucks County Playhouse
5574,NULL,"Owing Mills, MD",NULL,NULL,NULL,NULL,NULL,Painters Mill Music Fair
5575,NULL,"Westbury, NY",NULL,NULL,NULL,NULL,NULL,Westbury Music Fair
5578,NULL,NULL,NULL,NULL,NULL,NULL,NULL,American Shakespeare Theatre
5581,260 King Street West,Toronto,NULL,NULL,NULL,NULL,1500,Royal Alexandra Theatre
5582,NULL,"Phoenix, AZ",NULL,NULL,NULL,NULL,NULL,Palace West Theatre
5585,25 Hopkins Plaza,"Baltimore, MD",NULL,NULL,NULL,NULL,1600,Mechanic Theatre
5586,NULL,NULL,NULL,NULL,NULL,NULL,NULL,Blackstone Theatre
5609,NULL,"St. Louis, MO",NULL,NULL,NULL,NULL,12000,St. Louis Municipal Theatre
5622,109 West 39th Street,New York,NY,NULL,NULL,1960,900,Maxine Elliott's Theatre
5624,125 W. 48th St.,New York,NY,NULL,NULL,1951,500,Belmont Theatre
5637,485 Broadway,New York,NY,NULL,NULL,1869,NULL,Olympic Theatre
5640,64-6 Nassau Street,New York,NY,NULL,NULL,NULL,NULL,Nassau Street Theatre
5641,15-21 John Street,New York,NY,NULL,NULL,1798,NULL,John Street Theatre
5649,46-8 Bowery,New York,NY,NULL,NULL,NULL,NULL,Bowery Theatre
5651,444 Broadway,New York,NY,NULL,NULL,1866,NULL,American Theatre
5654,Chatham Street (Roosevelt & James),New York,NY,NULL,NULL,NULL,2200,Chatham Theatre
5658,39-41 Chambers St.,New York,NY,NULL,NULL,NULL,NULL,Burton's Chamber Street Theatre
5673,Canal and Hester,New York,NY,NULL,NULL,1866,NULL,New Bowery Theatre
5685,NULL,NULL,NULL,NULL,NULL,NULL,NULL,Old Bowery Theatre
5697,NULL,NULL,NULL,NULL,NULL,NULL,NULL,Wood's Theatre
5703,NULL,NULL,NULL,NULL,NULL,NULL,NULL,Thèåtre Français
5705,107 West 14th Street,New York,NY,NULL,NULL,1938,1100,14th Street Theatre
5714,NULL,NULL,NULL,NULL,NULL,NULL,NULL,Lina Edwin's
5717,539-41 Broadway,New York,NY,NULL,NULL,1868,NULL,Barnum's New Museum
5720,8th Ave. & 23rd St.,New York,NY,NULL,NULL,1961,1890,Grand Opera House
5721,231 Broadway,New York,NY,NULL,NULL,NULL,NULL,Tammany Hall
5726,24th St. (5th and Madison),New York,NY,NULL,NULL,1873,1254,Daly's Fifth Avenue Theatre
5731,622 Broadway,New York,NY,NULL,NULL,1880,NULL,Laura Keene's Varieties
5735,Edgeware Road,London,NULL,NULL,1962,1963,1855,Metropolitan Music Hall
5741,23rd St. (6th Ave.),New York,NY,NULL,NULL,1883,NULL,Booth's Theatre
5744,West 23rd Street & 6th Avenue,New York,NY,NULL,NULL,1901,NULL,Bryant's Opera House
5748,NULL,NULL,NULL,NULL,NULL,NULL,NULL,Theatre Francaise
5763,Piccadilly Circus,London,NULL,NULL,NULL,NULL,591,Criterion Theatre
5783,1239 Broadway,New York,NY,NULL,NULL,1915,NULL,Bijou Theatre
5792,NULL,NULL,NULL,NULL,NULL,NULL,NULL,Banvard's Opera House
5794,61 Madison Avenue,New York,NY,NULL,NULL,1925,1200,Garden Theatre
5798,1514-16 Broadway (44th St.),New York,NY,NULL,NULL,1935,NULL,Olympia Theatre: Lyric Theatre
5800,201 West 42nd Street,New York,NY,NULL,NULL,1935,1200,Hammerstein's Victoria Theatre
5802,138 N. Main St.,"Dayton, OH",NULL,NULL,NULL,NULL,NULL,Victoria Theatre
5803,1230 Fifth Avenue,New York,NY,NULL,NULL,NULL,NULL,Heckscher Theatre
5809,17 Irving Pl.,New York,NY,NULL,NULL,NULL,NULL,Irving Plaza
5817,123 West 43rd St.,New York,NY,NULL,NULL,NULL,NULL,Town Hall
5822,2025 Broadway,"Oakland, CA",NULL,NULL,NULL,NULL,NULL,Paramount Theatre
5829,Broadway at 39th St.,New York,NY,NULL,NULL,1967,3045,Metropolitan Opera House
5830,"22 E. 27th St. (Madison Ave.), Roof",New York,NY,NULL,NULL,1925,NULL,Madison Square Roof Garden
5831,"44th St., near 5th Ave.",New York,NY,NULL,NULL,NULL,NULL,Mrs. Osborn's Playhouse
5842,"201 W. 42nd St., Roof",New York,NY,NULL,NULL,1935,NULL,Paradise Roof Garden
5860,214 W. 42nd St.,New York,NY,NULL,NULL,NULL,680,New Amsterdam Roof
5862,NULL,Hollywood,CA,NULL,NULL,NULL,NULL,El Capitan Theatre
5871,NULL,Philadelphia,PA,NULL,NULL,NULL,1052,Walnut Street Theatre
5889,1537 Broadway,New York,NY,NULL,NULL,1982,NULL,Astor Theatre
5892,Broadway & 66th St.,New York,NY,NULL,NULL,NULL,NULL,Lincoln Square Theatre
5905,NULL,NULL,NULL,NULL,NULL,NULL,NULL,Tammany Grand Theatre
5906,NULL,NULL,NULL,NULL,NULL,NULL,NULL,Wood's Museum
5921,NULL,NULL,NULL,NULL,NULL,NULL,NULL,Wood's Museum and Menagerie
5933,236 West 45th St.,New York,NY,NULL,NULL,NULL,1079,Gerald Schoenfeld Theatre
5934,242 West 45th St.,New York,NY,NULL,NULL,NULL,1078,Bernard B. Jacobs Theatre
6025,213 West 42nd St.,New York,NY,NULL,NULL,NULL,1839,Hilton Theatre
6032,1 Taylor Street,San Francisco,CA,NULL,NULL,NULL,2400,Golden Gate Theatre
6039,15 East Caracas Avenue,Hershey,PA,17033,NULL,NULL,NULL,Hershey Theatre
6043,910 Hennepin Avenue,Minneapolis,MN,55403,NULL,NULL,NULL,Orpheum Theatre
6044,151 West Randolph Street,Chicago,IL,NULL,NULL,NULL,2500,Cadillac Palace Theatre
6048,142nd Street and Lennox,New York,NY,NULL,NULL,NULL,NULL,Cotton Club
6055,22-6 West 63rd Street,New York,NY,NULL,NULL,1957,NULL,Daly's 63rd Street Theatre
6065,NULL,Atlantic City,NJ,NULL,NULL,NULL,NULL,Nixon's Apollo Theatre
6067,NULL,Philadelphia,PA,NULL,NULL,NULL,NULL,Nixon Theatre
6071,569 Lexington Ave.,New York,NY,NULL,NULL,NULL,NULL,Lexington Theatre
6076,141 W. 44th St.,New York,NY,NULL,NULL,NULL,1100,Hudson Theatre (Broadway)
6080,NULL,Princeton,NJ,NULL,NULL,NULL,1100,McCarter Theatre [Mainstage]
6084,NULL,"Stratford Upon Avon, England",NULL,NULL,NULL,NULL,1412,Royal Shakespeare Theatre
6086,NULL,Los Angeles,CA,NULL,NULL,NULL,NULL,Music Center Pavilion
6088,70 Royal Poinciana Plaza,Palm Beach,FL,NULL,NULL,NULL,852,Royal Poinciana Playhouse
6102,200 W. 48th St.,New York,NY,NULL,NULL,NULL,NULL,Latin Quarter
6108,"216 W. 44th St., Roof",New York,NY,NULL,NULL,1945,NULL,Nora Bayes Theatre
6126,650 Geary Street,San Francisco,CA,NULL,NULL,NULL,NULL,Alcazar
6132,139-41 East 55th Street,New York,NY,NULL,NULL,NULL,NULL,American Music Hall
6152,226 W. 42nd St.,New York,NY,NULL,1933,NULL,NULL,Sam H. Harris Theatre
6187,247 W. 48th St.,New York,NY,NULL,1956,1988,299,Edyth Totten Theatre
6220,359 W. 48th St.,New York,NY,NULL,NULL,NULL,400,Jack Lawrence Theatre
6287,NULL,"Worcester, MA",NULL,NULL,NULL,NULL,NULL,Worcester Theatre
6288,NULL,Indianapolis,NULL,NULL,NULL,NULL,NULL,Civic Theatre
6296,2301 South Lake Shore Dr.,Chicago,IL,NULL,NULL,NULL,4319,Arie Crown Theatre
6315,NULL,"Wayne, NJ",NULL,NULL,NULL,NULL,NULL,William Paterson College Theatre
6324,710 Main St.,"Buffalo, NY",NULL,NULL,NULL,NULL,637,Studio Arena Theatre
6335,NULL,"East Hampton, NY",NULL,NULL,NULL,NULL,NULL,John Drew Theatre
6394,1020 Broad Street,"Newark, NJ",NULL,NULL,NULL,NULL,2880,Mosque Theatre
6396,NULL,"Detroit, MI",NULL,NULL,NULL,NULL,NULL,Cass Theatre
6398,539 Washington Street,Boston,MA,NULL,NULL,NULL,NULL,Boston Opera House
6399,135 W. San Carlos St.,"San Jose, CA",NULL,NULL,NULL,NULL,3060,Civic Auditorium
6401,NULL,"Glen Cove, NY",NULL,NULL,NULL,NULL,NULL,Northstage Theatre
6405,"511 10th Street, NW",Washington,DC,NULL,NULL,NULL,NULL,Ford's Theatre
6406,27 Front Street East,Toronto,NULL,NULL,NULL,NULL,876,Bluma Appel Theatre [St. Lawrence Centre for the Arts]
6507,NULL,"Tarrytown, NY",NULL,NULL,NULL,NULL,NULL,Music Hall
6563,NULL,NULL,NULL,NULL,NULL,NULL,NULL,O'Keefe Centre
6599,725 Vineland Place,"Minneapolis, MN",NULL,NULL,NULL,NULL,NULL,Guthrie Theatre
6600,276 Tremont Street,Boston,MA,NULL,NULL,NULL,NULL,Tremont Theatre
6622,263 W. 86th St.,New York,NY,NULL,NULL,NULL,NULL,West End Theatre
6665,NULL,New York,NY,NULL,NULL,NULL,NULL,3rd Avenue Theatre
6668,NULL,New York,NY,NULL,NULL,NULL,NULL,Columbus Theatre
6670,143 E. 14th St.,New York,NY,NULL,1928,1928,NULL,Tony Pastor's 14th Street Theatre
6696,245 W. 52nd St.,New York,NY,10019,NULL,NULL,1228,August Wilson Theatre
6755,NULL,"Montreal, Canada",NULL,NULL,NULL,NULL,NULL,Garden of Stars Expo 67
6829,NULL,New York,NY,NULL,NULL,NULL,NULL,New York Comedy Theatre
6840,1021-1029 Chestnut St.,Philadelphia,PA,NULL,NULL,NULL,NULL,Chestnut Street Opera House
6902,235 W. 49th St.,New York,NY,NULL,1940,1940,750,49th Street Theatre
6905,250 W. 52nd St.,New York,NY,NULL,NULL,NULL,1344,Alvin Theatre
6906,226 W.46th St.,New York,NY,NULL,NULL,NULL,1368,46th Street Theatre
6983,152 W. 54th St.,New York,NULL,NULL,NULL,1970,NULL,54th Street Theatre
6984,261 W. 47th St.,New York,NY,NULL,NULL,NULL,650,Samuel J. Friedman Theatre
6985,250 W. 52nd St.,New York,NY,10019,NULL,NULL,1467,Neil Simon Theatre
6987,219 W. 49th St.,New York,NY,10019,NULL,NULL,1125,Ambassador Theatre
6994,226 W. 46th St.,New York,NY,10036,NULL,NULL,1400,Richard Rodgers Theatre
6996,226 W. 46th St.,New York,NY,10036,NULL,NULL,1380,Chanin's 46th Street Theatre
7000,246 W. 44th St.,New York,NY,10036,NULL,NULL,1710,Erlanger's Theatre
7003,213 W. 42nd St.,New York,NY,10036,NULL,NULL,1829,Ford Center for the Performing Arts
7006,230 W. 49th St.,New York,NY,10019,NULL,NULL,1108,Forrest Theatre
7011,254 W. 54th St.,New York,NY,10019,NULL,NULL,922,New Yorker Theatre
7016,254 W. 54th St.,New York,NY,10019,NULL,NULL,922,Gallo Opera House
7018,205 W. 46th St.,New York,NY,10036,NULL,NULL,1509,Globe Theatre
7020,245 W. 52nd St.,New York,NY,10019,NULL,NULL,1222,Virginia Theatre
7024,245 W. 52nd St.,New York,NY,10019,NULL,NULL,1222,Guild Theatre
7027,240 W. 44th St.,New York,NY,10036,NULL,NULL,597,Little Theatre
7033,149 W. 45th St.,New York,NY,10036,NULL,NULL,922,Lyceum Theatre (Broadway)
7037,256 W. 47th St.,New York,NY,10036,NULL,NULL,1109,Mansfield Theatre
7038,256 W. 47th St.,New York,NY,10036,NULL,NULL,1109,Lew Fields' Mansfield Theatre
7040,1535 Broadway,New York,NY,10036,NULL,NULL,1612,Marquis Theatre
7042,302 W. 45th St.,New York,NY,10036,NULL,NULL,1437,Martin Beck Theatre
7044,252 W. 45th St.,New York,NY,10036,NULL,NULL,805,Theatre Masque
7047,208 W. 41st St.,New York,NY,10036,NULL,NULL,1235,Nederlander Theatre
7048,208 W. 41st St.,New York,NY,10036,NULL,NULL,1232,Trafalgar Theatre
7049,208 W. 41st St.,New York,NY,10036,NULL,NULL,1232,Billy Rose Theatre
7050,208 W. 41st St.,New York,NY,10036,NULL,NULL,1232,National Theatre
7054,236 W. 45th St.,New York,NY,10036,NULL,NULL,1093,Plymouth Theatre
7057,219 W. 48th St.,New York,NY,10036,NULL,NULL,947,Ritz Theatre
7059,242 W. 45th St.,New York,NY,10036,NULL,NULL,1101,Royale Theatre
7063,229 W. 42nd St.,New York,NY,10036,NULL,NULL,740,Selwyn Theatre
7066,111 W. 44th St.,New York,NY,10036,NULL,NULL,1040,Stuyvesant Theatre
7068,222 W. 51st St.,New York,NY,10019,NULL,NULL,1935,Uris Theatre
7070,1634 Broadway (At W. 50th St.),New York,NY,10019,NULL,NULL,1526,Winter Garden Theatre (Broadway)
7083,(address unknown),New York,NY,NULL,NULL,NULL,NULL,Harlem Music Hall
7087,(address unknown),New York,NY,NULL,NULL,NULL,NULL,[Venue Name unknown]
7088,107 W. 14th St. (Sixth Ave),New York,NY,NULL,NULL,1938,1100,nan
7090,107 W. 14th St. (Sixth Ave),New York,NY,NULL,NULL,1938,1100,Haverly's 14th Street Theatre
7091,107 W. 14th St. (Sixth Ave),New York,NY,NULL,NULL,1938,1100,Civic Repertory Theatre
7092,"216 W. 44th St., Roof",New York,NY,NULL,1940,1945,865,Lew Fields' 44th Street Roof Garden
7094,157 W. 48th St.,New York,NY,NULL,NULL,1955,970,48th Street Theatre
7095,157 W. 48th St.,New York,NY,NULL,NULL,1955,970,Windsor Theatre
7099,(address unknown),New York,NY,NULL,NULL,NULL,NULL,52nd Street Theatre
7100,110 W. 57th St.,New York,NY,NULL,NULL,NULL,NULL,57th Street Playhouse
7101,22 W. 63rd St.,New York,NY,NULL,1941,1957,1025,63rd Street Music Hall
7106,22 W. 63rd St.,New York,NY,NULL,1941,1957,1025,Coburn Theatre
7107,22 W. 63rd St.,New York,NY,NULL,1941,1957,1025,Recital Theatre
7108,22 W. 63rd St.,New York,NY,NULL,1941,1957,1025,Park Lane Theatre
7110,22 W. 63rd St.,New York,NY,NULL,1941,1957,1025,Experimental Theatre
7111,1396 Broadway (West 38th St.),New York,NY,NULL,1930,1930,1500,Abbey's Theatre
7114,"214 W. 42nd St., Roof",New York,NY,NULL,NULL,NULL,680,Aerial Gardens
7116,"214 W. 42nd St., Roof",New York,NY,NULL,NULL,NULL,680,Danse de Follies
7117,"214 W. 42nd St., Roof",New York,NY,NULL,NULL,NULL,680,Dresden Theatre
7118,"214 W. 42nd St., Roof",New York,NY,NULL,NULL,NULL,680,Frolic Theatre
7125,260 West 42nd Street,New York,NY,NULL,1930,1932,2065,American Theatre
7126,260 West 42nd Street,New York,NY,NULL,1930,1932,2065,American Music Hall
7127,(address unknown),New York,NY,NULL,NULL,NULL,NULL,American Laboratory
7130,79-85 Anthony St. (later Worth St.),New York,NY,NULL,NULL,1821,NULL,Anthony Street Theatre
7132,223 W. 42nd St.,New York,NY,NULL,NULL,1996,1200,Apollo Theatre
7133,223 W. 42nd St.,New York,NY,NULL,NULL,1996,1200,New Apollo Theatre
7135,240 W. 47th St.,New York,NY,NULL,NULL,NULL,NULL,Arena Theatre
7136,240 W. 47th St.,New York,NY,NULL,NULL,NULL,NULL,Edison Theatre
7138,57th St.,New York,NY,NULL,1926,1969,1736,Bandbox Theatre
7139,106 Central Park South,New York,NY,NULL,NULL,NULL,NULL,Barbizon-Plaza Theatre
7140,(address unknown),New York,NY,NULL,NULL,NULL,NULL,Bedlow Street Theatre
7142,19 W. 44th St.,New York,NY,NULL,NULL,NULL,NULL,Berkeley Lyceum Theatre
7145,209 W. 45th St.,New York,NY,NULL,NULL,1982,600,Bijou Theatre
7156,46 Bowery,New York,NY,NULL,NULL,1929,NULL,Thalia Theatre
7157,46 Bowery,New York,NY,NULL,NULL,1929,NULL,Fay's Bowery Theatre
7158,138 E. 27th St.,New York,NY,NULL,NULL,NULL,NULL,Bramhall Playhouse
7162,226 W. 42nd St.,New York,NY,NULL,1933,1996,1200,Candler Theatre
7163,226 W. 42nd St.,New York,NY,NULL,1933,1996,1200,Cohan and Harris
7165,W. 57th St. and Seventh Ave.,New York,NY,NULL,NULL,NULL,NULL,Carnegie Hall
7166,W. 57th St.,New York,NY,NULL,NULL,NULL,NULL,Carnegie Lyceum
7167,1404 Broadway (W. 39th),New York,NY,NULL,1930,1930,875,Casino Theatre
7172,1567 Broadway (47th St.),New York,NY,NULL,1934,NULL,1100,Holiday Theatre
7179,"235 W. 46th St., Basement",New York,NY,NULL,NULL,NULL,NULL,Stairway Theatre
7180,"235 W. 46th St., Basement",New York,NY,NULL,NULL,NULL,NULL,Century Theatre
7181,(address unknown),New York,NY,NULL,NULL,NULL,NULL,Chanin Auditorium
7185,Chapel St. (later Beekman St.),New York,NY,NULL,NULL,NULL,NULL,Chapel Street Theatre
7186,38 Commerce St.,New York,NY,NULL,NULL,NULL,NULL,New Playwrights Theatre
7188,(address unknown),New York,NY,NULL,NULL,NULL,NULL,Children's Theatre
7189,1825 Broadway at 60th St.,New York,NY,NULL,1935,1954,NULL,Circle Theatre
7191,131 W. 55th St.,New York,NY,NULL,NULL,NULL,2750,City Center
7192,"Central Park West at 62nd St., Roof",New York,NY,NULL,NULL,1930,500,Century Promenade
7193,"Central Park West at 62nd St., Roof",New York,NY,NULL,NULL,1930,500,Cocoanut Grove Theatre
7194,"Central Park West at 62nd St., Roof",New York,NY,NULL,NULL,1930,500,Century Grove
7196,110 W. 41st St.,New York,NY,NULL,NULL,1942,625,Comedy Theatre
7197,110 W. 41st St.,New York,NY,NULL,NULL,1942,625,Collier's Comedy Theatre
7199,110 W. 41st St.,New York,NY,NULL,NULL,1942,625,Mercury Theatre
7202,152 W. 54th St.,New York,NY,NULL,NULL,1970,1400,Craig Theatre
7203,152 W. 54th St.,New York,NY,NULL,NULL,1970,1400,Adelphi Theatre
7208,152 W. 54th St.,New York,NY,NULL,NULL,1970,1400,George Abbott Theatre
7210,(address unknown),New York,NY,NULL,NULL,NULL,NULL,Crystal Gardens
7211,753 Seventh Ave. (W. 50th St.),New York,NY,NULL,1939,1990,1025,Earl Carroll Theatre
7213,753 Seventh Ave. (W. 50th St.),New York,NY,NULL,1939,1990,1025,Casino Theatre
7216,189 Second Ave at 12th St.,New York,NY,NULL,NULL,NULL,NULL,Eden Theatre
7220,247 W. 48th St.,New York,NY,NULL,1956,1988,300,President Theatre
7227,247 W. 48th St.,New York,NY,NULL,1956,1988,300,Artef Theatre
7230,236 W. 42nd St.,New York,NY,NULL,1942,NULL,900,Eltinge 42nd Street Theatre
7233,1430 Broadway (40th & 41st),New York,NY,NULL,NULL,1953,1100,Empire Theatre
7237,210 W. 46th St.,New York,NY,NULL,NULL,1982,895,Folies-Bergere
7238,210 W. 46th St.,New York,NY,NULL,NULL,1982,895,Fulton Theatre
7245,1547 Broadway at W. 46th St.,New York,NY,NULL,1943,1982,790,Gaiety Theatre
7258,(address unknown),New York,NY,NULL,NULL,NULL,NULL,Gansevoort Theatre
7266,"7th Ave. South, near Christopher",New York,NY,NULL,NULL,NULL,425,Irish Theatre
7274,1697 Broadway at W. 53rd St.,New York,NY,NULL,NULL,NULL,1205,Hammerstein's Theatre
7283,125th Street between 7th and 8th,New York,NY,NULL,NULL,NULL,NULL,Harlem Opera House
7288,124 W. 43rd St.,New York,NY,NULL,2004,NULL,635,Xenon
7289,124 W. 43rd St.,New York,NY,NULL,2004,NULL,635,Kit Kat Klub
7292,1331 Broadway (29 W. 35th St.),New York,NY,NULL,1914,1915,1150,Herald Square Theatre
7293,1655 Broadway & 237 W. 51st St,New York,NY,NULL,1989,NULL,1505,Hollywood Theatre
7295,1655 Broadway & 237 W. 51st St,New York,NY,NULL,1989,NULL,1505,51st Street Theatre
7306,202 W. 58th St.,New York,NY,NULL,NULL,1985,825,Cort's 58th Street Theatre
7309,202 W. 58th St.,New York,NY,NULL,NULL,1985,825,Concert Theatre
7316,932 Seventh Ave. at W. 58th St.,New York,NY,NULL,1954,1962,1700,Jolson's 59th Street Theatre
7317,932 Seventh Ave. at W. 58th St.,New York,NY,NULL,1954,1962,1700,Central Park Theatre
7318,932 Seventh Ave. at W. 58th St.,New York,NY,NULL,1954,1962,1700,Shakespeare Theatre
7319,932 Seventh Ave. at W. 58th St.,New York,NY,NULL,1954,1962,1700,Venice Theatre
7321,932 Seventh Ave. at W. 58th St.,New York,NY,NULL,1954,1962,1700,Molly Picon Theatre
7324,251 W. 45th St.,New York,NY,NULL,1934,1954,805,Klaw Theatre
7325,251 W. 45th St.,New York,NY,NULL,1934,1954,805,Avon Theatre
7327,132nd St. and 7th Ave.,New York,NY,NULL,NULL,NULL,NULL,Lafayette Theatre
7333,200 W. 48th St.,New York,NY,NULL,NULL,NULL,499,22 Steps
7334,200 W. 48th St.,New York,NY,NULL,NULL,NULL,499,Princess Theatre
7337,622 Broadway,New York,NY,NULL,1880,1880,NULL,Olympic Theatre
7338,(address unknown),New York,NY,NULL,NULL,NULL,NULL,Lenox Hill Theatre
7339,(address unknown),New York,NY,NULL,NULL,NULL,NULL,Lenox Little Theatre
7340,254 W. 42nd St.,New York,NY,NULL,1930,1997,880,Lew M. Fields Theatre
7341,254 W. 42nd St.,New York,NY,NULL,1930,1997,880,Hackett Theatre
7342,254 W. 42nd St.,New York,NY,NULL,1930,1997,880,Harris Theatre
7343,254 W. 42nd St.,New York,NY,NULL,1930,1997,880,Frazee Theatre
7344,254 W. 42nd St.,New York,NY,NULL,1930,1997,880,Wallack's Theatre
7358,214 W. 42nd St.,New York,NY,NULL,1934,1996,1938,Lyric Theatre (Broadway)
7363,24th St. (5th and Madison),New York,NY,NULL,NULL,1908,NULL,Hoyt's Theatre
7366,5 Columbus Circle (W. 58th & 59th),New York,NY,NULL,NULL,NULL,1355,Park Theatre
7368,5 Columbus Circle (W. 58th & 59th),New York,NY,NULL,NULL,NULL,1355,Cosmopolitan Theatre
7369,5 Columbus Circle (W. 58th & 59th),New York,NY,NULL,NULL,NULL,1355,Theatre of Young America
7371,5 Columbus Circle (W. 58th & 59th),New York,NY,NULL,NULL,NULL,1355,International Theatre
7372,5 Columbus Circle (W. 58th & 59th),New York,NY,NULL,NULL,NULL,1355,Columbus Circle
7375,311 West 34th St.,New York,NY,NULL,1940,NULL,3100,Manhattan Opera House
7390,235 W. 46th St.,New York,NY,NULL,NULL,NULL,NULL,Mayfair Theatre
7391,40th St. near Broadway,New York,NY,NULL,NULL,NULL,NULL,Mendelssohn Hall
7392,(address unknown),New York,NY,NULL,NULL,NULL,NULL,Miner's Fifth Avenue Theatre
7393,200 W. 45th St.,New York,NY,10036,NULL,NULL,1710,Minskoff Theatre
7396,Lexington Ave. near E.42nd St.,New York,NY,NULL,NULL,NULL,NULL,Murray Hill Theatre
7402,119 W. 39th St.,New York,NY,NULL,1926,1926,700,Nazimova's 39th Street Theatre
7404,466 Grand St.,New York,NY,NULL,NULL,1927,NULL,Neighborhood Playhouse
7405,Central Park West at W. 62nd St.,New York,NY,NULL,NULL,1930,2320,New Theatre
7409,Nassau St.,New York,NY,NULL,1754,1758,NULL,New Theatre
7414,537 Broadway,New York,NY,NULL,NULL,1895,NULL,Niblo's Garden
7415,125 W. 48th St.,New York,NY,NULL,1937,1951,500,Norworth Theatre
7419,4th Avenue (23rd & 24th),New York,NY,NULL,NULL,1902,NULL,Lyceum Theatre
7420,444 Broadway,New York,NY,NULL,1852,1854,NULL,Olympic Theatre
7422,(address unknown),New York,NY,NULL,NULL,NULL,NULL,Palm Garden Theatre
7424,Broadway at 30th St.,New York,NY,NULL,NULL,1915,NULL,Palmer's Theatre
7429,104 W. 39th St.,New York,NY,NULL,1926,1955,300,Princess Theatre
7431,104 W. 39th St.,New York,NY,NULL,1926,1955,300,Lucille La Verne Theatre
7433,104 W. 39th St.,New York,NY,NULL,1926,1955,300,Assembly Theatre
7435,104 W. 39th St.,New York,NY,NULL,1926,1955,300,Labor Stage Theatre
7439,133 MacDougal St.,New York,NY,NULL,NULL,NULL,NULL,Provincetown Playhouse
7440,155 W. 49th St.,New York,NY,NULL,1933,1987,300,Punch and Judy Theatre
7441,155 W. 49th St.,New York,NY,NULL,1933,1987,300,Charles Hopkins Theatre
7445,1260 6th Ave.,New York,NY,NULL,NULL,NULL,5880,Radio City Music Hall
7446,207 W. 42nd,New York,NY,NULL,NULL,NULL,1100,Theatre Republic
7447,207 W. 42nd,New York,NY,NULL,NULL,NULL,1100,The Old Belasco Theatre
7452,Varick St.,New York,NY,NULL,NULL,1849,NULL,Richmond Hill Theatre
7465,Convent Ave. at 138th St.,New York,NY,NULL,NULL,1973,NULL,Lewisohn Stadium of City College of New York
7467,102 W. 33rd St.,New York,NY,NULL,1907,1909,1100,Standard Theatre
7468,102 W. 33rd St.,New York,NY,NULL,1907,1909,1100,Manhattan Theatre
7471,(address unknown),New York,NY,NULL,NULL,NULL,NULL,Sutton Show Shop
7473,(address unknown),New York,NY,NULL,NULL,NULL,NULL,Triangle Theatre
7474,58 E. 14th St.,New York,NY,NULL,1936,NULL,NULL,Union Square Theatre
7479,(address unknown),New York,NY,NULL,NULL,NULL,NULL,Vaudeville Theatre
7480,201 West 42nd Street,New York,NY,NULL,1915,1935,950,Victoria Theatre
7482,150 West 65th St. at Broadway,New York,NY,10023,NULL,NULL,1080,Vivian Beaumont Theatre
7483,116 W. 50th St.,New York,NY,NULL,1933,1968,1050,Waldorf Theatre
7487,216 W. 44th St.,New York,NY,NULL,1945,1945,1465,Weber and Fields' Music Hall
7488,216 W. 44th St.,New York,NY,NULL,1945,1945,1465,44th Street Theatre
7489,(address unknown),New York,NY,NULL,NULL,NULL,NULL,Willis Theatre
7493,"6th Avenue at W. 54th St., Roof",New York,NY,NULL,1965,1966,1660,Ziegfeld Theatre
7494,1514-16 Broadway (44th St.),New York,NY,NULL,1915,1935,2800,Olympia Theatre: Music Hall
7496,1514-16 Broadway (44th St.),New York,NY,NULL,1915,1935,2800,Moulin Rouge
7506,"1514-16 Broadway (44th St.), Roof",New York,NY,NULL,NULL,1935,NULL,New York Roof
7512,1887 Broadway at 62nd St.,New York,NY,NULL,NULL,1977,1265,New Colonial Theatre
7513,1887 Broadway at 62nd St.,New York,NY,NULL,NULL,1977,1265,Hampden's Theatre
7518,31 W. 28th St. (Broadway),New York,NY,NULL,NULL,1939,1530,New Fifth Avenue Theatre
7519,31 W. 28th St. (Broadway),New York,NY,NULL,NULL,1939,1530,Fifth Avenue Theatre
7523,67 W. 35th St.,New York,NY,NULL,1929,1932,910,Harrigan's Theatre
7524,67 W. 35th St.,New York,NY,NULL,1929,1932,910,Garrick Theatre
7525,67 W. 35th St.,New York,NY,NULL,1929,1932,910,Theatre du Vieux Columbier
7528,112 W. 34th St.,New York,NY,NULL,1933,1952,840,Savoy Theatre
7537,326 Broadway,New York,NY,NULL,NULL,1859,4500,Broadway Theatre
7543,624 Broadway,New York,NY,NULL,NULL,1867,NULL,Old Winter Garden Theatre
7544,485 Broadway,New York,NY,NULL,NULL,1869,NULL,Brougham's Lyceum Theatre
7545,485 Broadway,New York,NY,NULL,NULL,1869,NULL,Wallack's Lyceum Theatre
7546,485 Broadway,New York,NY,NULL,NULL,1869,NULL,Broadway Theatre
7547,23rd St. (8th Ave.),New York,NY,NULL,NULL,1960,NULL,Pike's Opera House
7550,720 Broadway,New York,NY,NULL,NULL,NULL,NULL,Waverley Theatre
7553,Leonard & Church Sts.,New York,NY,NULL,NULL,1841,NULL,National Theatre
7555,23 Park Row,New York,NY,NULL,NULL,1848,NULL,Park Theatre
7556,844 Broadway,New York,NY,NULL,NULL,1901,NULL,Wallack's Theatre
7557,844 Broadway,New York,NY,NULL,NULL,1901,NULL,Star Theatre
7559,1221 Broadway (30th St.),New York,NY,NULL,NULL,1920,NULL,Wood's Museum and Metropolitan
7560,1221 Broadway (30th St.),New York,NY,NULL,NULL,1920,NULL,Broadway Theatre
7561,1221 Broadway (30th St.),New York,NY,NULL,NULL,1920,NULL,Daly's Theatre
7563,Broadway at 39th St.,New York,NY,NULL,NULL,1966,NULL,New Opera House
7566,18th St. (5th Ave.),New York,NY,NULL,NULL,NULL,NULL,Chickering Hall
7571,Canal St.,New York,NY,NULL,1838,NULL,NULL,Broadway Theatre
7580,199 Bowery,New York,NY,NULL,NULL,NULL,NULL,People's Theatre
7584,29th St. (Broadway),New York,NY,NULL,NULL,1907,NULL,San Francisco Music Hall
7586,29th St. (Broadway),New York,NY,NULL,NULL,1907,NULL,Princess Theatre
7599,Bedlow Street (later Madison St.),New York,NY,NULL,NULL,NULL,NULL,Grove Theatre
7607,Chatham Street,New York,NY,NULL,1832,NULL,NULL,Chatham Gardens Theatre
7610,Broadway,New York,NY,NULL,NULL,NULL,NULL,African Grove
7620,Chatham Street (Roosevelt & James),New York,NY,NULL,NULL,NULL,NULL,Purdy's New National
7624,Broadway,New York,NY,NULL,1853,NULL,NULL,Astor Place Opera House
7635,514 Broadway (Spring & Broome),New York,NY,NULL,NULL,NULL,NULL,Theatre Comique
7636,514 Broadway (Spring & Broome),New York,NY,NULL,NULL,NULL,NULL,Wood's Minstrel Hall
7648,720 Broadway,New York,NY,NULL,NULL,NULL,NULL,Hope Chapel
7649,720 Broadway,New York,NY,NULL,NULL,NULL,NULL,Kelly and Leon's
7651,728 Broadway (Waverly),New York,NY,NULL,NULL,1884,NULL,Lucy Rushton's New York Theatre
7652,728 Broadway (Waverly),New York,NY,NULL,NULL,1884,NULL,New York Theatre
7653,728 Broadway (Waverly),New York,NY,NULL,NULL,1884,NULL,Worrell Sisters' New York Theatre
7659,932 Broadway (21st St),New York,NY,NULL,1882,1882,NULL,Abbey's Park Theatre
7661,23rd Street (6th Ave.),New York,NY,NULL,NULL,1924,NULL,Koster and Bial's Music Hall
7664,141 West 23rd St. (6th & 7th Ave),New York,NY,NULL,NULL,NULL,NULL,Proctor's Theatre
7671,20 Lincoln Center,New York,NY,NULL,NULL,NULL,NULL,New York State Theatre
7698,513 13th Street NW,Washington,DC,20004,NULL,NULL,NULL,Warner Theatre
7738,The American Tobacco District 123 Vivian Street,Durham,NC,27701,NULL,NULL,NULL,Durham Performing Arts Center
7812,126 Second Avenue,New York,NY,10003,NULL,NULL,347,Orpheum Theatre
7900,359 West 48th St.,New York,NY,10019,NULL,NULL,NULL,Playhouse Theatre
7980,189 Second Avenue,New York,NY,10009,NULL,NULL,1100,Phoenix Theatre
8051,124 W. 43rd St.,New York,NY,10036,NULL,NULL,1055,Stephen Sondheim Theatre
8150,213 W. 42nd St.,New York,NY,10036,NULL,NULL,1829,Foxwoods Theatre
8280,417 W. Magnolia,Fort Collins,CO,80521,NULL,NULL,NULL,Lincoln Center