"id";"date_instantiated";"street_address";"address_locality";"address_region";"postal_code";"year_closed";"year_demolished";"capacity";"name"
5000;"2020-10-14 04:36:30";"216 W. 44th St.";"New York";"NY";"";0;1945;1463;"44th Street Theatre"
5003;"2020-10-14 04:36:30";"152 W. 54th St.";"New York";"NY";"";0;1970;1400;"George Abbott Theatre"
5006;"2020-10-14 04:36:30";"409-412 Strand";"London";"";"WC2R ONS";0;0;1476;"Adelphi Theatre"
5007;"2020-10-14 04:36:30";"302 W. 45th St.";"New York";"NY";"";0;0;1424;"Al Hirschfeld Theatre"
5013;"2020-10-14 04:36:30";"229 W. 42nd St.";"New York";"NY";"";0;0;740;"American Airlines Theatre"
5016;"2020-10-14 04:36:30";"235 W. 44th St.";"New York";"NY";"";0;0;1186;"Broadhurst Theatre"
5017;"2020-10-14 04:36:30";"1681 Broadway";"New York";"NY";"";0;0;1761;"Broadway Theatre (Broadway)"
5018;"2020-10-14 04:36:30";"256 W. 47th St.";"New York";"NY";"";0;0;1094;"Brooks Atkinson Theatre"
5022;"2020-10-14 04:36:30";"753 7th Avenue (SE corner of 7th and 50th)";"New York";"NY";"";1939;1990;3000;"Casa Manana"
5024;"2020-10-14 04:36:30";"6th Avenue and 49th St.";"New York";"NY";"";0;1960;3700;"Center Theatre"
5025;"2020-10-14 04:36:30";"131 West 55th St. (between 6th and 7th Avenues)";"New York";"NY";"";0;0;2935;"New York City Center"
5026;"2020-10-14 04:36:30";"(Leicester Square) Panton Street off Haymarket";"London";"";"";0;0;796;"Comedy Theatre"
5028;"2020-10-14 04:36:30";"138 West 48th St.";"New York";"NY";"";0;0;1084;"Cort Theatre (Broadway)"
5031;"2020-10-14 04:36:30";"243 West 47th St.";"New York";"NY";"";0;0;1096;"Ethel Barrymore Theatre"
5032;"2020-10-14 04:36:30";"230 West 49th St.";"New York";"NY";"";0;0;1066;"Eugene O'Neill Theatre"
5035;"2020-10-14 04:36:30";"222 West 51st St.";"New York";"NY";"";0;0;1933;"Gershwin Theatre"
5039;"2020-10-14 04:36:30";"124 West 43rd St.";"New York";"NY";"";0;2004;950;"Henry Miller's Theatre"
5042;"2020-10-14 04:36:30";"249 West 45th St.";"New York";"NY";"";0;0;1443;"Imperial Theatre (Broadway)"
5043;"2020-10-14 04:36:30";"252 West 45th St.";"New York";"NY";"";0;0;805;"John Golden Theatre"
5047;"2020-10-14 04:36:30";"205 West 46th St.";"New York";"NY";"";0;0;1519;"Lunt-Fontanne Theatre"
5049;"2020-10-14 04:36:30";"(Piccadilly Circus) Shaftesbury Avenue";"London";"";"";0;0;948;"Lyric Theatre"
5052;"2020-10-14 04:36:30";"245 West 44th St.";"New York";"NY";"";0;0;1645;"Majestic Theatre (Broadway)"
5053;"2020-10-14 04:36:30";"237 West 51st St.";"New York";"NY";"";0;0;1600;"Mark Hellinger Theatre"
5056;"2020-10-14 04:36:30";"150 West 65th St. at Broadway";"New York";"NY";"";0;0;299;"Mitzi E. Newhouse Theatre"
5057;"2020-10-14 04:36:30";"239 West 45th St.";"New York";"NY";"";0;0;1009;"Music Box Theatre"
5060;"2020-10-14 04:36:30";"1564 Broadway";"New York";"NY";"";0;0;1743;"Palace Theatre (Broadway)"
5072;"2020-10-14 04:36:30";"(Charing Cross) Strand Ð Beaufort Buildings";"London";"";"";0;0;1100;"Savoy Theatre"
5075;"2020-10-14 04:36:30";"225 West 44th St.";"New York";"NY";"";0;0;1460;"Shubert Theatre (Broadway)"
5077;"2020-10-14 04:36:30";"246 West 44th St.";"New York";"NY";"";0;0;1709;"St. James Theatre (Broadway)"
5085;"2020-10-14 04:36:30";"219 W. 42nd St.";"New York";"NY";"";0;0;1057;"Times Square Theatre"
5086;"2020-10-14 04:36:30";"148 West 48th St.";"New York";"NY";"";0;1954;780;"Vanderbilt Theatre"
5090;"2020-10-14 04:36:30";"Drury Lane";"London";"";"";0;1965;1581;"Winter Garden Theatre"
5124;"2020-10-14 04:36:30";"1114 Walnut Street";"Philadelphia";"PA";"";0;0;0;"Forrest Theatre"
5125;"2020-10-14 04:36:30";"366 N. La Cienega Blvd.";"Los Angeles";"";"";0;0;0;"Coronet Theatre"
5127;"2020-10-14 04:36:30";"Central Park West at 62nd St.";"New York";"NY";"";0;1930;0;"Casino de Paris"
5132;"2020-10-14 04:36:30";"254 West 54th St.";"New York";"NY";"";0;0;1006;"Studio 54"
5135;"2020-10-14 04:36:30";"Newcastle Street";"London";"";"";0;1902;1800;"Globe Theatre"
5139;"2020-10-14 04:36:30";"West side of Broadway between 32nd & 33rd";"New York";"NY";"";0;1909;1126;"Manhattan Theatre"
5165;"2020-10-14 04:36:30";"5620 S. Harlem Ave.";"Chicago";"IL";"";0;0;0;"Forum Theatre"
5169;"2020-10-14 04:36:30";"214 West 42nd St.";"New York";"NY";"";0;0;1747;"New Amsterdam Theatre"
5187;"2020-10-14 04:36:30";"N 21st St. & Market St.";"Philadelphia";"PA";"";0;0;0;"Erlanger Theatre"
5194;"2020-10-14 04:36:30";"(Covent Garden/Charing Cross) Wellington Street, just off Strand";"London";"";"";0;0;2075;"Lyceum Theatre"
5199;"2020-10-14 04:36:30";"261-5 West 47th St.";"New York";"NY";"";0;0;948;"Biltmore Theatre"
5205;"2020-10-14 04:36:30";"111 West 44th St.";"New York";"NY";"";0;0;1018;"Belasco Theatre"
5211;"2020-10-14 04:36:30";"220 West 48th Street";"New York";"NY";"";0;0;1091;"Longacre Theatre"
5223;"2020-10-14 04:36:30";"932 Seventh Avenue";"New York";"NY";"";0;1962;1700;"New Century Theatre"
5230;"2020-10-14 04:36:30";"1633 Broadway at 50th St.";"New York";"NY";"";0;0;840;"Circle in the Square (Broadway)"
5235;"2020-10-14 04:36:30";"John Adam Street, Adelphi";"London";"";"";0;1949;309;"Little Theatre"
5236;"2020-10-14 04:36:30";"240 West 44th St.";"New York";"NY";"";0;0;597;"Hayes Theatre"
5250;"2020-10-14 04:36:30";"234 West 42nd St.";"New York";"NY";"";0;0;1054;"Liberty Theatre"
5259;"2020-10-14 04:36:30";"1321 Pennsylvania Ave. NW";"Washington";"DC";"20004";0;0;0;"National Theatre"
5266;"2020-10-14 04:36:30";"1482 Broadway at 43rd St.";"New York";"NY";"";0;1938;1100;"George M. Cohan's Theatre"
5269;"2020-10-14 04:36:30";"932 Broadway (21st St.)";"New York";"NY";"";0;1882;0;"New Park Theatre"
5271;"2020-10-14 04:36:30";"1530 Broadway at 45th St.";"New York";"NY";"";0;0;526;"Criterion Center Stage Right"
5290;"2020-10-14 04:36:30";"22 Brookside Drive";"Milburn";"NJ";"07041";0;0;1200;"Paper Mill Playhouse"
5292;"2020-10-14 04:36:30";"2700 F Street, NW";"Washington";"DC";"20566";0;0;0;"Kennedy Center [Eisenhower Theatre]"
5300;"2020-10-14 04:36:30";"1396 Broadway and 39th St.";"New York";"NY";"";0;1930;1500;"Knickerbocker Theatre"
5301;"2020-10-14 04:36:30";"137 W. 48th St.";"New York";"NY";"";0;1969;900;"Playhouse Theatre"
5307;"2020-10-14 04:36:30";"38 Commerce St. (Bedford & Hudson Street)";"New York";"NY";"";0;0;178;"Cherry Lane Theatre"
5310;"2020-10-14 04:36:30";"PO Box A, 6 Main Street";"East Haddam";"CT";"06423";0;0;398;"Goodspeed Opera House"
5313;"2020-10-14 04:36:30";"La Jolla Village Drive & Torrey Pines Road";"La Jolla, CA";"";"";0;0;0;"La Jolla Playhouse"
5317;"2020-10-14 04:36:30";"";"";"";"";0;0;0;"Eagle Theatre"
5320;"2020-10-14 04:36:30";"South side of 24th Street West of Broadway (between 5th & Madison)";"New York";"NY";"";0;1908;688;"Madison Square Theatre"
5329;"2020-10-14 04:36:30";"1514-16 Broadway (44th St.) - Roof";"New York";"NY";"";0;1935;0;"Jardin de Paris"
5331;"2020-10-14 04:36:30";"1514-16 Broadway (44th St.)";"New York";"NY";"";0;1935;0;"New York Theatre"
5334;"2020-10-14 04:36:30";"222 West 45th St.";"New York";"NY";"";0;0;766;"Booth Theatre (Broadway)"
5339;"2020-10-14 04:36:30";"E. 14th St. and Irving Place";"New York";"NY";"";0;1926;1279;"Academy of Music"
5346;"2020-10-14 04:36:30";"Cranbourn Street, Leicester Square";"London";"";"";0;0;600;"Daly's Theatre"
5355;"2020-10-14 04:36:30";"29 Shaftesbury Avenue";"London";"";"";0;0;775;"Apollo Theatre"
5359;"2020-10-14 04:36:30";"13-08 5th Avenue";"Seattle, WA";"";"";0;0;2115;"Fifth Avenue Theatre"
5369;"2020-10-14 04:36:30";"7th Ave. S. near Christopher";"New York";"NY";"";0;0;0;"Greenwich Village Theatre"
5370;"2020-10-14 04:36:30";"Wood Green Ð Leicester Square";"London";"";"";0;1927;0;"Empire Theatre"
5372;"2020-10-14 04:36:30";"6th Avenue between 43rd and 44th Streets";"New York";"NY";"";0;1939;5200;"Hippodrome Theatre"
5387;"2020-10-14 04:36:30";"40 W. 4th St.";"New York";"NY";"";0;0;0;"ANTA Washington Square Theatre"
5443;"2020-10-14 04:36:30";"East end of Strand";"London";"";"";0;1957;1267;"Gaiety Theatre"
5445;"2020-10-14 04:36:30";"";"Washington";"DC";"";0;0;514;"Kreeger Theatre"
5449;"2020-10-14 04:36:30";"119 West 39th St.";"New York";"NY";"";0;1926;0;"39th Street Theatre"
5476;"2020-10-14 04:36:30";"1363 Old Globe Way";"San Diego";"CA";"92101";0;0;0;"Old Globe Theatre"
5480;"2020-10-14 04:36:30";"445 Geary St";"San Francisco";"CA";"94102";0;0;1665;"Curran Theatre"
5488;"2020-10-14 04:36:30";"217 West 45th Street";"New York";"NY";"";0;1982;954;"Morosco Theatre"
5506;"2020-10-14 04:36:30";"300 King Street West Toronto, ON M5V 1J2, Canada";"Toronto";"";"";0;0;0;"Princess of Wales Theatre"
5509;"2020-10-14 04:36:30";"";"Los Angeles";"CA";"";0;0;0;"Huntington Hartford Theatre"
5525;"2020-10-14 04:36:30";"1567 Broadway at 47th Street";"New York";"NY";"";0;2000;1100;"Central Theatre"
5537;"2020-10-14 04:36:30";"219 West 48th St.";"New York";"NY";"";0;0;945;"Walter Kerr Theatre"
5542;"2020-10-14 04:36:30";"1887 Broadway at 62nd St.";"New York";"NY";"";0;1977;1265;"Harkness Theatre"
5544;"2020-10-14 04:36:30";"1481 Broadway";"New York";"NY";"";0;1998;1960;"Rialto Theatre"
5548;"2020-10-14 04:36:30";"3011 W Grand Blvd # F1";"Detroit";"MI";"48202";0;0;2975;"Fisher Theatre"
5556;"2020-10-14 04:36:30";"";"Cohoes";"NY";"";0;0;0;"Cohoes Musical Hall"
5557;"2020-10-14 04:36:30";"264 Tremont Street";"Boston";"MA";"";0;0;1200;"Wilbur Theatre"
5558;"2020-10-14 04:36:30";"";"Los Angeles";"CA";"";0;0;3086;"Dorothy Chandler Pavillion"
5559;"2020-10-14 04:36:30";"2700 F Street";"Washington";"DC";"20566";0;0;2318;"Kennedy Center [Opera House]"
5562;"2020-10-14 04:36:30";"";"";"";"";0;0;0;"New Locust Theatre"
5563;"2020-10-14 04:36:30";"";"Oakland, CA";"";"";0;0;50000;"Oakland Coliseum"
5567;"2020-10-14 04:36:30";"106 Boylston St.";"Boston";"MA";"";0;0;0;"Colonial Theatre"
5568;"2020-10-14 04:36:30";"100 E. 17th Street";"New York";"NY";"";0;0;499;"Union Square Theatre"
5573;"2020-10-14 04:36:30";"70 S. Main St.";"New Hope, PA";"";"";0;0;0;"Bucks County Playhouse"
5574;"2020-10-14 04:36:30";"";"Owing Mills, MD";"";"";0;0;0;"Painters Mill Music Fair"
5575;"2020-10-14 04:36:30";"";"Westbury, NY";"";"";0;0;0;"Westbury Music Fair"
5578;"2020-10-14 04:36:30";"";"";"";"";0;0;0;"American Shakespeare Theatre"
5581;"2020-10-14 04:36:30";"260 King Street West";"Toronto";"";"";0;0;1500;"Royal Alexandra Theatre"
5582;"2020-10-14 04:36:30";"";"Phoenix, AZ";"";"";0;0;0;"Palace West Theatre"
5585;"2020-10-14 04:36:30";"25 Hopkins Plaza";"Baltimore, MD";"";"";0;0;1600;"Mechanic Theatre"
5586;"2020-10-14 04:36:30";"";"";"";"";0;0;0;"Blackstone Theatre"
5609;"2020-10-14 04:36:30";"";"St. Louis, MO";"";"";0;0;12000;"St. Louis Municipal Theatre"
5622;"2020-10-14 04:36:30";"109 West 39th Street";"New York";"NY";"";0;1960;900;"Maxine Elliott's Theatre"
5624;"2020-10-14 04:36:30";"125 W. 48th St.";"New York";"NY";"";0;1951;500;"Belmont Theatre"
5637;"2020-10-14 04:36:30";"485 Broadway";"New York";"NY";"";0;1869;0;"Olympic Theatre"
5640;"2020-10-14 04:36:30";"64-6 Nassau Street";"New York";"NY";"";0;0;0;"Nassau Street Theatre"
5641;"2020-10-14 04:36:30";"15-21 John Street";"New York";"NY";"";0;1798;0;"John Street Theatre"
5649;"2020-10-14 04:36:30";"46-8 Bowery";"New York";"NY";"";0;0;0;"Bowery Theatre"
5651;"2020-10-14 04:36:30";"444 Broadway";"New York";"NY";"";0;1866;0;"American Theatre"
5654;"2020-10-14 04:36:30";"Chatham Street (Roosevelt & James)";"New York";"NY";"";0;0;2200;"Chatham Theatre"
5658;"2020-10-14 04:36:30";"39-41 Chambers St.";"New York";"NY";"";0;0;0;"Burton's Chamber Street Theatre"
5673;"2020-10-14 04:36:30";"Canal and Hester";"New York";"NY";"";0;1866;0;"New Bowery Theatre"
5685;"2020-10-14 04:36:30";"";"";"";"";0;0;0;"Old Bowery Theatre"
5697;"2020-10-14 04:36:30";"";"";"";"";0;0;0;"Wood's Theatre"
5703;"2020-10-14 04:36:30";"";"";"";"";0;0;0;"Thèåtre Français"
5705;"2020-10-14 04:36:30";"107 West 14th Street";"New York";"NY";"";0;1938;1100;"14th Street Theatre"
5714;"2020-10-14 04:36:30";"";"";"";"";0;0;0;"Lina Edwin's"
5717;"2020-10-14 04:36:30";"539-41 Broadway";"New York";"NY";"";0;1868;0;"Barnum's New Museum"
5720;"2020-10-14 04:36:30";"8th Ave. & 23rd St.";"New York";"NY";"";0;1961;1890;"Grand Opera House"
5721;"2020-10-14 04:36:30";"231 Broadway";"New York";"NY";"";0;0;0;"Tammany Hall"
5726;"2020-10-14 04:36:30";"24th St. (5th and Madison)";"New York";"NY";"";0;1873;1254;"Daly's Fifth Avenue Theatre"
5731;"2020-10-14 04:36:30";"622 Broadway";"New York";"NY";"";0;1880;0;"Laura Keene's Varieties"
5735;"2020-10-14 04:36:30";"Edgeware Road";"London";"";"";1962;1963;1855;"Metropolitan Music Hall"
5741;"2020-10-14 04:36:30";"23rd St. (6th Ave.)";"New York";"NY";"";0;1883;0;"Booth's Theatre"
5744;"2020-10-14 04:36:30";"West 23rd Street & 6th Avenue";"New York";"NY";"";0;1901;0;"Bryant's Opera House"
5748;"2020-10-14 04:36:30";"";"";"";"";0;0;0;"Theatre Francaise"
5763;"2020-10-14 04:36:30";"Piccadilly Circus";"London";"";"";0;0;591;"Criterion Theatre"
5783;"2020-10-14 04:36:30";"1239 Broadway";"New York";"NY";"";0;1915;0;"Bijou Theatre"
5792;"2020-10-14 04:36:30";"";"";"";"";0;0;0;"Banvard's Opera House"
5794;"2020-10-14 04:36:30";"61 Madison Avenue";"New York";"NY";"";0;1925;1200;"Garden Theatre"
5798;"2020-10-14 04:36:30";"1514-16 Broadway (44th St.)";"New York";"NY";"";0;1935;0;"Olympia Theatre: Lyric Theatre"
5800;"2020-10-14 04:36:30";"201 West 42nd Street";"New York";"NY";"";0;1935;1200;"Hammerstein's Victoria Theatre"
5802;"2020-10-14 04:36:30";"138 N. Main St.";"Dayton, OH";"";"";0;0;0;"Victoria Theatre"
5803;"2020-10-14 04:36:30";"1230 Fifth Avenue";"New York";"NY";"";0;0;0;"Heckscher Theatre"
5809;"2020-10-14 04:36:30";"17 Irving Pl.";"New York";"NY";"";0;0;0;"Irving Plaza"
5817;"2020-10-14 04:36:30";"123 West 43rd St.";"New York";"NY";"";0;0;0;"Town Hall"
5822;"2020-10-14 04:36:30";"2025 Broadway";"Oakland, CA";"";"";0;0;0;"Paramount Theatre"
5829;"2020-10-14 04:36:30";"Broadway at 39th St.";"New York";"NY";"";0;1967;3045;"Metropolitan Opera House"
5830;"2020-10-14 04:36:30";"22 E. 27th St. (Madison Ave.), Roof";"New York";"NY";"";0;1925;0;"Madison Square Roof Garden"
5831;"2020-10-14 04:36:30";"44th St., near 5th Ave.";"New York";"NY";"";0;0;0;"Mrs. Osborn's Playhouse"
5842;"2020-10-14 04:36:30";"201 W. 42nd St., Roof";"New York";"NY";"";0;1935;0;"Paradise Roof Garden"
5860;"2020-10-14 04:36:30";"214 W. 42nd St.";"New York";"NY";"";0;0;680;"New Amsterdam Roof"
5862;"2020-10-14 04:36:30";"";"Hollywood";"CA";"";0;0;0;"El Capitan Theatre"
5871;"2020-10-14 04:36:30";"";"Philadelphia";"PA";"";0;0;1052;"Walnut Street Theatre"
5889;"2020-10-14 04:36:30";"1537 Broadway";"New York";"NY";"";0;1982;0;"Astor Theatre"
5892;"2020-10-14 04:36:30";"Broadway & 66th St.";"New York";"NY";"";0;0;0;"Lincoln Square Theatre"
5905;"2020-10-14 04:36:30";"";"";"";"";0;0;0;"Tammany Grand Theatre"
5906;"2020-10-14 04:36:30";"";"";"";"";0;0;0;"Wood's Museum"
5921;"2020-10-14 04:36:30";"";"";"";"";0;0;0;"Wood's Museum and Menagerie"
5933;"2020-10-14 04:36:30";"236 West 45th St.";"New York";"NY";"";0;0;1079;"Gerald Schoenfeld Theatre"
5934;"2020-10-14 04:36:30";"242 West 45th St.";"New York";"NY";"";0;0;1078;"Bernard B. Jacobs Theatre"
6025;"2020-10-14 04:36:30";"213 West 42nd St.";"New York";"NY";"";0;0;1839;"Hilton Theatre"
6032;"2020-10-14 04:36:30";"1 Taylor Street";"San Francisco";"CA";"";0;0;2400;"Golden Gate Theatre"
6039;"2020-10-14 04:36:30";"15 East Caracas Avenue";"Hershey";"PA";"17033";0;0;0;"Hershey Theatre"
6043;"2020-10-14 04:36:30";"910 Hennepin Avenue";"Minneapolis";"MN";"55403";0;0;0;"Orpheum Theatre"
6044;"2020-10-14 04:36:30";"151 West Randolph Street";"Chicago";"IL";"";0;0;2500;"Cadillac Palace Theatre"
6048;"2020-10-14 04:36:30";"142nd Street and Lennox";"New York";"NY";"";0;0;0;"Cotton Club"
6055;"2020-10-14 04:36:30";"22-6 West 63rd Street";"New York";"NY";"";0;1957;0;"Daly's 63rd Street Theatre"
6065;"2020-10-14 04:36:30";"";"Atlantic City";"NJ";"";0;0;0;"Nixon's Apollo Theatre"
6067;"2020-10-14 04:36:30";"";"Philadelphia";"PA";"";0;0;0;"Nixon Theatre"
6071;"2020-10-14 04:36:30";"569 Lexington Ave.";"New York";"NY";"";0;0;0;"Lexington Theatre"
6076;"2020-10-14 04:36:30";"141 W. 44th St.";"New York";"NY";"";0;0;1100;"Hudson Theatre (Broadway)"
6080;"2020-10-14 04:36:30";"";"Princeton";"NJ";"";0;0;1100;"McCarter Theatre [Mainstage]"
6084;"2020-10-14 04:36:30";"";"Stratford Upon Avon, England";"";"";0;0;1412;"Royal Shakespeare Theatre"
6086;"2020-10-14 04:36:30";"";"Los Angeles";"CA";"";0;0;0;"Music Center Pavilion"
6088;"2020-10-14 04:36:30";"70 Royal Poinciana Plaza";"Palm Beach";"FL";"";0;0;852;"Royal Poinciana Playhouse"
6102;"2020-10-14 04:36:30";"200 W. 48th St.";"New York";"NY";"";0;0;0;"Latin Quarter"
6108;"2020-10-14 04:36:30";"216 W. 44th St., Roof";"New York";"NY";"";0;1945;0;"Nora Bayes Theatre"
6126;"2020-10-14 04:36:30";"650 Geary Street";"San Francisco";"CA";"";0;0;0;"Alcazar"
6132;"2020-10-14 04:36:30";"139-41 East 55th Street";"New York";"NY";"";0;0;0;"American Music Hall"
6152;"2020-10-14 04:36:30";"226 W. 42nd St.";"New York";"NY";"";1933;0;0;"Sam H. Harris Theatre"
6187;"2020-10-14 04:36:30";"247 W. 48th St.";"New York";"NY";"";1956;1988;299;"Edyth Totten Theatre"
6220;"2020-10-14 04:36:30";"359 W. 48th St.";"New York";"NY";"";0;0;400;"Jack Lawrence Theatre"
6287;"2020-10-14 04:36:30";"";"Worcester, MA";"";"";0;0;0;"Worcester Theatre"
6288;"2020-10-14 04:36:30";"";"Indianapolis";"";"";0;0;0;"Civic Theatre"
6296;"2020-10-14 04:36:30";"2301 South Lake Shore Dr.";"Chicago";"IL";"";0;0;4319;"Arie Crown Theatre"
6315;"2020-10-14 04:36:30";"";"Wayne, NJ";"";"";0;0;0;"William Paterson College Theatre"
6324;"2020-10-14 04:36:30";"710 Main St.";"Buffalo, NY";"";"";0;0;637;"Studio Arena Theatre"
6335;"2020-10-14 04:36:30";"";"East Hampton, NY";"";"";0;0;0;"John Drew Theatre"
6394;"2020-10-14 04:36:30";"1020 Broad Street";"Newark, NJ";"";"";0;0;2880;"Mosque Theatre"
6396;"2020-10-14 04:36:30";"";"Detroit, MI";"";"";0;0;0;"Cass Theatre"
6398;"2020-10-14 04:36:30";"539 Washington Street";"Boston";"MA";"";0;0;0;"Boston Opera House"
6399;"2020-10-14 04:36:30";"135 W. San Carlos St.";"San Jose, CA";"";"";0;0;3060;"Civic Auditorium"
6401;"2020-10-14 04:36:30";"";"Glen Cove, NY";"";"";0;0;0;"Northstage Theatre"
6405;"2020-10-14 04:36:30";"511 10th Street, NW";"Washington";"DC";"";0;0;0;"Ford's Theatre"
6406;"2020-10-14 04:36:30";"27 Front Street East";"Toronto";"";"";0;0;876;"Bluma Appel Theatre [St. Lawrence Centre for the Arts]"
6507;"2020-10-14 04:36:30";"";"Tarrytown, NY";"";"";0;0;0;"Music Hall"
6563;"2020-10-14 04:36:30";"";"";"";"";0;0;0;"O'Keefe Centre"
6599;"2020-10-14 04:36:30";"725 Vineland Place";"Minneapolis, MN";"";"";0;0;0;"Guthrie Theatre"
6600;"2020-10-14 04:36:30";"276 Tremont Street";"Boston";"MA";"";0;0;0;"Tremont Theatre"
6622;"2020-10-14 04:36:30";"263 W. 86th St.";"New York";"NY";"";0;0;0;"West End Theatre"
6665;"2020-10-14 04:36:30";"";"New York";"NY";"";0;0;0;"3rd Avenue Theatre"
6668;"2020-10-14 04:36:30";"";"New York";"NY";"";0;0;0;"Columbus Theatre"
6670;"2020-10-14 04:36:30";"143 E. 14th St.";"New York";"NY";"";1928;1928;0;"Tony Pastor's 14th Street Theatre"
6696;"2020-10-14 04:36:30";"245 W. 52nd St.";"New York";"NY";"10019";0;0;1228;"August Wilson Theatre"
6755;"2020-10-14 04:36:30";"";"Montreal, Canada";"";"";0;0;0;"Garden of Stars Expo 67"
6829;"2020-10-14 04:36:30";"";"New York";"NY";"";0;0;0;"New York Comedy Theatre"
6840;"2020-10-14 04:36:30";"1021-1029 Chestnut St.";"Philadelphia";"PA";"";0;0;0;"Chestnut Street Opera House"
6902;"2020-10-14 04:36:30";"235 W. 49th St.";"New York";"NY";"";1940;1940;750;"49th Street Theatre"
6905;"2020-10-14 04:36:30";"250 W. 52nd St.";"New York";"NY";"";0;0;1344;"Alvin Theatre"
6906;"2020-10-14 04:36:30";"226 W.46th St.";"New York";"NY";"";0;0;1368;"46th Street Theatre"
6983;"2020-10-14 04:36:30";"152 W. 54th St.";"New York";"";"";0;1970;0;"54th Street Theatre"
6984;"2020-10-14 04:36:30";"261 W. 47th St.";"New York";"NY";"";0;0;650;"Samuel J. Friedman Theatre"
6985;"2020-10-14 04:36:30";"250 W. 52nd St.";"New York";"NY";"10019";0;0;1467;"Neil Simon Theatre"
6987;"2020-10-14 04:36:30";"219 W. 49th St.";"New York";"NY";"10019";0;0;1125;"Ambassador Theatre"
6994;"2020-10-14 04:36:30";"226 W. 46th St.";"New York";"NY";"10036";0;0;1400;"Richard Rodgers Theatre"
6996;"2020-10-14 04:36:30";"226 W. 46th St.";"New York";"NY";"10036";0;0;1380;"Chanin's 46th Street Theatre"
7000;"2020-10-14 04:36:30";"246 W. 44th St.";"New York";"NY";"10036";0;0;1710;"Erlanger's Theatre"
7003;"2020-10-14 04:36:30";"213 W. 42nd St.";"New York";"NY";"10036";0;0;1829;"Ford Center for the Performing Arts"
7006;"2020-10-14 04:36:30";"230 W. 49th St.";"New York";"NY";"10019";0;0;1108;"Forrest Theatre"
7011;"2020-10-14 04:36:30";"254 W. 54th St.";"New York";"NY";"10019";0;0;922;"New Yorker Theatre"
7016;"2020-10-14 04:36:30";"254 W. 54th St.";"New York";"NY";"10019";0;0;922;"Gallo Opera House"
7018;"2020-10-14 04:36:30";"205 W. 46th St.";"New York";"NY";"10036";0;0;1509;"Globe Theatre"
7020;"2020-10-14 04:36:30";"245 W. 52nd St.";"New York";"NY";"10019";0;0;1222;"Virginia Theatre"
7024;"2020-10-14 04:36:30";"245 W. 52nd St.";"New York";"NY";"10019";0;0;1222;"Guild Theatre"
7027;"2020-10-14 04:36:30";"240 W. 44th St.";"New York";"NY";"10036";0;0;597;"Little Theatre"
7033;"2020-10-14 04:36:30";"149 W. 45th St.";"New York";"NY";"10036";0;0;922;"Lyceum Theatre (Broadway)"
7037;"2020-10-14 04:36:30";"256 W. 47th St.";"New York";"NY";"10036";0;0;1109;"Mansfield Theatre"
7038;"2020-10-14 04:36:30";"256 W. 47th St.";"New York";"NY";"10036";0;0;1109;"Lew Fields' Mansfield Theatre"
7040;"2020-10-14 04:36:30";"1535 Broadway";"New York";"NY";"10036";0;0;1612;"Marquis Theatre"
7042;"2020-10-14 04:36:30";"302 W. 45th St.";"New York";"NY";"10036";0;0;1437;"Martin Beck Theatre"
7044;"2020-10-14 04:36:30";"252 W. 45th St.";"New York";"NY";"10036";0;0;805;"Theatre Masque"
7047;"2020-10-14 04:36:30";"208 W. 41st St.";"New York";"NY";"10036";0;0;1235;"Nederlander Theatre"
7048;"2020-10-14 04:36:30";"208 W. 41st St.";"New York";"NY";"10036";0;0;1232;"Trafalgar Theatre"
7049;"2020-10-14 04:36:30";"208 W. 41st St.";"New York";"NY";"10036";0;0;1232;"Billy Rose Theatre"
7050;"2020-10-14 04:36:30";"208 W. 41st St.";"New York";"NY";"10036";0;0;1232;"National Theatre"
7054;"2020-10-14 04:36:30";"236 W. 45th St.";"New York";"NY";"10036";0;0;1093;"Plymouth Theatre"
7057;"2020-10-14 04:36:30";"219 W. 48th St.";"New York";"NY";"10036";0;0;947;"Ritz Theatre"
7059;"2020-10-14 04:36:30";"242 W. 45th St.";"New York";"NY";"10036";0;0;1101;"Royale Theatre"
7063;"2020-10-14 04:36:30";"229 W. 42nd St.";"New York";"NY";"10036";0;0;740;"Selwyn Theatre"
7066;"2020-10-14 04:36:30";"111 W. 44th St.";"New York";"NY";"10036";0;0;1040;"Stuyvesant Theatre"
7068;"2020-10-14 04:36:30";"222 W. 51st St.";"New York";"NY";"10019";0;0;1935;"Uris Theatre"
7070;"2020-10-14 04:36:30";"1634 Broadway (At W. 50th St.)";"New York";"NY";"10019";0;0;1526;"Winter Garden Theatre (Broadway)"
7083;"2020-10-14 04:36:30";"(address unknown)";"New York";"NY";"";0;0;0;"Harlem Music Hall"
7087;"2020-10-14 04:36:30";"(address unknown)";"New York";"NY";"";0;0;0;"[Venue Name unknown]"
7088;"2020-10-14 04:36:30";"107 W. 14th St. (Sixth Ave)";"New York";"NY";"";0;1938;1100;"nan"
7090;"2020-10-14 04:36:30";"107 W. 14th St. (Sixth Ave)";"New York";"NY";"";0;1938;1100;"Haverly's 14th Street Theatre"
7091;"2020-10-14 04:36:30";"107 W. 14th St. (Sixth Ave)";"New York";"NY";"";0;1938;1100;"Civic Repertory Theatre"
7092;"2020-10-14 04:36:30";"216 W. 44th St., Roof";"New York";"NY";"";1940;1945;865;"Lew Fields' 44th Street Roof Garden"
7094;"2020-10-14 04:36:30";"157 W. 48th St.";"New York";"NY";"";0;1955;970;"48th Street Theatre"
7095;"2020-10-14 04:36:30";"157 W. 48th St.";"New York";"NY";"";0;1955;970;"Windsor Theatre"
7099;"2020-10-14 04:36:30";"(address unknown)";"New York";"NY";"";0;0;0;"52nd Street Theatre"
7100;"2020-10-14 04:36:30";"110 W. 57th St.";"New York";"NY";"";0;0;0;"57th Street Playhouse"
7101;"2020-10-14 04:36:30";"22 W. 63rd St.";"New York";"NY";"";1941;1957;1025;"63rd Street Music Hall"
7106;"2020-10-14 04:36:30";"22 W. 63rd St.";"New York";"NY";"";1941;1957;1025;"Coburn Theatre"
7107;"2020-10-14 04:36:30";"22 W. 63rd St.";"New York";"NY";"";1941;1957;1025;"Recital Theatre"
7108;"2020-10-14 04:36:30";"22 W. 63rd St.";"New York";"NY";"";1941;1957;1025;"Park Lane Theatre"
7110;"2020-10-14 04:36:30";"22 W. 63rd St.";"New York";"NY";"";1941;1957;1025;"Experimental Theatre"
7111;"2020-10-14 04:36:30";"1396 Broadway (West 38th St.)";"New York";"NY";"";1930;1930;1500;"Abbey's Theatre"
7114;"2020-10-14 04:36:30";"214 W. 42nd St., Roof";"New York";"NY";"";0;0;680;"Aerial Gardens"
7116;"2020-10-14 04:36:30";"214 W. 42nd St., Roof";"New York";"NY";"";0;0;680;"Danse de Follies"
7117;"2020-10-14 04:36:30";"214 W. 42nd St., Roof";"New York";"NY";"";0;0;680;"Dresden Theatre"
7118;"2020-10-14 04:36:30";"214 W. 42nd St., Roof";"New York";"NY";"";0;0;680;"Frolic Theatre"
7125;"2020-10-14 04:36:30";"260 West 42nd Street";"New York";"NY";"";1930;1932;2065;"American Theatre"
7126;"2020-10-14 04:36:30";"260 West 42nd Street";"New York";"NY";"";1930;1932;2065;"American Music Hall"
7127;"2020-10-14 04:36:30";"(address unknown)";"New York";"NY";"";0;0;0;"American Laboratory"
7130;"2020-10-14 04:36:30";"79-85 Anthony St. (later Worth St.)";"New York";"NY";"";0;1821;0;"Anthony Street Theatre"
7132;"2020-10-14 04:36:30";"223 W. 42nd St.";"New York";"NY";"";0;1996;1200;"Apollo Theatre"
7133;"2020-10-14 04:36:30";"223 W. 42nd St.";"New York";"NY";"";0;1996;1200;"New Apollo Theatre"
7135;"2020-10-14 04:36:30";"240 W. 47th St.";"New York";"NY";"";0;0;0;"Arena Theatre"
7136;"2020-10-14 04:36:30";"240 W. 47th St.";"New York";"NY";"";0;0;0;"Edison Theatre"
7138;"2020-10-14 04:36:30";"57th St.";"New York";"NY";"";1926;1969;1736;"Bandbox Theatre"
7139;"2020-10-14 04:36:30";"106 Central Park South";"New York";"NY";"";0;0;0;"Barbizon-Plaza Theatre"
7140;"2020-10-14 04:36:30";"(address unknown)";"New York";"NY";"";0;0;0;"Bedlow Street Theatre"
7142;"2020-10-14 04:36:30";"19 W. 44th St.";"New York";"NY";"";0;0;0;"Berkeley Lyceum Theatre"
7145;"2020-10-14 04:36:30";"209 W. 45th St.";"New York";"NY";"";0;1982;600;"Bijou Theatre"
7156;"2020-10-14 04:36:30";"46 Bowery";"New York";"NY";"";0;1929;0;"Thalia Theatre"
7157;"2020-10-14 04:36:30";"46 Bowery";"New York";"NY";"";0;1929;0;"Fay's Bowery Theatre"
7158;"2020-10-14 04:36:30";"138 E. 27th St.";"New York";"NY";"";0;0;0;"Bramhall Playhouse"
7162;"2020-10-14 04:36:30";"226 W. 42nd St.";"New York";"NY";"";1933;1996;1200;"Candler Theatre"
7163;"2020-10-14 04:36:30";"226 W. 42nd St.";"New York";"NY";"";1933;1996;1200;"Cohan and Harris"
7165;"2020-10-14 04:36:30";"W. 57th St. and Seventh Ave.";"New York";"NY";"";0;0;0;"Carnegie Hall"
7166;"2020-10-14 04:36:30";"W. 57th St.";"New York";"NY";"";0;0;0;"Carnegie Lyceum"
7167;"2020-10-14 04:36:30";"1404 Broadway (W. 39th)";"New York";"NY";"";1930;1930;875;"Casino Theatre"
7172;"2020-10-14 04:36:30";"1567 Broadway (47th St.)";"New York";"NY";"";1934;0;1100;"Holiday Theatre"
7179;"2020-10-14 04:36:30";"235 W. 46th St., Basement";"New York";"NY";"";0;0;0;"Stairway Theatre"
7180;"2020-10-14 04:36:30";"235 W. 46th St., Basement";"New York";"NY";"";0;0;0;"Century Theatre"
7181;"2020-10-14 04:36:30";"(address unknown)";"New York";"NY";"";0;0;0;"Chanin Auditorium"
7185;"2020-10-14 04:36:30";"Chapel St. (later Beekman St.)";"New York";"NY";"";0;0;0;"Chapel Street Theatre"
7186;"2020-10-14 04:36:30";"38 Commerce St.";"New York";"NY";"";0;0;0;"New Playwrights Theatre"
7188;"2020-10-14 04:36:30";"(address unknown)";"New York";"NY";"";0;0;0;"Children's Theatre"
7189;"2020-10-14 04:36:30";"1825 Broadway at 60th St.";"New York";"NY";"";1935;1954;0;"Circle Theatre"
7191;"2020-10-14 04:36:30";"131 W. 55th St.";"New York";"NY";"";0;0;2750;"City Center"
7192;"2020-10-14 04:36:30";"Central Park West at 62nd St., Roof";"New York";"NY";"";0;1930;500;"Century Promenade"
7193;"2020-10-14 04:36:30";"Central Park West at 62nd St., Roof";"New York";"NY";"";0;1930;500;"Cocoanut Grove Theatre"
7194;"2020-10-14 04:36:30";"Central Park West at 62nd St., Roof";"New York";"NY";"";0;1930;500;"Century Grove"
7196;"2020-10-14 04:36:30";"110 W. 41st St.";"New York";"NY";"";0;1942;625;"Comedy Theatre"
7197;"2020-10-14 04:36:30";"110 W. 41st St.";"New York";"NY";"";0;1942;625;"Collier's Comedy Theatre"
7199;"2020-10-14 04:36:30";"110 W. 41st St.";"New York";"NY";"";0;1942;625;"Mercury Theatre"
7202;"2020-10-14 04:36:30";"152 W. 54th St.";"New York";"NY";"";0;1970;1400;"Craig Theatre"
7203;"2020-10-14 04:36:30";"152 W. 54th St.";"New York";"NY";"";0;1970;1400;"Adelphi Theatre"
7208;"2020-10-14 04:36:30";"152 W. 54th St.";"New York";"NY";"";0;1970;1400;"George Abbott Theatre"
7210;"2020-10-14 04:36:30";"(address unknown)";"New York";"NY";"";0;0;0;"Crystal Gardens"
7211;"2020-10-14 04:36:30";"753 Seventh Ave. (W. 50th St.)";"New York";"NY";"";1939;1990;1025;"Earl Carroll Theatre"
7213;"2020-10-14 04:36:30";"753 Seventh Ave. (W. 50th St.)";"New York";"NY";"";1939;1990;1025;"Casino Theatre"
7216;"2020-10-14 04:36:30";"189 Second Ave at 12th St.";"New York";"NY";"";0;0;0;"Eden Theatre"
7220;"2020-10-14 04:36:30";"247 W. 48th St.";"New York";"NY";"";1956;1988;300;"President Theatre"
7227;"2020-10-14 04:36:30";"247 W. 48th St.";"New York";"NY";"";1956;1988;300;"Artef Theatre"
7230;"2020-10-14 04:36:30";"236 W. 42nd St.";"New York";"NY";"";1942;0;900;"Eltinge 42nd Street Theatre"
7233;"2020-10-14 04:36:30";"1430 Broadway (40th & 41st)";"New York";"NY";"";0;1953;1100;"Empire Theatre"
7237;"2020-10-14 04:36:30";"210 W. 46th St.";"New York";"NY";"";0;1982;895;"Folies-Bergere"
7238;"2020-10-14 04:36:30";"210 W. 46th St.";"New York";"NY";"";0;1982;895;"Fulton Theatre"
7245;"2020-10-14 04:36:30";"1547 Broadway at W. 46th St.";"New York";"NY";"";1943;1982;790;"Gaiety Theatre"
7258;"2020-10-14 04:36:30";"(address unknown)";"New York";"NY";"";0;0;0;"Gansevoort Theatre"
7266;"2020-10-14 04:36:30";"7th Ave. South, near Christopher";"New York";"NY";"";0;0;425;"Irish Theatre"
7274;"2020-10-14 04:36:30";"1697 Broadway at W. 53rd St.";"New York";"NY";"";0;0;1205;"Hammerstein's Theatre"
7283;"2020-10-14 04:36:30";"125th Street between 7th and 8th";"New York";"NY";"";0;0;0;"Harlem Opera House"
7288;"2020-10-14 04:36:30";"124 W. 43rd St.";"New York";"NY";"";2004;0;635;"Xenon"
7289;"2020-10-14 04:36:30";"124 W. 43rd St.";"New York";"NY";"";2004;0;635;"Kit Kat Klub"
7292;"2020-10-14 04:36:30";"1331 Broadway (29 W. 35th St.)";"New York";"NY";"";1914;1915;1150;"Herald Square Theatre"
7293;"2020-10-14 04:36:30";"1655 Broadway & 237 W. 51st St";"New York";"NY";"";1989;0;1505;"Hollywood Theatre"
7295;"2020-10-14 04:36:30";"1655 Broadway & 237 W. 51st St";"New York";"NY";"";1989;0;1505;"51st Street Theatre"
7306;"2020-10-14 04:36:30";"202 W. 58th St.";"New York";"NY";"";0;1985;825;"Cort's 58th Street Theatre"
7309;"2020-10-14 04:36:30";"202 W. 58th St.";"New York";"NY";"";0;1985;825;"Concert Theatre"
7316;"2020-10-14 04:36:30";"932 Seventh Ave. at W. 58th St.";"New York";"NY";"";1954;1962;1700;"Jolson's 59th Street Theatre"
7317;"2020-10-14 04:36:30";"932 Seventh Ave. at W. 58th St.";"New York";"NY";"";1954;1962;1700;"Central Park Theatre"
7318;"2020-10-14 04:36:30";"932 Seventh Ave. at W. 58th St.";"New York";"NY";"";1954;1962;1700;"Shakespeare Theatre"
7319;"2020-10-14 04:36:30";"932 Seventh Ave. at W. 58th St.";"New York";"NY";"";1954;1962;1700;"Venice Theatre"
7321;"2020-10-14 04:36:30";"932 Seventh Ave. at W. 58th St.";"New York";"NY";"";1954;1962;1700;"Molly Picon Theatre"
7324;"2020-10-14 04:36:30";"251 W. 45th St.";"New York";"NY";"";1934;1954;805;"Klaw Theatre"
7325;"2020-10-14 04:36:30";"251 W. 45th St.";"New York";"NY";"";1934;1954;805;"Avon Theatre"
7327;"2020-10-14 04:36:30";"132nd St. and 7th Ave.";"New York";"NY";"";0;0;0;"Lafayette Theatre"
7333;"2020-10-14 04:36:30";"200 W. 48th St.";"New York";"NY";"";0;0;499;"22 Steps"
7334;"2020-10-14 04:36:30";"200 W. 48th St.";"New York";"NY";"";0;0;499;"Princess Theatre"
7337;"2020-10-14 04:36:30";"622 Broadway";"New York";"NY";"";1880;1880;0;"Olympic Theatre"
7338;"2020-10-14 04:36:30";"(address unknown)";"New York";"NY";"";0;0;0;"Lenox Hill Theatre"
7339;"2020-10-14 04:36:30";"(address unknown)";"New York";"NY";"";0;0;0;"Lenox Little Theatre"
7340;"2020-10-14 04:36:30";"254 W. 42nd St.";"New York";"NY";"";1930;1997;880;"Lew M. Fields Theatre"
7341;"2020-10-14 04:36:30";"254 W. 42nd St.";"New York";"NY";"";1930;1997;880;"Hackett Theatre"
7342;"2020-10-14 04:36:30";"254 W. 42nd St.";"New York";"NY";"";1930;1997;880;"Harris Theatre"
7343;"2020-10-14 04:36:30";"254 W. 42nd St.";"New York";"NY";"";1930;1997;880;"Frazee Theatre"
7344;"2020-10-14 04:36:30";"254 W. 42nd St.";"New York";"NY";"";1930;1997;880;"Wallack's Theatre"
7358;"2020-10-14 04:36:30";"214 W. 42nd St.";"New York";"NY";"";1934;1996;1938;"Lyric Theatre (Broadway)"
7363;"2020-10-14 04:36:30";"24th St. (5th and Madison)";"New York";"NY";"";0;1908;0;"Hoyt's Theatre"
7366;"2020-10-14 04:36:30";"5 Columbus Circle (W. 58th & 59th)";"New York";"NY";"";0;0;1355;"Park Theatre"
7368;"2020-10-14 04:36:30";"5 Columbus Circle (W. 58th & 59th)";"New York";"NY";"";0;0;1355;"Cosmopolitan Theatre"
7369;"2020-10-14 04:36:30";"5 Columbus Circle (W. 58th & 59th)";"New York";"NY";"";0;0;1355;"Theatre of Young America"
7371;"2020-10-14 04:36:30";"5 Columbus Circle (W. 58th & 59th)";"New York";"NY";"";0;0;1355;"International Theatre"
7372;"2020-10-14 04:36:30";"5 Columbus Circle (W. 58th & 59th)";"New York";"NY";"";0;0;1355;"Columbus Circle"
7375;"2020-10-14 04:36:30";"311 West 34th St.";"New York";"NY";"";1940;0;3100;"Manhattan Opera House"
7390;"2020-10-14 04:36:30";"235 W. 46th St.";"New York";"NY";"";0;0;0;"Mayfair Theatre"
7391;"2020-10-14 04:36:30";"40th St. near Broadway";"New York";"NY";"";0;0;0;"Mendelssohn Hall"
7392;"2020-10-14 04:36:30";"(address unknown)";"New York";"NY";"";0;0;0;"Miner's Fifth Avenue Theatre"
7393;"2020-10-14 04:36:30";"200 W. 45th St.";"New York";"NY";"10036";0;0;1710;"Minskoff Theatre"
7396;"2020-10-14 04:36:30";"Lexington Ave. near E.42nd St.";"New York";"NY";"";0;0;0;"Murray Hill Theatre"
7402;"2020-10-14 04:36:30";"119 W. 39th St.";"New York";"NY";"";1926;1926;700;"Nazimova's 39th Street Theatre"
7404;"2020-10-14 04:36:30";"466 Grand St.";"New York";"NY";"";0;1927;0;"Neighborhood Playhouse"
7405;"2020-10-14 04:36:30";"Central Park West at W. 62nd St.";"New York";"NY";"";0;1930;2320;"New Theatre"
7409;"2020-10-14 04:36:30";"Nassau St.";"New York";"NY";"";1754;1758;0;"New Theatre"
7414;"2020-10-14 04:36:30";"537 Broadway";"New York";"NY";"";0;1895;0;"Niblo's Garden"
7415;"2020-10-14 04:36:30";"125 W. 48th St.";"New York";"NY";"";1937;1951;500;"Norworth Theatre"
7419;"2020-10-14 04:36:30";"4th Avenue (23rd & 24th)";"New York";"NY";"";0;1902;0;"Lyceum Theatre"
7420;"2020-10-14 04:36:30";"444 Broadway";"New York";"NY";"";1852;1854;0;"Olympic Theatre"
7422;"2020-10-14 04:36:30";"(address unknown)";"New York";"NY";"";0;0;0;"Palm Garden Theatre"
7424;"2020-10-14 04:36:30";"Broadway at 30th St.";"New York";"NY";"";0;1915;0;"Palmer's Theatre"
7429;"2020-10-14 04:36:30";"104 W. 39th St.";"New York";"NY";"";1926;1955;300;"Princess Theatre"
7431;"2020-10-14 04:36:30";"104 W. 39th St.";"New York";"NY";"";1926;1955;300;"Lucille La Verne Theatre"
7433;"2020-10-14 04:36:30";"104 W. 39th St.";"New York";"NY";"";1926;1955;300;"Assembly Theatre"
7435;"2020-10-14 04:36:30";"104 W. 39th St.";"New York";"NY";"";1926;1955;300;"Labor Stage Theatre"
7439;"2020-10-14 04:36:30";"133 MacDougal St.";"New York";"NY";"";0;0;0;"Provincetown Playhouse"
7440;"2020-10-14 04:36:30";"155 W. 49th St.";"New York";"NY";"";1933;1987;300;"Punch and Judy Theatre"
7441;"2020-10-14 04:36:30";"155 W. 49th St.";"New York";"NY";"";1933;1987;300;"Charles Hopkins Theatre"
7445;"2020-10-14 04:36:30";"1260 6th Ave.";"New York";"NY";"";0;0;5880;"Radio City Music Hall"
7446;"2020-10-14 04:36:30";"207 W. 42nd";"New York";"NY";"";0;0;1100;"Theatre Republic"
7447;"2020-10-14 04:36:30";"207 W. 42nd";"New York";"NY";"";0;0;1100;"The Old Belasco Theatre"
7452;"2020-10-14 04:36:30";"Varick St.";"New York";"NY";"";0;1849;0;"Richmond Hill Theatre"
7465;"2020-10-14 04:36:30";"Convent Ave. at 138th St.";"New York";"NY";"";0;1973;0;"Lewisohn Stadium of City College of New York"
7467;"2020-10-14 04:36:30";"102 W. 33rd St.";"New York";"NY";"";1907;1909;1100;"Standard Theatre"
7468;"2020-10-14 04:36:30";"102 W. 33rd St.";"New York";"NY";"";1907;1909;1100;"Manhattan Theatre"
7471;"2020-10-14 04:36:30";"(address unknown)";"New York";"NY";"";0;0;0;"Sutton Show Shop"
7473;"2020-10-14 04:36:30";"(address unknown)";"New York";"NY";"";0;0;0;"Triangle Theatre"
7474;"2020-10-14 04:36:30";"58 E. 14th St.";"New York";"NY";"";1936;0;0;"Union Square Theatre"
7479;"2020-10-14 04:36:30";"(address unknown)";"New York";"NY";"";0;0;0;"Vaudeville Theatre"
7480;"2020-10-14 04:36:30";"201 West 42nd Street";"New York";"NY";"";1915;1935;950;"Victoria Theatre"
7482;"2020-10-14 04:36:30";"150 West 65th St. at Broadway";"New York";"NY";"10023";0;0;1080;"Vivian Beaumont Theatre"
7483;"2020-10-14 04:36:30";"116 W. 50th St.";"New York";"NY";"";1933;1968;1050;"Waldorf Theatre"
7487;"2020-10-14 04:36:30";"216 W. 44th St.";"New York";"NY";"";1945;1945;1465;"Weber and Fields' Music Hall"
7488;"2020-10-14 04:36:30";"216 W. 44th St.";"New York";"NY";"";1945;1945;1465;"44th Street Theatre"
7489;"2020-10-14 04:36:30";"(address unknown)";"New York";"NY";"";0;0;0;"Willis Theatre"
7493;"2020-10-14 04:36:30";"6th Avenue at W. 54th St., Roof";"New York";"NY";"";1965;1966;1660;"Ziegfeld Theatre"
7494;"2020-10-14 04:36:30";"1514-16 Broadway (44th St.)";"New York";"NY";"";1915;1935;2800;"Olympia Theatre: Music Hall"
7496;"2020-10-14 04:36:30";"1514-16 Broadway (44th St.)";"New York";"NY";"";1915;1935;2800;"Moulin Rouge"
7506;"2020-10-14 04:36:30";"1514-16 Broadway (44th St.), Roof";"New York";"NY";"";0;1935;0;"New York Roof"
7512;"2020-10-14 04:36:30";"1887 Broadway at 62nd St.";"New York";"NY";"";0;1977;1265;"New Colonial Theatre"
7513;"2020-10-14 04:36:30";"1887 Broadway at 62nd St.";"New York";"NY";"";0;1977;1265;"Hampden's Theatre"
7518;"2020-10-14 04:36:30";"31 W. 28th St. (Broadway)";"New York";"NY";"";0;1939;1530;"New Fifth Avenue Theatre"
7519;"2020-10-14 04:36:30";"31 W. 28th St. (Broadway)";"New York";"NY";"";0;1939;1530;"Fifth Avenue Theatre"
7523;"2020-10-14 04:36:30";"67 W. 35th St.";"New York";"NY";"";1929;1932;910;"Harrigan's Theatre"
7524;"2020-10-14 04:36:30";"67 W. 35th St.";"New York";"NY";"";1929;1932;910;"Garrick Theatre"
7525;"2020-10-14 04:36:30";"67 W. 35th St.";"New York";"NY";"";1929;1932;910;"Theatre du Vieux Columbier"
7528;"2020-10-14 04:36:30";"112 W. 34th St.";"New York";"NY";"";1933;1952;840;"Savoy Theatre"
7537;"2020-10-14 04:36:30";"326 Broadway";"New York";"NY";"";0;1859;4500;"Broadway Theatre"
7543;"2020-10-14 04:36:30";"624 Broadway";"New York";"NY";"";0;1867;0;"Old Winter Garden Theatre"
7544;"2020-10-14 04:36:30";"485 Broadway";"New York";"NY";"";0;1869;0;"Brougham's Lyceum Theatre"
7545;"2020-10-14 04:36:30";"485 Broadway";"New York";"NY";"";0;1869;0;"Wallack's Lyceum Theatre"
7546;"2020-10-14 04:36:30";"485 Broadway";"New York";"NY";"";0;1869;0;"Broadway Theatre"
7547;"2020-10-14 04:36:30";"23rd St. (8th Ave.)";"New York";"NY";"";0;1960;0;"Pike's Opera House"
7550;"2020-10-14 04:36:30";"720 Broadway";"New York";"NY";"";0;0;0;"Waverley Theatre"
7553;"2020-10-14 04:36:30";"Leonard & Church Sts.";"New York";"NY";"";0;1841;0;"National Theatre"
7555;"2020-10-14 04:36:30";"23 Park Row";"New York";"NY";"";0;1848;0;"Park Theatre"
7556;"2020-10-14 04:36:30";"844 Broadway";"New York";"NY";"";0;1901;0;"Wallack's Theatre"
7557;"2020-10-14 04:36:30";"844 Broadway";"New York";"NY";"";0;1901;0;"Star Theatre"
7559;"2020-10-14 04:36:30";"1221 Broadway (30th St.)";"New York";"NY";"";0;1920;0;"Wood's Museum and Metropolitan"
7560;"2020-10-14 04:36:30";"1221 Broadway (30th St.)";"New York";"NY";"";0;1920;0;"Broadway Theatre"
7561;"2020-10-14 04:36:30";"1221 Broadway (30th St.)";"New York";"NY";"";0;1920;0;"Daly's Theatre"
7563;"2020-10-14 04:36:30";"Broadway at 39th St.";"New York";"NY";"";0;1966;0;"New Opera House"
7566;"2020-10-14 04:36:30";"18th St. (5th Ave.)";"New York";"NY";"";0;0;0;"Chickering Hall"
7571;"2020-10-14 04:36:30";"Canal St.";"New York";"NY";"";1838;0;0;"Broadway Theatre"
7580;"2020-10-14 04:36:30";"199 Bowery";"New York";"NY";"";0;0;0;"People's Theatre"
7584;"2020-10-14 04:36:30";"29th St. (Broadway)";"New York";"NY";"";0;1907;0;"San Francisco Music Hall"
7586;"2020-10-14 04:36:30";"29th St. (Broadway)";"New York";"NY";"";0;1907;0;"Princess Theatre"
7599;"2020-10-14 04:36:30";"Bedlow Street (later Madison St.)";"New York";"NY";"";0;0;0;"Grove Theatre"
7607;"2020-10-14 04:36:30";"Chatham Street";"New York";"NY";"";1832;0;0;"Chatham Gardens Theatre"
7610;"2020-10-14 04:36:30";"Broadway";"New York";"NY";"";0;0;0;"African Grove"
7620;"2020-10-14 04:36:30";"Chatham Street (Roosevelt & James)";"New York";"NY";"";0;0;0;"Purdy's New National"
7624;"2020-10-14 04:36:30";"Broadway";"New York";"NY";"";1853;0;0;"Astor Place Opera House"
7635;"2020-10-14 04:36:30";"514 Broadway (Spring & Broome)";"New York";"NY";"";0;0;0;"Theatre Comique"
7636;"2020-10-14 04:36:30";"514 Broadway (Spring & Broome)";"New York";"NY";"";0;0;0;"Wood's Minstrel Hall"
7648;"2020-10-14 04:36:30";"720 Broadway";"New York";"NY";"";0;0;0;"Hope Chapel"
7649;"2020-10-14 04:36:30";"720 Broadway";"New York";"NY";"";0;0;0;"Kelly and Leon's"
7651;"2020-10-14 04:36:30";"728 Broadway (Waverly)";"New York";"NY";"";0;1884;0;"Lucy Rushton's New York Theatre"
7652;"2020-10-14 04:36:30";"728 Broadway (Waverly)";"New York";"NY";"";0;1884;0;"New York Theatre"
7653;"2020-10-14 04:36:30";"728 Broadway (Waverly)";"New York";"NY";"";0;1884;0;"Worrell Sisters' New York Theatre"
7659;"2020-10-14 04:36:30";"932 Broadway (21st St)";"New York";"NY";"";1882;1882;0;"Abbey's Park Theatre"
7661;"2020-10-14 04:36:30";"23rd Street (6th Ave.)";"New York";"NY";"";0;1924;0;"Koster and Bial's Music Hall"
7664;"2020-10-14 04:36:30";"141 West 23rd St. (6th & 7th Ave)";"New York";"NY";"";0;0;0;"Proctor's Theatre"
7671;"2020-10-14 04:36:30";"20 Lincoln Center";"New York";"NY";"";0;0;0;"New York State Theatre"
7698;"2020-10-14 04:36:30";"513 13th Street NW";"Washington";"DC";"20004";0;0;0;"Warner Theatre"
7738;"2020-10-14 04:36:30";"The American Tobacco District 123 Vivian Street";"Durham";"NC";"27701";0;0;0;"Durham Performing Arts Center"
7812;"2020-10-14 04:36:30";"126 Second Avenue";"New York";"NY";"10003";0;0;347;"Orpheum Theatre"
7900;"2020-10-14 04:36:30";"359 West 48th St.";"New York";"NY";"10019";0;0;0;"Playhouse Theatre"
7980;"2020-10-14 04:36:30";"189 Second Avenue";"New York";"NY";"10009";0;0;1100;"Phoenix Theatre"
8051;"2020-10-14 04:36:30";"124 W. 43rd St.";"New York";"NY";"10036";0;0;1055;"Stephen Sondheim Theatre"
8150;"2020-10-14 04:36:30";"213 W. 42nd St.";"New York";"NY";"10036";0;0;1829;"Foxwoods Theatre"
8280;"2020-10-14 04:36:30";"417 W. Magnolia";"Fort Collins";"CO";"80521";0;0;0;"Lincoln Center"
