year,season,season_link,winner,actor,musical,character,actor_link,musical_link,character_link
1948,2nd Tony Awards,/wiki/2nd_Tony_Awards,True,Paul Hartman,Angel in the Wings,Various Characters,https://en.wikipedia.org/wiki/Paul_Hartman,https://en.wikipedia.org/wiki/Angel_in_the_Wings,
1949,3rd Tony Awards,/wiki/3rd_Tony_Awards,True,Ray Bolger,Where's Charley?,Charley Wykeham,https://en.wikipedia.org/wiki/Ray_Bolger,https://en.wikipedia.org/wiki/Where%27s_Charley%3F,
1950,4th Tony Awards,/wiki/4th_Tony_Awards,True,Ezio Pinza,South Pacific,Emile De Beque,https://en.wikipedia.org/wiki/Ezio_Pinza,https://en.wikipedia.org/wiki/South_Pacific_(musical),
1951,5th Tony Awards,/wiki/5th_Tony_Awards,True,Robert Alda,Guys and Dolls,Sky Masterson,https://en.wikipedia.org/wiki/Robert_Alda,https://en.wikipedia.org/wiki/Guys_and_Dolls,
1952,6th Tony Awards,/wiki/6th_Tony_Awards,True,Phil Silvers,Top Banana,Jerry Biffle,https://en.wikipedia.org/wiki/Phil_Silvers,https://en.wikipedia.org/wiki/Top_Banana_(musical),
1953,7th Tony Awards,/wiki/7th_Tony_Awards,True,Thomas Mitchell,Hazel Flagg,Dr. Downer,https://en.wikipedia.org/wiki/Thomas_Mitchell_(actor),https://en.wikipedia.org/wiki/Hazel_Flagg,
1954,8th Tony Awards,/wiki/8th_Tony_Awards,True,Alfred Drake,Kismet,Hajj,https://en.wikipedia.org/wiki/Alfred_Drake,https://en.wikipedia.org/wiki/Kismet_(musical),
1955,9th Tony Awards,/wiki/9th_Tony_Awards,True,Walter Slezak,Fanny,Panisse,https://en.wikipedia.org/wiki/Walter_Slezak,https://en.wikipedia.org/wiki/Fanny_(musical),
1956,10th Tony Awards,/wiki/10th_Tony_Awards,True,Ray Walston,Damn Yankees,Mr. Applegate,https://en.wikipedia.org/wiki/Ray_Walston,https://en.wikipedia.org/wiki/Damn_Yankees,
1956,10th Tony Awards,/wiki/10th_Tony_Awards,False,Stephen Douglass,Damn Yankees,Joe Hardy,https://en.wikipedia.org/wiki/Stephen_Douglass,,
1956,10th Tony Awards,/wiki/10th_Tony_Awards,False,Bill Johnson,Pipe Dream,Doc,https://en.wikipedia.org/wiki/Bill_Johnson_(musical_theatre_actor),https://en.wikipedia.org/wiki/Pipe_Dream_(musical),
1957,11th Tony Awards,/wiki/11th_Tony_Awards,True,Rex Harrison,My Fair Lady,Henry Higgins,https://en.wikipedia.org/wiki/Rex_Harrison,https://en.wikipedia.org/wiki/My_Fair_Lady,
1957,11th Tony Awards,/wiki/11th_Tony_Awards,False,Fernando Lamas,Happy Hunting,Duke of Granada,https://en.wikipedia.org/wiki/Fernando_Lamas,https://en.wikipedia.org/wiki/Happy_Hunting,
1957,11th Tony Awards,/wiki/11th_Tony_Awards,False,Robert Weede,The Most Happy Fella,Tony,https://en.wikipedia.org/wiki/Robert_Weede,https://en.wikipedia.org/wiki/The_Most_Happy_Fella,
1958,12th Tony Awards,/wiki/12th_Tony_Awards,False,Tony Randall,"Oh, Captain!",Captain Henry St. James,https://en.wikipedia.org/wiki/Tony_Randall,"https://en.wikipedia.org/wiki/Oh,_Captain!",
1958,12th Tony Awards,/wiki/12th_Tony_Awards,False,Eddie Foy Jr.,Rumple,Rumple,https://en.wikipedia.org/wiki/Eddie_Foy_Jr.,https://en.wikipedia.org/wiki/Rumple_(musical),
1958,12th Tony Awards,/wiki/12th_Tony_Awards,True,Robert Preston,The Music Man,Harold Hill,https://en.wikipedia.org/wiki/Robert_Preston_(actor),https://en.wikipedia.org/wiki/The_Music_Man,
1958,12th Tony Awards,/wiki/12th_Tony_Awards,False,Ricardo Montalbán,Jamaica,Koli,https://en.wikipedia.org/wiki/Ricardo_Montalb%C3%A1n,https://en.wikipedia.org/wiki/Jamaica_(musical),
1959,13th Tony Awards,/wiki/13th_Tony_Awards,True,Richard Kiley,Redhead,Tom Baxter,https://en.wikipedia.org/wiki/Richard_Kiley,https://en.wikipedia.org/wiki/Redhead_(musical),
1959,13th Tony Awards,/wiki/13th_Tony_Awards,False,Larry Blyden,Flower Drum Song,Sammy Fong,https://en.wikipedia.org/wiki/Larry_Blyden,https://en.wikipedia.org/wiki/Flower_Drum_Song,
1960,14th Tony Awards,/wiki/14th_Tony_Awards,False,Anthony Perkins,Greenwillow,Gideon Briggs,https://en.wikipedia.org/wiki/Anthony_Perkins,https://en.wikipedia.org/wiki/Greenwillow,
1960,14th Tony Awards,/wiki/14th_Tony_Awards,True,Jackie Gleason,Take Me Along,Sid Davis,https://en.wikipedia.org/wiki/Jackie_Gleason,https://en.wikipedia.org/wiki/Take_Me_Along,
1960,14th Tony Awards,/wiki/14th_Tony_Awards,False,Robert Morse,Take Me Along,Richard Miller,https://en.wikipedia.org/wiki/Robert_Morse,,
1960,14th Tony Awards,/wiki/14th_Tony_Awards,False,Walter Pidgeon,Take Me Along,Nat Miller,https://en.wikipedia.org/wiki/Walter_Pidgeon,,
1960,14th Tony Awards,/wiki/14th_Tony_Awards,False,Andy Griffith,Destry Rides Again,Destry,https://en.wikipedia.org/wiki/Andy_Griffith,https://en.wikipedia.org/wiki/Destry_Rides_Again_(musical),
1961,15th Tony Awards,/wiki/15th_Tony_Awards,True,Richard Burton,Camelot,Arthur,https://en.wikipedia.org/wiki/Richard_Burton,https://en.wikipedia.org/wiki/Camelot_(musical),https://en.wikipedia.org/wiki/King_Arthur
1961,15th Tony Awards,/wiki/15th_Tony_Awards,False,Phil Silvers,Do Re Mi,Hubert Cram,https://en.wikipedia.org/wiki/Phil_Silvers,https://en.wikipedia.org/wiki/Do_Re_Mi_(musical),
1961,15th Tony Awards,/wiki/15th_Tony_Awards,False,Maurice Evans,Tenderloin,Reverend Brock,https://en.wikipedia.org/wiki/Maurice_Evans_(actor),https://en.wikipedia.org/wiki/Tenderloin_(musical),
1962,16th Tony Awards,/wiki/16th_Tony_Awards,True,Robert Morse,How to Succeed in Business Without Really Trying,J. Pierrepont Finch,https://en.wikipedia.org/wiki/Robert_Morse,https://en.wikipedia.org/wiki/How_to_Succeed_in_Business_Without_Really_Trying_(musical),
1962,16th Tony Awards,/wiki/16th_Tony_Awards,False,Ray Bolger,All-American,Professor Fodorski,https://en.wikipedia.org/wiki/Ray_Bolger,https://en.wikipedia.org/wiki/All_American_(musical),
1962,16th Tony Awards,/wiki/16th_Tony_Awards,False,Alfred Drake,Kean,Edmund Kean,https://en.wikipedia.org/wiki/Alfred_Drake,https://en.wikipedia.org/wiki/Kean_(musical),
1962,16th Tony Awards,/wiki/16th_Tony_Awards,False,Richard Kiley,No Strings,David Jordan,https://en.wikipedia.org/wiki/Richard_Kiley,https://en.wikipedia.org/wiki/No_Strings,
1963,17th Tony Awards,/wiki/17th_Tony_Awards,False,Clive Revill,Oliver!,Fagin,https://en.wikipedia.org/wiki/Clive_Revill,https://en.wikipedia.org/wiki/Oliver!,https://en.wikipedia.org/wiki/Fagin
1963,17th Tony Awards,/wiki/17th_Tony_Awards,False,Anthony Newley,Stop the World – I Want to Get Off,Littlechap,https://en.wikipedia.org/wiki/Anthony_Newley,https://en.wikipedia.org/wiki/Stop_the_World_%E2%80%93_I_Want_to_Get_Off,
1963,17th Tony Awards,/wiki/17th_Tony_Awards,False,Sid Caesar,Little Me,Various Characters,https://en.wikipedia.org/wiki/Sid_Caesar,https://en.wikipedia.org/wiki/Little_Me_(musical),
1963,17th Tony Awards,/wiki/17th_Tony_Awards,True,Zero Mostel,A Funny Thing Happened on the Way to the Forum,Pseudolus,https://en.wikipedia.org/wiki/Zero_Mostel,https://en.wikipedia.org/wiki/A_Funny_Thing_Happened_on_the_Way_to_the_Forum,
1964,18th Tony Awards,/wiki/18th_Tony_Awards,True,Bert Lahr,Foxy,Foxy,https://en.wikipedia.org/wiki/Bert_Lahr,https://en.wikipedia.org/wiki/Foxy_(musical),
1964,18th Tony Awards,/wiki/18th_Tony_Awards,False,Sydney Chaplin,Funny Girl,Nick Arnstein,https://en.wikipedia.org/wiki/Sydney_Chaplin_(American_actor),https://en.wikipedia.org/wiki/Funny_Girl_(musical),
1964,18th Tony Awards,/wiki/18th_Tony_Awards,False,Bob Fosse,Pal Joey,Joey Evans,https://en.wikipedia.org/wiki/Bob_Fosse,https://en.wikipedia.org/wiki/Pal_Joey_(musical),
1964,18th Tony Awards,/wiki/18th_Tony_Awards,False,Steve Lawrence,What Makes Sammy Run?,Sammy Glick,https://en.wikipedia.org/wiki/Steve_Lawrence,https://en.wikipedia.org/wiki/What_Makes_Sammy_Run%3F_(musical),
1965,19th Tony Awards,/wiki/19th_Tony_Awards,True,Zero Mostel,Fiddler on the Roof,Tevye,https://en.wikipedia.org/wiki/Zero_Mostel,https://en.wikipedia.org/wiki/Fiddler_on_the_Roof,https://en.wikipedia.org/wiki/Tevye
1965,19th Tony Awards,/wiki/19th_Tony_Awards,False,Sammy Davis Jr.,Golden Boy,Joe Wellington,https://en.wikipedia.org/wiki/Sammy_Davis_Jr.,https://en.wikipedia.org/wiki/Golden_Boy_(musical),
1965,19th Tony Awards,/wiki/19th_Tony_Awards,False,Cyril Ritchard,The Roar of the Greasepaint – The Smell of the Crowd,Sir,https://en.wikipedia.org/wiki/Cyril_Ritchard,https://en.wikipedia.org/wiki/The_Roar_of_the_Greasepaint_%E2%80%93_The_Smell_of_the_Crowd,
1965,19th Tony Awards,/wiki/19th_Tony_Awards,False,Tommy Steele,Half a Sixpence,Arthur Kipps,https://en.wikipedia.org/wiki/Tommy_Steele,https://en.wikipedia.org/wiki/Half_a_Sixpence,
1966,20th Tony Awards,/wiki/20th_Tony_Awards,True,Richard Kiley,Man of La Mancha,Don Quixote/Cervantes,https://en.wikipedia.org/wiki/Richard_Kiley,https://en.wikipedia.org/wiki/Man_of_La_Mancha,https://en.wikipedia.org/wiki/Don_Quixote
1966,20th Tony Awards,/wiki/20th_Tony_Awards,False,Jack Cassidy,It's a Bird...It's a Plane...It's Superman,Max Mencken,https://en.wikipedia.org/wiki/Jack_Cassidy,https://en.wikipedia.org/wiki/It%27s_a_Bird...It%27s_a_Plane...It%27s_Superman,
1966,20th Tony Awards,/wiki/20th_Tony_Awards,False,John Cullum,On a Clear Day You Can See Forever,Dr. Mark Bruckner,https://en.wikipedia.org/wiki/John_Cullum,https://en.wikipedia.org/wiki/On_a_Clear_Day_You_Can_See_Forever,
1966,20th Tony Awards,/wiki/20th_Tony_Awards,False,Harry Secombe,Pickwick,Pickwick,https://en.wikipedia.org/wiki/Harry_Secombe,https://en.wikipedia.org/wiki/Pickwick_(musical),
1967,21st Tony Awards,/wiki/21st_Tony_Awards,False,Jack Gilford,Cabaret,Herr Schultz,https://en.wikipedia.org/wiki/Jack_Gilford,https://en.wikipedia.org/wiki/Cabaret_(musical),
1967,21st Tony Awards,/wiki/21st_Tony_Awards,False,Norman Wisdom,Walking Happy,Will Mossop,https://en.wikipedia.org/wiki/Norman_Wisdom,https://en.wikipedia.org/wiki/Walking_Happy,
1967,21st Tony Awards,/wiki/21st_Tony_Awards,True,Robert Preston,I Do! I Do!,Michael,https://en.wikipedia.org/wiki/Robert_Preston_(actor),https://en.wikipedia.org/wiki/I_Do!_I_Do!_(musical),
1967,21st Tony Awards,/wiki/21st_Tony_Awards,False,Alan Alda,The Apple Tree,Various Characters,https://en.wikipedia.org/wiki/Alan_Alda,https://en.wikipedia.org/wiki/The_Apple_Tree,
1968,22nd Tony Awards,/wiki/22nd_Tony_Awards,True,Robert Goulet,The Happy Time,Jacques Bonnard,https://en.wikipedia.org/wiki/Robert_Goulet,https://en.wikipedia.org/wiki/The_Happy_Time_(musical),
1968,22nd Tony Awards,/wiki/22nd_Tony_Awards,False,Robert Hooks,"Hallelujah, Baby!",Clem,https://en.wikipedia.org/wiki/Robert_Hooks,"https://en.wikipedia.org/wiki/Hallelujah,_Baby!",
1968,22nd Tony Awards,/wiki/22nd_Tony_Awards,False,Tony Roberts,"How Now, Dow Jones",Charley,https://en.wikipedia.org/wiki/Tony_Roberts_(actor),"https://en.wikipedia.org/wiki/How_Now,_Dow_Jones",
1968,22nd Tony Awards,/wiki/22nd_Tony_Awards,False,David Wayne,The Happy Time,Grandpere Bonnard,https://en.wikipedia.org/wiki/David_Wayne,https://en.wikipedia.org/wiki/The_Happy_Time_(musical),
1969,23rd Tony Awards,/wiki/23rd_Tony_Awards,False,Joel Grey,George M!,George M. Cohan,https://en.wikipedia.org/wiki/Joel_Grey,https://en.wikipedia.org/wiki/George_M!,https://en.wikipedia.org/wiki/George_M._Cohan
1969,23rd Tony Awards,/wiki/23rd_Tony_Awards,False,Jack Cassidy,Maggie Flynn,The Clown,https://en.wikipedia.org/wiki/Jack_Cassidy,https://en.wikipedia.org/wiki/Maggie_Flynn,
1969,23rd Tony Awards,/wiki/23rd_Tony_Awards,True,Jerry Orbach,"Promises, Promises",Chuck Baxter,https://en.wikipedia.org/wiki/Jerry_Orbach,"https://en.wikipedia.org/wiki/Promises,_Promises_(musical)",
1969,23rd Tony Awards,/wiki/23rd_Tony_Awards,False,Herschel Bernardi,Zorba,Zorba,https://en.wikipedia.org/wiki/Herschel_Bernardi,https://en.wikipedia.org/wiki/Zorba_(musical),
1970,24th Tony Awards,/wiki/24th_Tony_Awards,True,Cleavon Little,Purlie,Purlie,https://en.wikipedia.org/wiki/Cleavon_Little,https://en.wikipedia.org/wiki/Purlie,
1970,24th Tony Awards,/wiki/24th_Tony_Awards,False,Len Cariou,Applause,Bill Sampson,https://en.wikipedia.org/wiki/Len_Cariou,https://en.wikipedia.org/wiki/Applause_(musical),
1970,24th Tony Awards,/wiki/24th_Tony_Awards,False,Robert Weede,Cry for Us All,Edward Quinn,https://en.wikipedia.org/wiki/Robert_Weede,https://en.wikipedia.org/wiki/Cry_for_Us_All,
1971,25th Tony Awards,/wiki/25th_Tony_Awards,False,Bobby Van,"No, No, Nanette",Billy Early,https://en.wikipedia.org/wiki/Bobby_Van_(actor),"https://en.wikipedia.org/wiki/No,_No,_Nanette",
1971,25th Tony Awards,/wiki/25th_Tony_Awards,True,Hal Linden,The Rothschilds,Mayer Rothschild,https://en.wikipedia.org/wiki/Hal_Linden,https://en.wikipedia.org/wiki/The_Rothschilds_(musical),https://en.wikipedia.org/wiki/Mayer_Amschel_Rothschild
1971,25th Tony Awards,/wiki/25th_Tony_Awards,False,David Burns,"Lovely Ladies, Kind Gentlemen",Col. Wainwright Purdy III,https://en.wikipedia.org/wiki/David_Burns_(actor),"https://en.wikipedia.org/wiki/Lovely_Ladies,_Kind_Gentlemen",
1971,25th Tony Awards,/wiki/25th_Tony_Awards,False,Larry Kert,Company,Bobby,https://en.wikipedia.org/wiki/Larry_Kert,https://en.wikipedia.org/wiki/Company_(musical),
1972,26th Tony Awards,/wiki/26th_Tony_Awards,False,Barry Bostwick,Grease,Danny Zuko,https://en.wikipedia.org/wiki/Barry_Bostwick,https://en.wikipedia.org/wiki/Grease_(musical),
1972,26th Tony Awards,/wiki/26th_Tony_Awards,False,Raul Julia,Two Gentlemen of Verona,Proteus,https://en.wikipedia.org/wiki/Raul_Julia,https://en.wikipedia.org/wiki/Two_Gentlemen_of_Verona_(musical),
1972,26th Tony Awards,/wiki/26th_Tony_Awards,False,Clifton Davis,Two Gentlemen of Verona,Valentine,https://en.wikipedia.org/wiki/Clifton_Davis,https://en.wikipedia.org/wiki/Two_Gentlemen_of_Verona_(musical),
1972,26th Tony Awards,/wiki/26th_Tony_Awards,True,Phil Silvers,A Funny Thing Happened on the Way to the Forum,Pseudolus,https://en.wikipedia.org/wiki/Phil_Silvers,https://en.wikipedia.org/wiki/A_Funny_Thing_Happened_on_the_Way_to_the_Forum,
1973,27th Tony Awards,/wiki/27th_Tony_Awards,True,Ben Vereen,Pippin,The Leading Player,https://en.wikipedia.org/wiki/Ben_Vereen,https://en.wikipedia.org/wiki/Pippin_(musical),
1973,27th Tony Awards,/wiki/27th_Tony_Awards,False,Len Cariou,A Little Night Music,Frederick Egerman,https://en.wikipedia.org/wiki/Len_Cariou,https://en.wikipedia.org/wiki/A_Little_Night_Music,
1973,27th Tony Awards,/wiki/27th_Tony_Awards,False,Robert Morse,Sugar,Jerry,https://en.wikipedia.org/wiki/Robert_Morse,https://en.wikipedia.org/wiki/Sugar_(musical),
1973,27th Tony Awards,/wiki/27th_Tony_Awards,False,Brock Peters,Lost in the Stars,Stephen Kumalo,https://en.wikipedia.org/wiki/Brock_Peters,https://en.wikipedia.org/wiki/Lost_in_the_Stars,
1974,28th Tony Awards,/wiki/28th_Tony_Awards,False,Lewis J. Stadlen,Candide,Various Characters,https://en.wikipedia.org/wiki/Lewis_J._Stadlen,https://en.wikipedia.org/wiki/Candide_(operetta),
1974,28th Tony Awards,/wiki/28th_Tony_Awards,False,Joe Morton,Raisin,Walter Lee Younger,https://en.wikipedia.org/wiki/Joe_Morton,https://en.wikipedia.org/wiki/Raisin_(musical),
1974,28th Tony Awards,/wiki/28th_Tony_Awards,True,Christopher Plummer,Cyrano,Cyrano de Bergerac,https://en.wikipedia.org/wiki/Christopher_Plummer,https://en.wikipedia.org/wiki/Cyrano_(musical),https://en.wikipedia.org/wiki/Cyrano_de_Bergerac
1974,28th Tony Awards,/wiki/28th_Tony_Awards,False,Alfred Drake,Gigi,Honore Lachailles,https://en.wikipedia.org/wiki/Alfred_Drake,https://en.wikipedia.org/wiki/Gigi_(musical),
1975,29th Tony Awards,/wiki/29th_Tony_Awards,True,John Cullum,Shenandoah,Charlie Anderson,https://en.wikipedia.org/wiki/John_Cullum,https://en.wikipedia.org/wiki/Shenandoah_(musical),
1975,29th Tony Awards,/wiki/29th_Tony_Awards,False,Joel Grey,Goodtime Charley,Charley,https://en.wikipedia.org/wiki/Joel_Grey,https://en.wikipedia.org/wiki/Goodtime_Charley,
1975,29th Tony Awards,/wiki/29th_Tony_Awards,False,Raul Julia,Where's Charley?,Charley Wykeham,https://en.wikipedia.org/wiki/Raul_Julia,https://en.wikipedia.org/wiki/Where%27s_Charley%3F,
1975,29th Tony Awards,/wiki/29th_Tony_Awards,False,Eddie Mekka,The Lieutenant,Lieutenant,https://en.wikipedia.org/wiki/Eddie_Mekka,https://en.wikipedia.org/wiki/The_Lieutenant_(musical),
1975,29th Tony Awards,/wiki/29th_Tony_Awards,False,Robert Preston,Mack & Mabel,Mack Sennett,https://en.wikipedia.org/wiki/Robert_Preston_(actor),https://en.wikipedia.org/wiki/Mack_%26_Mabel,https://en.wikipedia.org/wiki/Mack_Sennett
1976,30th Tony Awards,/wiki/30th_Tony_Awards,False,Ian Richardson,My Fair Lady,Henry Higgins,https://en.wikipedia.org/wiki/Ian_Richardson,,
1976,30th Tony Awards,/wiki/30th_Tony_Awards,False,Jerry Orbach,Chicago,Billy Flynn,https://en.wikipedia.org/wiki/Jerry_Orbach,https://en.wikipedia.org/wiki/Chicago_(musical),https://en.wikipedia.org/wiki/Billy_Flynn_(Chicago)
1976,30th Tony Awards,/wiki/30th_Tony_Awards,True,George Rose,My Fair Lady,Alfred P. Doolittle,https://en.wikipedia.org/wiki/George_Rose_(actor),https://en.wikipedia.org/wiki/My_Fair_Lady,
1976,30th Tony Awards,/wiki/30th_Tony_Awards,False,Mako,Pacific Overtures,Various Characters,https://en.wikipedia.org/wiki/Mako_(actor),https://en.wikipedia.org/wiki/Pacific_Overtures,
1977,31st Tony Awards,/wiki/31st_Tony_Awards,True,Barry Bostwick,The Robber Bridegroom,Jamie Lockhart,https://en.wikipedia.org/wiki/Barry_Bostwick,https://en.wikipedia.org/wiki/The_Robber_Bridegroom_(musical),
1977,31st Tony Awards,/wiki/31st_Tony_Awards,False,Robert Guillaume,Guys and Dolls,Nathan Detroit,https://en.wikipedia.org/wiki/Robert_Guillaume,https://en.wikipedia.org/wiki/Guys_and_Dolls,
1977,31st Tony Awards,/wiki/31st_Tony_Awards,False,Raul Julia,The Threepenny Opera,Macheath,https://en.wikipedia.org/wiki/Raul_Julia,https://en.wikipedia.org/wiki/The_Threepenny_Opera,
1977,31st Tony Awards,/wiki/31st_Tony_Awards,False,Reid Shelton,Annie,Oliver Warbucks,https://en.wikipedia.org/wiki/Reid_Shelton,https://en.wikipedia.org/wiki/Annie_(musical),https://en.wikipedia.org/wiki/Daddy_Warbucks
1978,32nd Tony Awards,/wiki/32nd_Tony_Awards,True,John Cullum,On the Twentieth Century,Oscar Jaffee,https://en.wikipedia.org/wiki/John_Cullum,https://en.wikipedia.org/wiki/On_the_Twentieth_Century,
1978,32nd Tony Awards,/wiki/32nd_Tony_Awards,False,Eddie Bracken,"Hello, Dolly!",Horace Vandergelder,https://en.wikipedia.org/wiki/Eddie_Bracken,"https://en.wikipedia.org/wiki/Hello,_Dolly!_(musical)",
1978,32nd Tony Awards,/wiki/32nd_Tony_Awards,False,Barry Nelson,The Act,Dan Conners,https://en.wikipedia.org/wiki/Barry_Nelson,https://en.wikipedia.org/wiki/The_Act_(musical),
1978,32nd Tony Awards,/wiki/32nd_Tony_Awards,False,Gilbert Price,Timbuktu!,The Mansa of Mali,https://en.wikipedia.org/wiki/Gilbert_Price,https://en.wikipedia.org/wiki/Timbuktu!,
1979,33rd Tony Awards,/wiki/33rd_Tony_Awards,False,Robert Klein,They're Playing Our Song,Vernon Gersch,https://en.wikipedia.org/wiki/Robert_Klein,https://en.wikipedia.org/wiki/They%27re_Playing_Our_Song,
1979,33rd Tony Awards,/wiki/33rd_Tony_Awards,True,Len Cariou,Sweeney Todd: The Demon Barber of Fleet Street,Sweeney Todd,https://en.wikipedia.org/wiki/Len_Cariou,https://en.wikipedia.org/wiki/Sweeney_Todd:_The_Demon_Barber_of_Fleet_Street,https://en.wikipedia.org/wiki/Sweeney_Todd
1979,33rd Tony Awards,/wiki/33rd_Tony_Awards,False,Vincent Gardenia,Ballroom,Alfred Rossi,https://en.wikipedia.org/wiki/Vincent_Gardenia,https://en.wikipedia.org/wiki/Ballroom_(musical),
1979,33rd Tony Awards,/wiki/33rd_Tony_Awards,False,Joel Grey,The Grand Tour,S. L. Jacobowsky,https://en.wikipedia.org/wiki/Joel_Grey,https://en.wikipedia.org/wiki/The_Grand_Tour_(musical),
1980,34th Tony Awards,/wiki/34th_Tony_Awards,False,Giorgio Tozzi,The Most Happy Fella,Tony,https://en.wikipedia.org/wiki/Giorgio_Tozzi,https://en.wikipedia.org/wiki/The_Most_Happy_Fella,
1980,34th Tony Awards,/wiki/34th_Tony_Awards,False,Mickey Rooney,Sugar Babies,Mickey,https://en.wikipedia.org/wiki/Mickey_Rooney,https://en.wikipedia.org/wiki/Sugar_Babies_(musical),
1980,34th Tony Awards,/wiki/34th_Tony_Awards,True,Jim Dale,Barnum,P. T. Barnum,https://en.wikipedia.org/wiki/Jim_Dale,https://en.wikipedia.org/wiki/Barnum_(musical),https://en.wikipedia.org/wiki/P._T._Barnum
1980,34th Tony Awards,/wiki/34th_Tony_Awards,False,Gregory Hines,Comin' Uptown,Scrooge,https://en.wikipedia.org/wiki/Gregory_Hines,,https://en.wikipedia.org/wiki/Ebenezer_Scrooge
1981,35th Tony Awards,/wiki/35th_Tony_Awards,True,Kevin Kline,The Pirates of Penzance,The Pirate King,https://en.wikipedia.org/wiki/Kevin_Kline,https://en.wikipedia.org/wiki/The_Pirates_of_Penzance,
1981,35th Tony Awards,/wiki/35th_Tony_Awards,False,Gregory Hines,Sophisticated Ladies,Performer,https://en.wikipedia.org/wiki/Gregory_Hines,https://en.wikipedia.org/wiki/Sophisticated_Ladies,
1981,35th Tony Awards,/wiki/35th_Tony_Awards,False,George Rose,The Pirates of Penzance,Major-General,https://en.wikipedia.org/wiki/George_Rose_(actor),,
1981,35th Tony Awards,/wiki/35th_Tony_Awards,False,Martin Vidnovic,Brigadoon,Tommy Albright,https://en.wikipedia.org/wiki/Martin_Vidnovic,https://en.wikipedia.org/wiki/Brigadoon,
1982,36th Tony Awards,/wiki/36th_Tony_Awards,True,Ben Harney,Dreamgirls,Curtis Taylor Jr.,https://en.wikipedia.org/wiki/Ben_Harney_(actor),https://en.wikipedia.org/wiki/Dreamgirls,
1982,36th Tony Awards,/wiki/36th_Tony_Awards,False,Herschel Bernardi,Fiddler on the Roof,Tevye,https://en.wikipedia.org/wiki/Herschel_Bernardi,https://en.wikipedia.org/wiki/Fiddler_on_the_Roof,https://en.wikipedia.org/wiki/Tevye
1982,36th Tony Awards,/wiki/36th_Tony_Awards,False,Victor Garber,Little Me,Various Characters,https://en.wikipedia.org/wiki/Victor_Garber,https://en.wikipedia.org/wiki/Little_Me_(musical),
1982,36th Tony Awards,/wiki/36th_Tony_Awards,False,Raul Julia,Nine,Guido Contini,https://en.wikipedia.org/wiki/Raul_Julia,https://en.wikipedia.org/wiki/Nine_(musical),
1983,37th Tony Awards,/wiki/37th_Tony_Awards,True,Tommy Tune,My One and Only,Captain Billy Buck Chandler,https://en.wikipedia.org/wiki/Tommy_Tune,https://en.wikipedia.org/wiki/My_One_and_Only_(musical),
1983,37th Tony Awards,/wiki/37th_Tony_Awards,False,Al Green,Your Arms Too Short to Box with God,Performer,https://en.wikipedia.org/wiki/Al_Green,https://en.wikipedia.org/wiki/Your_Arms_Too_Short_to_Box_with_God,
1983,37th Tony Awards,/wiki/37th_Tony_Awards,False,George Hearn,A Doll's Life,Various Characters,https://en.wikipedia.org/wiki/George_Hearn,https://en.wikipedia.org/wiki/A_Doll%27s_Life,
1983,37th Tony Awards,/wiki/37th_Tony_Awards,False,Michael V. Smartt,Porgy and Bess,Porgy,,https://en.wikipedia.org/wiki/Porgy_and_Bess,
1984,38th Tony Awards,/wiki/38th_Tony_Awards,False,Mandy Patinkin,Sunday in the Park with George,Georges Seurat / George,https://en.wikipedia.org/wiki/Mandy_Patinkin,https://en.wikipedia.org/wiki/Sunday_in_the_Park_with_George,https://en.wikipedia.org/wiki/Georges_Seurat
1984,38th Tony Awards,/wiki/38th_Tony_Awards,False,Ron Moody,Oliver!,Fagin,https://en.wikipedia.org/wiki/Ron_Moody,https://en.wikipedia.org/wiki/Oliver!,https://en.wikipedia.org/wiki/Fagin
1984,38th Tony Awards,/wiki/38th_Tony_Awards,False,Gene Barry,La Cage aux Folles,Georges,https://en.wikipedia.org/wiki/Gene_Barry,,
1984,38th Tony Awards,/wiki/38th_Tony_Awards,True,George Hearn,La Cage aux Folles,Albin,https://en.wikipedia.org/wiki/George_Hearn,https://en.wikipedia.org/wiki/La_Cage_aux_Folles_(musical),
1985,39th Tony Awards,/wiki/39th_Tony_Awards,False,N/A[1],N/A[1],N/A[1],https://en.wikipedia.org#cite_note-1,https://en.wikipedia.org#cite_note-1,https://en.wikipedia.org#cite_note-1
1986,40th Tony Awards,/wiki/40th_Tony_Awards,True,George Rose,The Mystery of Edwin Drood,Mayor Thomas Sapsea / William Cartwright,https://en.wikipedia.org/wiki/George_Rose_(actor),https://en.wikipedia.org/wiki/Drood,
1986,40th Tony Awards,/wiki/40th_Tony_Awards,False,Don Correia,Singin' in the Rain,Don Lockwood,https://en.wikipedia.org/wiki/Don_Correia,https://en.wikipedia.org/wiki/Singin%27_in_the_Rain_(musical),
1986,40th Tony Awards,/wiki/40th_Tony_Awards,False,Cleavant Derricks,Big Deal,Charley,https://en.wikipedia.org/wiki/Cleavant_Derricks_(actor),https://en.wikipedia.org/wiki/Big_Deal_(musical),
1986,40th Tony Awards,/wiki/40th_Tony_Awards,False,Maurice Hines,Uptown... It's Hot!,Performer,https://en.wikipedia.org/wiki/Maurice_Hines,https://en.wikipedia.org/wiki/Uptown..._It%27s_Hot!,
1987,41st Tony Awards,/wiki/41st_Tony_Awards,True,Robert Lindsay,Me and My Girl,Bill Snibson,https://en.wikipedia.org/wiki/Robert_Lindsay_(actor),https://en.wikipedia.org/wiki/Me_and_My_Girl,
1987,41st Tony Awards,/wiki/41st_Tony_Awards,False,Roderick Cook,"Oh, Coward!",Performer,https://en.wikipedia.org/wiki/Roderick_Cook,"https://en.wikipedia.org/wiki/Oh,_Coward!",
1987,41st Tony Awards,/wiki/41st_Tony_Awards,False,Terrence Mann,Les Misérables,Javert,https://en.wikipedia.org/wiki/Terrence_Mann,https://en.wikipedia.org/wiki/Les_Mis%C3%A9rables_(musical),https://en.wikipedia.org/wiki/Javert
1987,41st Tony Awards,/wiki/41st_Tony_Awards,False,Colm Wilkinson,Les Misérables,Jean Valjean,https://en.wikipedia.org/wiki/Colm_Wilkinson,https://en.wikipedia.org/wiki/Les_Mis%C3%A9rables_(musical),https://en.wikipedia.org/wiki/Jean_Valjean
1988,42nd Tony Awards,/wiki/42nd_Tony_Awards,True,Michael Crawford,The Phantom of the Opera,The Phantom of the Opera,https://en.wikipedia.org/wiki/Michael_Crawford,https://en.wikipedia.org/wiki/The_Phantom_of_the_Opera_(1986_musical),https://en.wikipedia.org/wiki/Erik_(The_Phantom_of_the_Opera)
1988,42nd Tony Awards,/wiki/42nd_Tony_Awards,False,Scott Bakula,Romance/Romance,Alfred Von Wilmers / Sam,https://en.wikipedia.org/wiki/Scott_Bakula,https://en.wikipedia.org/wiki/Romance/Romance,
1988,42nd Tony Awards,/wiki/42nd_Tony_Awards,False,David Carroll,Chess,Anatoly Sergievsky,https://en.wikipedia.org/wiki/David_Carroll_(actor),https://en.wikipedia.org/wiki/Chess_(musical),
1988,42nd Tony Awards,/wiki/42nd_Tony_Awards,False,Howard McGillin,Anything Goes,Billy Crocker,https://en.wikipedia.org/wiki/Howard_McGillin,https://en.wikipedia.org/wiki/Anything_Goes,
1989,43rd Tony Awards,/wiki/43rd_Tony_Awards,False,Gabriel Barre,Starmites,Trinkulus,https://en.wikipedia.org/wiki/Gabriel_Barre,https://en.wikipedia.org/wiki/Starmites,
1989,43rd Tony Awards,/wiki/43rd_Tony_Awards,False,Brian Lane Green,Starmites,Spacepunk,https://en.wikipedia.org/wiki/Brian_Lane_Green,https://en.wikipedia.org/wiki/Starmites,
1989,43rd Tony Awards,/wiki/43rd_Tony_Awards,True,Jason Alexander,Jerome Robbins' Broadway,Various Characters,https://en.wikipedia.org/wiki/Jason_Alexander,https://en.wikipedia.org/wiki/Jerome_Robbins%27_Broadway,
1989,43rd Tony Awards,/wiki/43rd_Tony_Awards,False,Robert La Fosse,Jerome Robbins' Broadway,Various Characters,https://en.wikipedia.org/wiki/New_York_City_Ballet,,
1990,44th Tony Awards,/wiki/44th_Tony_Awards,False,Bob Gunton,Sweeney Todd: The Demon Barber of Fleet Street,Sweeney Todd,https://en.wikipedia.org/wiki/Bob_Gunton,https://en.wikipedia.org/wiki/Sweeney_Todd:_The_Demon_Barber_of_Fleet_Street,https://en.wikipedia.org/wiki/Sweeney_Todd
1990,44th Tony Awards,/wiki/44th_Tony_Awards,False,Gregg Edelman,City of Angels,Stine,https://en.wikipedia.org/wiki/Gregg_Edelman,,
1990,44th Tony Awards,/wiki/44th_Tony_Awards,False,David Carroll,Grand Hotel,Felix Von Gaigern,https://en.wikipedia.org/wiki/David_Carroll_(actor),https://en.wikipedia.org/wiki/Grand_Hotel_(musical),
1990,44th Tony Awards,/wiki/44th_Tony_Awards,True,James Naughton,City of Angels,Stone,https://en.wikipedia.org/wiki/James_Naughton,https://en.wikipedia.org/wiki/City_of_Angels_(musical),
1991,45th Tony Awards,/wiki/45th_Tony_Awards,True,Jonathan Pryce,Miss Saigon,The Engineer,https://en.wikipedia.org/wiki/Jonathan_Pryce,https://en.wikipedia.org/wiki/Miss_Saigon,
1991,45th Tony Awards,/wiki/45th_Tony_Awards,False,Keith Carradine,The Will Rogers Follies,Will Rogers,https://en.wikipedia.org/wiki/Keith_Carradine,https://en.wikipedia.org/wiki/The_Will_Rogers_Follies,https://en.wikipedia.org/wiki/Will_Rogers
1991,45th Tony Awards,/wiki/45th_Tony_Awards,False,Paul Hipp,Buddy – The Buddy Holly Story,Buddy Holly,https://en.wikipedia.org/wiki/Paul_Hipp,https://en.wikipedia.org/wiki/Buddy_%E2%80%93_The_Buddy_Holly_Story,https://en.wikipedia.org/wiki/Buddy_Holly
1991,45th Tony Awards,/wiki/45th_Tony_Awards,False,Topol,Fiddler on the Roof,Tevye,https://en.wikipedia.org/wiki/Chaim_Topol,https://en.wikipedia.org/wiki/Fiddler_on_the_Roof,https://en.wikipedia.org/wiki/Tevye
1992,46th Tony Awards,/wiki/46th_Tony_Awards,True,Gregory Hines,Jelly's Last Jam,Jelly Roll Morton,https://en.wikipedia.org/wiki/Gregory_Hines,https://en.wikipedia.org/wiki/Jelly%27s_Last_Jam,https://en.wikipedia.org/wiki/Jelly_Roll_Morton
1992,46th Tony Awards,/wiki/46th_Tony_Awards,False,Harry Groener,Crazy for You,Bobby Child,https://en.wikipedia.org/wiki/Harry_Groener,https://en.wikipedia.org/wiki/Crazy_for_You_(musical),
1992,46th Tony Awards,/wiki/46th_Tony_Awards,False,Nathan Lane,Guys and Dolls,Nathan Detroit,https://en.wikipedia.org/wiki/Nathan_Lane,https://en.wikipedia.org/wiki/Guys_and_Dolls,
1992,46th Tony Awards,/wiki/46th_Tony_Awards,False,Michael Rupert,Falsettos,Marvin,https://en.wikipedia.org/wiki/Michael_Rupert,https://en.wikipedia.org/wiki/Falsettos,
1993,47th Tony Awards,/wiki/47th_Tony_Awards,False,Martin Short,The Goodbye Girl,Elliot Garfield,https://en.wikipedia.org/wiki/Martin_Short,https://en.wikipedia.org/wiki/The_Goodbye_Girl_(musical),
1993,47th Tony Awards,/wiki/47th_Tony_Awards,False,Con O'Neill,Blood Brothers,Mickey,https://en.wikipedia.org/wiki/Con_O%27Neill_(actor),https://en.wikipedia.org/wiki/Blood_Brothers_(musical),
1993,47th Tony Awards,/wiki/47th_Tony_Awards,True,Brent Carver,Kiss of the Spider Woman,Luis Molina,https://en.wikipedia.org/wiki/Brent_Carver,https://en.wikipedia.org/wiki/Kiss_of_the_Spider_Woman_(musical),
1993,47th Tony Awards,/wiki/47th_Tony_Awards,False,Tim Curry,My Favorite Year,Alan Swann,https://en.wikipedia.org/wiki/Tim_Curry,https://en.wikipedia.org/wiki/My_Favorite_Year_(musical),
1994,48th Tony Awards,/wiki/48th_Tony_Awards,True,Boyd Gaines,She Loves Me,Georg Nowack,https://en.wikipedia.org/wiki/Boyd_Gaines,https://en.wikipedia.org/wiki/She_Loves_Me,
1994,48th Tony Awards,/wiki/48th_Tony_Awards,False,Victor Garber,Damn Yankees,Mr. Applegate,https://en.wikipedia.org/wiki/Victor_Garber,https://en.wikipedia.org/wiki/Damn_Yankees,
1994,48th Tony Awards,/wiki/48th_Tony_Awards,False,Terrence Mann,Beauty and the Beast,The Beast,https://en.wikipedia.org/wiki/Terrence_Mann,https://en.wikipedia.org/wiki/Beauty_and_the_Beast_(musical),https://en.wikipedia.org/wiki/Beast_(Beauty_and_the_Beast)
1994,48th Tony Awards,/wiki/48th_Tony_Awards,False,Jere Shea,Passion,Giorgio,https://en.wikipedia.org/wiki/Jere_Shea,https://en.wikipedia.org/wiki/Passion_(musical),
1995,49th Tony Awards,/wiki/49th_Tony_Awards,False,John McMartin,Show Boat,Cap'n Andy,https://en.wikipedia.org/wiki/John_McMartin,https://en.wikipedia.org/wiki/Show_Boat,
1995,49th Tony Awards,/wiki/49th_Tony_Awards,False,Mark Jacoby,Show Boat,Gaylord Ravenal,https://en.wikipedia.org/wiki/Mark_Jacoby,https://en.wikipedia.org/wiki/Show_Boat,
1995,49th Tony Awards,/wiki/49th_Tony_Awards,True,Matthew Broderick,How to Succeed in Business Without Really Trying,J. Pierrepont Finch,https://en.wikipedia.org/wiki/Matthew_Broderick,https://en.wikipedia.org/wiki/How_to_Succeed_in_Business_Without_Really_Trying_(musical),
1995,49th Tony Awards,/wiki/49th_Tony_Awards,False,Alan Campbell,Sunset Boulevard,Joe Gillis,https://en.wikipedia.org/wiki/Alan_Campbell_(actor),https://en.wikipedia.org/wiki/Sunset_Boulevard_(musical),
1996,50th Tony Awards,/wiki/50th_Tony_Awards,True,Nathan Lane,A Funny Thing Happened on the Way to the Forum,Pseudolus,https://en.wikipedia.org/wiki/Nathan_Lane,https://en.wikipedia.org/wiki/A_Funny_Thing_Happened_on_the_Way_to_the_Forum,
1996,50th Tony Awards,/wiki/50th_Tony_Awards,False,Savion Glover,"Bring in 'da Noise, Bring in 'da Funk",'da Beat / Lil' Dahlin',https://en.wikipedia.org/wiki/Savion_Glover,"https://en.wikipedia.org/wiki/Bring_in_%27da_Noise,_Bring_in_%27da_Funk",
1996,50th Tony Awards,/wiki/50th_Tony_Awards,False,Adam Pascal,Rent,Roger Davis,https://en.wikipedia.org/wiki/Adam_Pascal,https://en.wikipedia.org/wiki/Rent_(musical),
1996,50th Tony Awards,/wiki/50th_Tony_Awards,False,Lou Diamond Phillips,The King and I,The King of Siam,https://en.wikipedia.org/wiki/Lou_Diamond_Phillips,https://en.wikipedia.org/wiki/The_King_and_I,https://en.wikipedia.org/wiki/Mongkut
1997,51st Tony Awards,/wiki/51st_Tony_Awards,True,James Naughton,Chicago,Billy Flynn,https://en.wikipedia.org/wiki/James_Naughton,https://en.wikipedia.org/wiki/Chicago_(musical),https://en.wikipedia.org/wiki/Billy_Flynn_(Chicago)
1997,51st Tony Awards,/wiki/51st_Tony_Awards,False,Robert Cuccioli,Jekyll & Hyde,Dr. Henry Jekyll / Edward Hyde,https://en.wikipedia.org/wiki/Robert_Cuccioli,https://en.wikipedia.org/wiki/Jekyll_%26_Hyde_(musical),https://en.wikipedia.org/wiki/Dr._Jekyll_and_Mr._Hyde_(character)
1997,51st Tony Awards,/wiki/51st_Tony_Awards,False,Jim Dale,Candide,Dr. Pangloss,https://en.wikipedia.org/wiki/Jim_Dale,https://en.wikipedia.org/wiki/Candide_(operetta),
1997,51st Tony Awards,/wiki/51st_Tony_Awards,False,Daniel McDonald,Steel Pier,Bill Kelly,https://en.wikipedia.org/wiki/Daniel_McDonald_(actor),https://en.wikipedia.org/wiki/Steel_Pier_(musical),
1998,52nd Tony Awards,/wiki/52nd_Tony_Awards,True,Alan Cumming,Cabaret,The Master of Ceremonies,https://en.wikipedia.org/wiki/Alan_Cumming,https://en.wikipedia.org/wiki/Cabaret_(musical),
1998,52nd Tony Awards,/wiki/52nd_Tony_Awards,False,Peter Friedman,Ragtime,Tateh,https://en.wikipedia.org/wiki/Peter_Friedman,https://en.wikipedia.org/wiki/Ragtime_(musical),
1998,52nd Tony Awards,/wiki/52nd_Tony_Awards,False,Brian Stokes Mitchell,Ragtime,Coalhouse Walker Jr.,https://en.wikipedia.org/wiki/Brian_Stokes_Mitchell,https://en.wikipedia.org/wiki/Ragtime_(musical),
1998,52nd Tony Awards,/wiki/52nd_Tony_Awards,False,Douglas Sills,The Scarlet Pimpernel,Percy Blakeney,https://en.wikipedia.org/wiki/Douglas_Sills,https://en.wikipedia.org/wiki/The_Scarlet_Pimpernel_(musical),
1999,53rd Tony Awards,/wiki/53rd_Tony_Awards,False,Tom Wopat,Annie Get Your Gun,Frank Butler,https://en.wikipedia.org/wiki/Tom_Wopat,https://en.wikipedia.org/wiki/Annie_Get_Your_Gun_(musical),https://en.wikipedia.org/wiki/Frank_E._Butler
1999,53rd Tony Awards,/wiki/53rd_Tony_Awards,False,Adam Cooper,Swan Lake,The Swan,https://en.wikipedia.org/wiki/Adam_Cooper_(dancer),https://en.wikipedia.org/wiki/Swan_Lake_(Bourne),
1999,53rd Tony Awards,/wiki/53rd_Tony_Awards,False,Brent Carver,Parade,Leo Frank,https://en.wikipedia.org/wiki/Brent_Carver,https://en.wikipedia.org/wiki/Parade_(musical),https://en.wikipedia.org/wiki/Leo_Frank
1999,53rd Tony Awards,/wiki/53rd_Tony_Awards,True,Martin Short,Little Me,Various Characters,https://en.wikipedia.org/wiki/Martin_Short,https://en.wikipedia.org/wiki/Little_Me_(musical),
2000,54th Tony Awards,/wiki/54th_Tony_Awards,True,Brian Stokes Mitchell,"Kiss Me, Kate",Fred Graham /Petruchio,https://en.wikipedia.org/wiki/Brian_Stokes_Mitchell,"https://en.wikipedia.org/wiki/Kiss_Me,_Kate",https://en.wikipedia.org/wiki/Petruchio
2000,54th Tony Awards,/wiki/54th_Tony_Awards,False,Craig Bierko,The Music Man,Harold Hill,https://en.wikipedia.org/wiki/Craig_Bierko,https://en.wikipedia.org/wiki/The_Music_Man,
2000,54th Tony Awards,/wiki/54th_Tony_Awards,False,George Hearn,Putting It Together,The Husband,https://en.wikipedia.org/wiki/George_Hearn,https://en.wikipedia.org/wiki/Putting_It_Together,
2000,54th Tony Awards,/wiki/54th_Tony_Awards,False,Mandy Patinkin,The Wild Party,Burrs,https://en.wikipedia.org/wiki/Mandy_Patinkin,https://en.wikipedia.org/wiki/The_Wild_Party_(LaChiusa_musical),
2000,54th Tony Awards,/wiki/54th_Tony_Awards,False,Christopher Walken,The Dead,Gabriel Conroy,https://en.wikipedia.org/wiki/Christopher_Walken,https://en.wikipedia.org/wiki/James_Joyce%27s_The_Dead,
2001,55th Tony Awards,/wiki/55th_Tony_Awards,False,Patrick Wilson,The Full Monty,Jerry Lukowski,https://en.wikipedia.org/wiki/Patrick_Wilson_(American_actor),https://en.wikipedia.org/wiki/The_Full_Monty_(musical),
2001,55th Tony Awards,/wiki/55th_Tony_Awards,False,Tom Hewitt,The Rocky Horror Show,Dr. Frank N. Furter,https://en.wikipedia.org/wiki/Tom_Hewitt_(actor),https://en.wikipedia.org/wiki/The_Rocky_Horror_Show,
2001,55th Tony Awards,/wiki/55th_Tony_Awards,False,Kevin Chamberlin,Seussical,Horton the Elephant,https://en.wikipedia.org/wiki/Kevin_Chamberlin,https://en.wikipedia.org/wiki/Seussical,https://en.wikipedia.org/wiki/Horton_the_Elephant
2001,55th Tony Awards,/wiki/55th_Tony_Awards,False,Matthew Broderick,The Producers,Leo Bloom,https://en.wikipedia.org/wiki/Matthew_Broderick,,https://en.wikipedia.org/wiki/Leo_Bloom
2001,55th Tony Awards,/wiki/55th_Tony_Awards,True,Nathan Lane,The Producers,Max Bialystock,https://en.wikipedia.org/wiki/Nathan_Lane,https://en.wikipedia.org/wiki/The_Producers_(musical),https://en.wikipedia.org/wiki/Max_Bialystock
2002,56th Tony Awards,/wiki/56th_Tony_Awards,True,John Lithgow,Sweet Smell of Success,J.J. Hunsecker,https://en.wikipedia.org/wiki/John_Lithgow,https://en.wikipedia.org/wiki/Sweet_Smell_of_Success_(musical),
2002,56th Tony Awards,/wiki/56th_Tony_Awards,False,Gavin Creel,Thoroughly Modern Millie,Jimmy Smith,https://en.wikipedia.org/wiki/Gavin_Creel,https://en.wikipedia.org/wiki/Thoroughly_Modern_Millie_(musical),
2002,56th Tony Awards,/wiki/56th_Tony_Awards,False,John McMartin,Into the Woods,Narrator / Mysterious Man,https://en.wikipedia.org/wiki/John_McMartin,https://en.wikipedia.org/wiki/Into_the_Woods,
2002,56th Tony Awards,/wiki/56th_Tony_Awards,False,Patrick Wilson,Oklahoma!,Curly McLain,https://en.wikipedia.org/wiki/Patrick_Wilson_(American_actor),https://en.wikipedia.org/wiki/Oklahoma!,
2002,56th Tony Awards,/wiki/56th_Tony_Awards,False,John Cullum,Urinetown,Caldwell B. Cladwell,https://en.wikipedia.org/wiki/John_Cullum,https://en.wikipedia.org/wiki/Urinetown,
2003,57th Tony Awards,/wiki/57th_Tony_Awards,False,John Selya,Movin' Out,Eddie,https://en.wikipedia.org/wiki/John_Selya,https://en.wikipedia.org/wiki/Movin%27_Out_(musical),
2003,57th Tony Awards,/wiki/57th_Tony_Awards,False,Brian Stokes Mitchell,Man of La Mancha,Don Quixote/Cervantes,https://en.wikipedia.org/wiki/Brian_Stokes_Mitchell,https://en.wikipedia.org/wiki/Man_of_La_Mancha,https://en.wikipedia.org/wiki/Don_Quixote
2003,57th Tony Awards,/wiki/57th_Tony_Awards,True,Harvey Fierstein,Hairspray,Edna Turnblad,https://en.wikipedia.org/wiki/Harvey_Fierstein,https://en.wikipedia.org/wiki/Hairspray_(musical),
2003,57th Tony Awards,/wiki/57th_Tony_Awards,False,Antonio Banderas,Nine,Guido Contini,https://en.wikipedia.org/wiki/Antonio_Banderas,https://en.wikipedia.org/wiki/Nine_(musical),
2003,57th Tony Awards,/wiki/57th_Tony_Awards,False,Malcolm Gets,Amour,Dusoleil,https://en.wikipedia.org/wiki/Malcolm_Gets,https://en.wikipedia.org/wiki/Amour_(musical),
2004,58th Tony Awards,/wiki/58th_Tony_Awards,True,Hugh Jackman,The Boy from Oz,Peter Allen,https://en.wikipedia.org/wiki/Hugh_Jackman,https://en.wikipedia.org/wiki/The_Boy_from_Oz,https://en.wikipedia.org/wiki/Peter_Allen_(musician)
2004,58th Tony Awards,/wiki/58th_Tony_Awards,False,Hunter Foster,Little Shop of Horrors,Seymour,https://en.wikipedia.org/wiki/Hunter_Foster,https://en.wikipedia.org/wiki/Little_Shop_of_Horrors_(musical),
2004,58th Tony Awards,/wiki/58th_Tony_Awards,False,Alfred Molina,Fiddler on the Roof,Tevye,https://en.wikipedia.org/wiki/Alfred_Molina,https://en.wikipedia.org/wiki/Fiddler_on_the_Roof,https://en.wikipedia.org/wiki/Tevye
2004,58th Tony Awards,/wiki/58th_Tony_Awards,False,Euan Morton,Taboo,George,https://en.wikipedia.org/wiki/Euan_Morton,https://en.wikipedia.org/wiki/Taboo_(musical),https://en.wikipedia.org/wiki/Boy_George
2004,58th Tony Awards,/wiki/58th_Tony_Awards,False,John Tartaglia,Avenue Q,Princeton / Rod,https://en.wikipedia.org/wiki/John_Tartaglia,https://en.wikipedia.org/wiki/Avenue_Q,
2005,59th Tony Awards,/wiki/59th_Tony_Awards,True,Norbert Leo Butz,Dirty Rotten Scoundrels,Freddy Benson,https://en.wikipedia.org/wiki/Norbert_Leo_Butz,https://en.wikipedia.org/wiki/Dirty_Rotten_Scoundrels_(musical),
2005,59th Tony Awards,/wiki/59th_Tony_Awards,False,Hank Azaria,Spamalot,Various Characters,https://en.wikipedia.org/wiki/Hank_Azaria,https://en.wikipedia.org/wiki/Spamalot,
2005,59th Tony Awards,/wiki/59th_Tony_Awards,False,Gary Beach,La Cage aux Folles,Albin,https://en.wikipedia.org/wiki/Gary_Beach,https://en.wikipedia.org/wiki/La_Cage_aux_Folles_(musical),
2005,59th Tony Awards,/wiki/59th_Tony_Awards,False,Tim Curry,Spamalot,King Arthur,https://en.wikipedia.org/wiki/Tim_Curry,,https://en.wikipedia.org/wiki/King_Arthur
2005,59th Tony Awards,/wiki/59th_Tony_Awards,False,John Lithgow,Dirty Rotten Scoundrels,Lawrence Jameson,https://en.wikipedia.org/wiki/John_Lithgow,,
2006,60th Tony Awards,/wiki/60th_Tony_Awards,False,Bob Martin,The Drowsy Chaperone,Man in Chair,https://en.wikipedia.org/wiki/Bob_Martin_(comedian),https://en.wikipedia.org/wiki/The_Drowsy_Chaperone,
2006,60th Tony Awards,/wiki/60th_Tony_Awards,False,Stephen Lynch,The Wedding Singer,Robbie Hart,https://en.wikipedia.org/wiki/Stephen_Lynch_(musician),https://en.wikipedia.org/wiki/The_Wedding_Singer_(musical),
2006,60th Tony Awards,/wiki/60th_Tony_Awards,False,Michael Cerveris,Sweeney Todd: The Demon Barber of Fleet Street,Sweeney Todd,https://en.wikipedia.org/wiki/Michael_Cerveris,https://en.wikipedia.org/wiki/Sweeney_Todd:_The_Demon_Barber_of_Fleet_Street,https://en.wikipedia.org/wiki/Sweeney_Todd
2006,60th Tony Awards,/wiki/60th_Tony_Awards,False,Harry Connick Jr.,The Pajama Game,Sid Sorokin,https://en.wikipedia.org/wiki/Harry_Connick_Jr.,https://en.wikipedia.org/wiki/The_Pajama_Game,
2006,60th Tony Awards,/wiki/60th_Tony_Awards,True,John Lloyd Young,Jersey Boys,Frankie Valli,https://en.wikipedia.org/wiki/John_Lloyd_Young,https://en.wikipedia.org/wiki/Jersey_Boys,https://en.wikipedia.org/wiki/Frankie_Valli
2007,61st Tony Awards,/wiki/61st_Tony_Awards,True,David Hyde Pierce,Curtains,Lieutenant Frank Cioffi,https://en.wikipedia.org/wiki/David_Hyde_Pierce,https://en.wikipedia.org/wiki/Curtains_(musical),
2007,61st Tony Awards,/wiki/61st_Tony_Awards,False,Michael Cerveris,LoveMusik,Kurt Weill,https://en.wikipedia.org/wiki/Michael_Cerveris,https://en.wikipedia.org/wiki/LoveMusik,https://en.wikipedia.org/wiki/Kurt_Weill
2007,61st Tony Awards,/wiki/61st_Tony_Awards,False,Raúl Esparza,Company,Robert,https://en.wikipedia.org/wiki/Ra%C3%BAl_Esparza,https://en.wikipedia.org/wiki/Company_(musical),
2007,61st Tony Awards,/wiki/61st_Tony_Awards,False,Jonathan Groff,Spring Awakening,Melchior Gabor,https://en.wikipedia.org/wiki/Jonathan_Groff,https://en.wikipedia.org/wiki/Spring_Awakening_(musical),
2007,61st Tony Awards,/wiki/61st_Tony_Awards,False,Gavin Lee,Mary Poppins,Bert,https://en.wikipedia.org/wiki/Gavin_Lee,https://en.wikipedia.org/wiki/Mary_Poppins_(musical),
2008,62nd Tony Awards,/wiki/62nd_Tony_Awards,True,Paulo Szot,South Pacific,Emile de Becque,https://en.wikipedia.org/wiki/Paulo_Szot,https://en.wikipedia.org/wiki/South_Pacific_(musical),
2008,62nd Tony Awards,/wiki/62nd_Tony_Awards,False,Daniel Evans,Sunday in the Park with George,Georges Seurat / George,https://en.wikipedia.org/wiki/Daniel_Evans_(actor),https://en.wikipedia.org/wiki/Sunday_in_the_Park_with_George,https://en.wikipedia.org/wiki/Georges_Seurat
2008,62nd Tony Awards,/wiki/62nd_Tony_Awards,False,Lin-Manuel Miranda,In the Heights,Usnavi,https://en.wikipedia.org/wiki/Lin-Manuel_Miranda,https://en.wikipedia.org/wiki/In_the_Heights,
2008,62nd Tony Awards,/wiki/62nd_Tony_Awards,False,Stew,Passing Strange,Narrator,https://en.wikipedia.org/wiki/Stew_(musician),https://en.wikipedia.org/wiki/Passing_Strange_(musical),
2008,62nd Tony Awards,/wiki/62nd_Tony_Awards,False,Tom Wopat,A Catered Affair,Tom Hurley,https://en.wikipedia.org/wiki/Tom_Wopat,https://en.wikipedia.org/wiki/A_Catered_Affair,
2009,63rd Tony Awards,/wiki/63rd_Tony_Awards,False,Constantine Maroulis,Rock of Ages,Drew,https://en.wikipedia.org/wiki/Constantine_Maroulis,https://en.wikipedia.org/wiki/Rock_of_Ages_(musical),
2009,63rd Tony Awards,/wiki/63rd_Tony_Awards,False,Brian d'Arcy James,Shrek the Musical,Shrek,https://en.wikipedia.org/wiki/Brian_d%27Arcy_James,https://en.wikipedia.org/wiki/Shrek_the_Musical,https://en.wikipedia.org/wiki/Shrek_(character)
2009,63rd Tony Awards,/wiki/63rd_Tony_Awards,False,J. Robert Spencer,Next to Normal,Dan Goodman,https://en.wikipedia.org/wiki/J._Robert_Spencer,https://en.wikipedia.org/wiki/Next_to_Normal,
2009,63rd Tony Awards,/wiki/63rd_Tony_Awards,True,"David Alvarez,Trent Kowalik&Kiril Kulish",Billy Elliot the Musical,Billy Elliot,https://en.wikipedia.org/wiki/David_Alvarez_(actor),https://en.wikipedia.org/wiki/Billy_Elliot_the_Musical,
2009,63rd Tony Awards,/wiki/63rd_Tony_Awards,False,Gavin Creel,Hair,Claude,https://en.wikipedia.org/wiki/Gavin_Creel,https://en.wikipedia.org/wiki/Hair_(musical),
2010,64th Tony Awards,/wiki/64th_Tony_Awards,True,Douglas Hodge,La Cage aux Folles,Albin,https://en.wikipedia.org/wiki/Douglas_Hodge,https://en.wikipedia.org/wiki/La_Cage_aux_Folles_(musical),
2010,64th Tony Awards,/wiki/64th_Tony_Awards,False,Kelsey Grammer,La Cage aux Folles,Georges,https://en.wikipedia.org/wiki/Kelsey_Grammer,,
2010,64th Tony Awards,/wiki/64th_Tony_Awards,False,Sean Hayes,"Promises, Promises",Chuck Baxter,https://en.wikipedia.org/wiki/Sean_Hayes_(actor),"https://en.wikipedia.org/wiki/Promises,_Promises_(musical)",
2010,64th Tony Awards,/wiki/64th_Tony_Awards,False,Chad Kimball,Memphis,Huey Calhoun,https://en.wikipedia.org/wiki/Chad_Kimball,https://en.wikipedia.org/wiki/Memphis_(musical),
2010,64th Tony Awards,/wiki/64th_Tony_Awards,False,Sahr Ngaujah,Fela!,Fela Kuti,https://en.wikipedia.org/wiki/Sahr_Ngaujah,https://en.wikipedia.org/wiki/Fela!,https://en.wikipedia.org/wiki/Fela_Kuti
2011,65th Tony Awards,/wiki/65th_Tony_Awards,False,Tony Sheldon,"Priscilla, Queen of the Desert",Bernadette Bassenger,https://en.wikipedia.org/wiki/Tony_Sheldon,"https://en.wikipedia.org/wiki/Priscilla,_Queen_of_the_Desert_(musical)",
2011,65th Tony Awards,/wiki/65th_Tony_Awards,False,Andrew Rannells,The Book of Mormon,Elder Price,https://en.wikipedia.org/wiki/Andrew_Rannells,,
2011,65th Tony Awards,/wiki/65th_Tony_Awards,False,Joshua Henry,The Scottsboro Boys,Haywood Patterson,https://en.wikipedia.org/wiki/Joshua_Henry,https://en.wikipedia.org/wiki/The_Scottsboro_Boys_(musical),
2011,65th Tony Awards,/wiki/65th_Tony_Awards,True,Norbert Leo Butz,Catch Me If You Can,Carl Hanratty,https://en.wikipedia.org/wiki/Norbert_Leo_Butz,https://en.wikipedia.org/wiki/Catch_Me_If_You_Can_(musical),
2011,65th Tony Awards,/wiki/65th_Tony_Awards,False,Josh Gad,The Book of Mormon,Elder Cunningham,https://en.wikipedia.org/wiki/Josh_Gad,https://en.wikipedia.org/wiki/The_Book_of_Mormon_(musical),
2012,66th Tony Awards,/wiki/66th_Tony_Awards,True,Steve Kazee,Once,Guy,https://en.wikipedia.org/wiki/Steve_Kazee,https://en.wikipedia.org/wiki/Once_(musical),
2012,66th Tony Awards,/wiki/66th_Tony_Awards,False,Danny Burstein,Follies,Buddy Plummer,https://en.wikipedia.org/wiki/Danny_Burstein,https://en.wikipedia.org/wiki/Follies,
2012,66th Tony Awards,/wiki/66th_Tony_Awards,False,Jeremy Jordan,Newsies,Jack Kelly,"https://en.wikipedia.org/wiki/Jeremy_Jordan_(actor,_born_1984)",https://en.wikipedia.org/wiki/Newsies_(musical),
2012,66th Tony Awards,/wiki/66th_Tony_Awards,False,Norm Lewis,Porgy and Bess,Porgy,https://en.wikipedia.org/wiki/Norm_Lewis,https://en.wikipedia.org/wiki/Porgy_and_Bess,
2012,66th Tony Awards,/wiki/66th_Tony_Awards,False,Ron Raines,Follies,Ben Stone,https://en.wikipedia.org/wiki/Ron_Raines,,
2013,67th Tony Awards,/wiki/67th_Tony_Awards,False,Rob McClure,Chaplin,Charlie Chaplin,https://en.wikipedia.org/wiki/Rob_McClure,https://en.wikipedia.org/wiki/Chaplin_(2006_musical),https://en.wikipedia.org/wiki/Charlie_Chaplin
2013,67th Tony Awards,/wiki/67th_Tony_Awards,False,Stark Sands,Kinky Boots,Charlie Price,https://en.wikipedia.org/wiki/Stark_Sands,,
2013,67th Tony Awards,/wiki/67th_Tony_Awards,False,Bertie Carvel,Matilda the Musical,Miss Trunchbull,https://en.wikipedia.org/wiki/Bertie_Carvel,https://en.wikipedia.org/wiki/Matilda_the_Musical,https://en.wikipedia.org/wiki/Miss_Trunchbull
2013,67th Tony Awards,/wiki/67th_Tony_Awards,True,Billy Porter,Kinky Boots,Lola / Simon,https://en.wikipedia.org/wiki/Billy_Porter_(entertainer),https://en.wikipedia.org/wiki/Kinky_Boots_(musical),
2013,67th Tony Awards,/wiki/67th_Tony_Awards,False,Santino Fontana,Cinderella,Prince Topher,https://en.wikipedia.org/wiki/Santino_Fontana,https://en.wikipedia.org/wiki/Cinderella_(2013_Broadway_production),
2014,68th Tony Awards,/wiki/68th_Tony_Awards,True,Neil Patrick Harris,Hedwig and the Angry Inch,Hedwig Schmidt,https://en.wikipedia.org/wiki/Neil_Patrick_Harris,https://en.wikipedia.org/wiki/Hedwig_and_the_Angry_Inch_(musical),
2014,68th Tony Awards,/wiki/68th_Tony_Awards,False,Ramin Karimloo,Les Misérables,Jean Valjean,https://en.wikipedia.org/wiki/Ramin_Karimloo,https://en.wikipedia.org/wiki/Les_Mis%C3%A9rables_(musical),https://en.wikipedia.org/wiki/Jean_Valjean
2014,68th Tony Awards,/wiki/68th_Tony_Awards,False,Andy Karl,Rocky the Musical,Rocky Balboa,https://en.wikipedia.org/wiki/Andy_Karl,https://en.wikipedia.org/wiki/Rocky_the_Musical,https://en.wikipedia.org/wiki/Rocky_Balboa
2014,68th Tony Awards,/wiki/68th_Tony_Awards,False,Jefferson Mays,A Gentleman's Guide to Love and Murder,The D'Ysquith Family,https://en.wikipedia.org/wiki/Jefferson_Mays,https://en.wikipedia.org/wiki/A_Gentleman%27s_Guide_to_Love_and_Murder,
2014,68th Tony Awards,/wiki/68th_Tony_Awards,False,Bryce Pinkham,A Gentleman's Guide to Love and Murder,Monty Navarro,https://en.wikipedia.org/wiki/Bryce_Pinkham,https://en.wikipedia.org/wiki/A_Gentleman%27s_Guide_to_Love_and_Murder,
2015,69th Tony Awards,/wiki/69th_Tony_Awards,True,Michael Cerveris,Fun Home,Bruce Bechdel,https://en.wikipedia.org/wiki/Michael_Cerveris,https://en.wikipedia.org/wiki/Fun_Home_(musical),
2015,69th Tony Awards,/wiki/69th_Tony_Awards,False,Brian d'Arcy James,Something Rotten!,Nick Bottom,https://en.wikipedia.org/wiki/Brian_d%27Arcy_James,https://en.wikipedia.org/wiki/Something_Rotten!_(musical),
2015,69th Tony Awards,/wiki/69th_Tony_Awards,False,Robert Fairchild,An American in Paris,Jerry Mulligan,https://en.wikipedia.org/wiki/Robert_Fairchild,https://en.wikipedia.org/wiki/An_American_in_Paris_(musical),
2015,69th Tony Awards,/wiki/69th_Tony_Awards,False,Ken Watanabe,The King and I,The King of Siam,https://en.wikipedia.org/wiki/Ken_Watanabe,https://en.wikipedia.org/wiki/The_King_and_I,https://en.wikipedia.org/wiki/Mongkut
2015,69th Tony Awards,/wiki/69th_Tony_Awards,False,Tony Yazbeck,On the Town,Gabey,https://en.wikipedia.org/wiki/Tony_Yazbeck,https://en.wikipedia.org/wiki/On_the_Town_(musical),
2016,70th Tony Awards,/wiki/70th_Tony_Awards,False,Lin-Manuel Miranda,Hamilton,Alexander Hamilton,https://en.wikipedia.org/wiki/Lin-Manuel_Miranda,https://en.wikipedia.org/wiki/Hamilton_(musical),https://en.wikipedia.org/wiki/Alexander_Hamilton
2016,70th Tony Awards,/wiki/70th_Tony_Awards,False,Zachary Levi,She Loves Me,Georg Nowack,https://en.wikipedia.org/wiki/Zachary_Levi,https://en.wikipedia.org/wiki/She_Loves_Me,
2016,70th Tony Awards,/wiki/70th_Tony_Awards,False,Alex Brightman,School of Rock,Dewey Finn,https://en.wikipedia.org/wiki/Alex_Brightman,https://en.wikipedia.org/wiki/School_of_Rock_(musical),
2016,70th Tony Awards,/wiki/70th_Tony_Awards,True,Leslie Odom Jr.,Hamilton,Aaron Burr,https://en.wikipedia.org/wiki/Leslie_Odom_Jr.,https://en.wikipedia.org/wiki/Hamilton_(musical),https://en.wikipedia.org/wiki/Aaron_Burr
2016,70th Tony Awards,/wiki/70th_Tony_Awards,False,Danny Burstein,Fiddler on the Roof,Tevye,https://en.wikipedia.org/wiki/Danny_Burstein,https://en.wikipedia.org/wiki/Fiddler_on_the_Roof,https://en.wikipedia.org/wiki/Tevye
2017,71st Tony Awards,/wiki/71st_Tony_Awards,True,Ben Platt,Dear Evan Hansen,Evan Hansen,https://en.wikipedia.org/wiki/Ben_Platt,https://en.wikipedia.org/wiki/Dear_Evan_Hansen,
2017,71st Tony Awards,/wiki/71st_Tony_Awards,False,Christian Borle,Falsettos,Marvin,https://en.wikipedia.org/wiki/Christian_Borle,https://en.wikipedia.org/wiki/Falsettos,
2017,71st Tony Awards,/wiki/71st_Tony_Awards,False,Josh Groban,"Natasha, Pierre & The Great Comet of 1812",Pierre Bezukhov,https://en.wikipedia.org/wiki/Josh_Groban,"https://en.wikipedia.org/wiki/Natasha,_Pierre_%26_The_Great_Comet_of_1812",https://en.wikipedia.org/wiki/Pierre_Bezukhov
2017,71st Tony Awards,/wiki/71st_Tony_Awards,False,Andy Karl,Groundhog Day,Phil Connors,https://en.wikipedia.org/wiki/Andy_Karl,https://en.wikipedia.org/wiki/Groundhog_Day_(musical),
2017,71st Tony Awards,/wiki/71st_Tony_Awards,False,David Hyde Pierce,"Hello, Dolly!",Horace Vandergelder,https://en.wikipedia.org/wiki/David_Hyde_Pierce,"https://en.wikipedia.org/wiki/Hello,_Dolly!_(musical)",
2018,72nd Tony Awards,/wiki/72nd_Tony_Awards,True,Tony Shalhoub,The Band's Visit,Tewfiq Zakaria,https://en.wikipedia.org/wiki/Tony_Shalhoub,https://en.wikipedia.org/wiki/The_Band%27s_Visit_(musical),
2018,72nd Tony Awards,/wiki/72nd_Tony_Awards,False,Harry Hadden-Paton,My Fair Lady,Henry Higgins,https://en.wikipedia.org/wiki/Harry_Hadden-Paton,https://en.wikipedia.org/wiki/My_Fair_Lady,
2018,72nd Tony Awards,/wiki/72nd_Tony_Awards,False,Joshua Henry,Carousel,Billy Bigelow,https://en.wikipedia.org/wiki/Joshua_Henry,https://en.wikipedia.org/wiki/Carousel_(musical),
2018,72nd Tony Awards,/wiki/72nd_Tony_Awards,False,Ethan Slater,SpongeBob SquarePants,SpongeBob SquarePants,https://en.wikipedia.org/wiki/Ethan_Slater,https://en.wikipedia.org/wiki/SpongeBob_SquarePants_(musical),https://en.wikipedia.org/wiki/SpongeBob_SquarePants_(character)
2019,73rd Tony Awards,/wiki/73rd_Tony_Awards,False,Alex Brightman,Beetlejuice,Beetlejuice,https://en.wikipedia.org/wiki/Alex_Brightman,https://en.wikipedia.org/wiki/Beetlejuice_(musical),
2019,73rd Tony Awards,/wiki/73rd_Tony_Awards,False,Derrick Baskin,Ain’t Too Proud,Otis Williams,https://en.wikipedia.org/wiki/Derrick_Baskin,https://en.wikipedia.org/wiki/Ain%27t_Too_Proud_(musical),https://en.wikipedia.org/wiki/Otis_Williams
2019,73rd Tony Awards,/wiki/73rd_Tony_Awards,False,Damon Daunno,Oklahoma!,Curly McLain,https://en.wikipedia.org/wiki/Damon_Daunno,https://en.wikipedia.org/wiki/Oklahoma!,
2019,73rd Tony Awards,/wiki/73rd_Tony_Awards,True,Santino Fontana,Tootsie,Michael Dorsey / Dorothy Michaels,https://en.wikipedia.org/wiki/Santino_Fontana,https://en.wikipedia.org/wiki/Tootsie_(musical),
2019,73rd Tony Awards,/wiki/73rd_Tony_Awards,False,Brooks Ashmanskas,The Prom,Barry Glickman,https://en.wikipedia.org/wiki/Brooks_Ashmanskas,https://en.wikipedia.org/wiki/The_Prom_(musical),
2020,74th Tony Awards,/wiki/74th_Tony_Awards,False,Aaron Tveit,Moulin Rouge! The Musical,Christian,https://en.wikipedia.org/wiki/Aaron_Tveit,https://en.wikipedia.org/wiki/Moulin_Rouge!_(musical),
