year,season,season_link,winner,actress,musical,character,actress_link,musical_link,character_link
1948,2nd Tony Awards,/wiki/2nd_Tony_Awards,True,Grace Hartman,Angel in the Wings,Nettie / Mrs. Blodgett / Ruth / Mrs. Hutchinson,https://en.wikipedia.org/wiki/Grace_Hartman_(actress),https://en.wikipedia.org/wiki/Angel_in_the_Wings,
1949,3rd Tony Awards,/wiki/3rd_Tony_Awards,True,Nanette Fabray,Love Life,Susan Cooper,https://en.wikipedia.org/wiki/Nanette_Fabray,https://en.wikipedia.org/wiki/Love_Life_(musical),
1950,4th Tony Awards,/wiki/4th_Tony_Awards,True,Mary Martin,South Pacific,Ensign Nellie Forbush,https://en.wikipedia.org/wiki/Mary_Martin,https://en.wikipedia.org/wiki/South_Pacific_(musical),
1951,5th Tony Awards,/wiki/5th_Tony_Awards,True,Ethel Merman,Call Me Madam,Sally Adams,https://en.wikipedia.org/wiki/Ethel_Merman,https://en.wikipedia.org/wiki/Call_Me_Madam,
1952,6th Tony Awards,/wiki/6th_Tony_Awards,True,Gertrude Lawrence,The King and I,Anna Leonowens,https://en.wikipedia.org/wiki/Gertrude_Lawrence,https://en.wikipedia.org/wiki/The_King_and_I,https://en.wikipedia.org/wiki/Anna_Leonowens
1953,7th Tony Awards,/wiki/7th_Tony_Awards,True,Rosalind Russell,Wonderful Town,Ruth Sherwood,https://en.wikipedia.org/wiki/Rosalind_Russell,https://en.wikipedia.org/wiki/Wonderful_Town,
1954,8th Tony Awards,/wiki/8th_Tony_Awards,True,Dolores Gray,Carnival in Flanders,Cornelia,https://en.wikipedia.org/wiki/Dolores_Gray,https://en.wikipedia.org/wiki/Carnival_in_Flanders_(musical),
1955,9th Tony Awards,/wiki/9th_Tony_Awards,True,Mary Martin,Peter Pan,Peter Pan,https://en.wikipedia.org/wiki/Mary_Martin,https://en.wikipedia.org/wiki/Peter_Pan_(1954_musical),https://en.wikipedia.org/wiki/Peter_Pan
1956,10th Tony Awards,/wiki/10th_Tony_Awards,True,Gwen Verdon,Damn Yankees,Lola,https://en.wikipedia.org/wiki/Gwen_Verdon,https://en.wikipedia.org/wiki/Damn_Yankees,
1956,10th Tony Awards,/wiki/10th_Tony_Awards,False,Carol Channing,The Vamp,Flora Weems,https://en.wikipedia.org/wiki/Carol_Channing,https://en.wikipedia.org/wiki/The_Vamp,
1956,10th Tony Awards,/wiki/10th_Tony_Awards,False,Nancy Walker,Phoenix '55,Various Characters,https://en.wikipedia.org/wiki/Nancy_Walker,,
1957,11th Tony Awards,/wiki/11th_Tony_Awards,True,Judy Holliday,Bells Are Ringing,Ella Peterson,https://en.wikipedia.org/wiki/Judy_Holliday,https://en.wikipedia.org/wiki/Bells_Are_Ringing_(musical),
1957,11th Tony Awards,/wiki/11th_Tony_Awards,False,Julie Andrews,My Fair Lady,Eliza Doolittle,https://en.wikipedia.org/wiki/Julie_Andrews,https://en.wikipedia.org/wiki/My_Fair_Lady,https://en.wikipedia.org/wiki/Eliza_Doolittle
1957,11th Tony Awards,/wiki/11th_Tony_Awards,False,Ethel Merman,Happy Hunting,Liz Livingstone,https://en.wikipedia.org/wiki/Ethel_Merman,https://en.wikipedia.org/wiki/Happy_Hunting,
1958,12th Tony Awards,/wiki/12th_Tony_Awards,False,Beatrice Lillie,Ziegfeld Follies of 1957,Various Characters,https://en.wikipedia.org/wiki/Beatrice_Lillie,https://en.wikipedia.org/wiki/Ziegfeld_Follies,
1958,12th Tony Awards,/wiki/12th_Tony_Awards,False,Lena Horne,Jamaica,Savannah,https://en.wikipedia.org/wiki/Lena_Horne,https://en.wikipedia.org/wiki/Jamaica_(musical),
1958,12th Tony Awards,/wiki/12th_Tony_Awards,True,Thelma Ritter,New Girl in Town,Marthy Owen,https://en.wikipedia.org/wiki/Thelma_Ritter,https://en.wikipedia.org/wiki/New_Girl_in_Town,
1958,12th Tony Awards,/wiki/12th_Tony_Awards,True,Gwen Verdon,New Girl in Town,Anna Christopherson,https://en.wikipedia.org/wiki/Gwen_Verdon,https://en.wikipedia.org/wiki/New_Girl_in_Town,
1959,13th Tony Awards,/wiki/13th_Tony_Awards,True,Gwen Verdon,Redhead,Essie Whimple,https://en.wikipedia.org/wiki/Gwen_Verdon,https://en.wikipedia.org/wiki/Redhead_(musical),
1959,13th Tony Awards,/wiki/13th_Tony_Awards,False,Miyoshi Umeki,Flower Drum Song,Mei-Li,https://en.wikipedia.org/wiki/Miyoshi_Umeki,https://en.wikipedia.org/wiki/Flower_Drum_Song,
1960,14th Tony Awards,/wiki/14th_Tony_Awards,True,Mary Martin,The Sound of Music,Maria von Trapp,https://en.wikipedia.org/wiki/Mary_Martin,https://en.wikipedia.org/wiki/The_Sound_of_Music,https://en.wikipedia.org/wiki/Maria_von_Trapp
1960,14th Tony Awards,/wiki/14th_Tony_Awards,False,Carol Burnett,Once Upon a Mattress,Princess Winnifred,https://en.wikipedia.org/wiki/Carol_Burnett,https://en.wikipedia.org/wiki/Once_Upon_a_Mattress,
1960,14th Tony Awards,/wiki/14th_Tony_Awards,False,Dolores Gray,Destry Rides Again,Frenchy,https://en.wikipedia.org/wiki/Dolores_Gray,https://en.wikipedia.org/wiki/Destry_Rides_Again_(musical),
1960,14th Tony Awards,/wiki/14th_Tony_Awards,False,Eileen Herlie,Take Me Along,Lily Miller,https://en.wikipedia.org/wiki/Eileen_Herlie,https://en.wikipedia.org/wiki/Take_Me_Along,
1960,14th Tony Awards,/wiki/14th_Tony_Awards,False,Ethel Merman,Gypsy,Rose,https://en.wikipedia.org/wiki/Ethel_Merman,https://en.wikipedia.org/wiki/Gypsy_(musical),https://en.wikipedia.org/wiki/Rose_Thompson_Hovick
1961,15th Tony Awards,/wiki/15th_Tony_Awards,False,Nancy Walker,Do Re Mi,Kay Cram,https://en.wikipedia.org/wiki/Nancy_Walker,https://en.wikipedia.org/wiki/Do_Re_Mi_(musical),
1961,15th Tony Awards,/wiki/15th_Tony_Awards,True,Elizabeth Seal,Irma La Douce,Irma La Douce,https://en.wikipedia.org/wiki/Elizabeth_Seal,https://en.wikipedia.org/wiki/Irma_La_Douce_(musical),
1961,15th Tony Awards,/wiki/15th_Tony_Awards,False,Julie Andrews,Camelot,Guenevere,https://en.wikipedia.org/wiki/Julie_Andrews,https://en.wikipedia.org/wiki/Camelot_(musical),https://en.wikipedia.org/wiki/Guinevere
1961,15th Tony Awards,/wiki/15th_Tony_Awards,False,Carol Channing,Show Girl,Various Characters,https://en.wikipedia.org/wiki/Carol_Channing,,
1962,16th Tony Awards,/wiki/16th_Tony_Awards,False,Molly Picon,Milk and Honey,Clara Weiss,https://en.wikipedia.org/wiki/Molly_Picon,https://en.wikipedia.org/wiki/Milk_and_Honey_(musical),
1962,16th Tony Awards,/wiki/16th_Tony_Awards,False,Elaine Stritch,Sail Away,Mimi Paragon,https://en.wikipedia.org/wiki/Elaine_Stritch,https://en.wikipedia.org/wiki/Sail_Away_(musical),
1962,16th Tony Awards,/wiki/16th_Tony_Awards,True,Anna Maria Alberghetti,Carnival!,Lili Daurier,https://en.wikipedia.org/wiki/Anna_Maria_Alberghetti,https://en.wikipedia.org/wiki/Carnival!,
1962,16th Tony Awards,/wiki/16th_Tony_Awards,True,Diahann Carroll,No Strings,Barbara Woodruff,https://en.wikipedia.org/wiki/Diahann_Carroll,https://en.wikipedia.org/wiki/No_Strings,
1963,17th Tony Awards,/wiki/17th_Tony_Awards,True,Vivien Leigh,Tovarich,Tatiana,https://en.wikipedia.org/wiki/Vivien_Leigh,https://en.wikipedia.org/wiki/Tovarich_(musical),
1963,17th Tony Awards,/wiki/17th_Tony_Awards,False,Georgia Brown,Oliver!,Nancy,https://en.wikipedia.org/wiki/Georgia_Brown_(English_singer),https://en.wikipedia.org/wiki/Oliver!,https://en.wikipedia.org/wiki/Nancy_(Oliver_Twist)
1963,17th Tony Awards,/wiki/17th_Tony_Awards,False,Nanette Fabray,Mr. President,Nell Henderson,https://en.wikipedia.org/wiki/Nanette_Fabray,https://en.wikipedia.org/wiki/Mr._President_(musical),
1963,17th Tony Awards,/wiki/17th_Tony_Awards,False,Sally Ann Howes,Brigadoon,Fiona MacLaren,https://en.wikipedia.org/wiki/Sally_Ann_Howes,https://en.wikipedia.org/wiki/Brigadoon,
1964,18th Tony Awards,/wiki/18th_Tony_Awards,True,Carol Channing,"Hello, Dolly!",Dolly Gallagher Levi,https://en.wikipedia.org/wiki/Carol_Channing,"https://en.wikipedia.org/wiki/Hello,_Dolly!_(musical)",
1964,18th Tony Awards,/wiki/18th_Tony_Awards,False,Beatrice Lillie,High Spirits,Madame Arcati,https://en.wikipedia.org/wiki/Beatrice_Lillie,https://en.wikipedia.org/wiki/High_Spirits_(musical),
1964,18th Tony Awards,/wiki/18th_Tony_Awards,False,Barbra Streisand,Funny Girl,Fanny Brice,https://en.wikipedia.org/wiki/Barbra_Streisand,https://en.wikipedia.org/wiki/Funny_Girl_(musical),https://en.wikipedia.org/wiki/Fanny_Brice
1964,18th Tony Awards,/wiki/18th_Tony_Awards,False,Inga Swenson,110 in the Shade,Lizzie Curry,https://en.wikipedia.org/wiki/Inga_Swenson,https://en.wikipedia.org/wiki/110_in_the_Shade,
1965,19th Tony Awards,/wiki/19th_Tony_Awards,True,Liza Minnelli,Flora the Red Menace,Flora Mezaros,https://en.wikipedia.org/wiki/Liza_Minnelli,https://en.wikipedia.org/wiki/Flora_the_Red_Menace,
1965,19th Tony Awards,/wiki/19th_Tony_Awards,False,Elizabeth Allen,Do I Hear a Waltz?,Leona Samish,https://en.wikipedia.org/wiki/Elizabeth_Allen_(actress),https://en.wikipedia.org/wiki/Do_I_Hear_a_Waltz%3F,
1965,19th Tony Awards,/wiki/19th_Tony_Awards,False,Nancy Dussault,Bajour,Emily Kirsten,https://en.wikipedia.org/wiki/Nancy_Dussault,https://en.wikipedia.org/wiki/Bajour_(musical),
1965,19th Tony Awards,/wiki/19th_Tony_Awards,False,Inga Swenson,Baker Street,Irene Adler,https://en.wikipedia.org/wiki/Inga_Swenson,https://en.wikipedia.org/wiki/Baker_Street_(musical),
1966,20th Tony Awards,/wiki/20th_Tony_Awards,False,Gwen Verdon,Sweet Charity,Charity Hope Valentine,https://en.wikipedia.org/wiki/Gwen_Verdon,https://en.wikipedia.org/wiki/Sweet_Charity,
1966,20th Tony Awards,/wiki/20th_Tony_Awards,False,Julie Harris,Skyscraper,Georgina Allerton,https://en.wikipedia.org/wiki/Julie_Harris_(American_actress),https://en.wikipedia.org/wiki/Skyscraper_(musical),
1966,20th Tony Awards,/wiki/20th_Tony_Awards,True,Angela Lansbury,Mame,Mame Dennis,https://en.wikipedia.org/wiki/Angela_Lansbury,https://en.wikipedia.org/wiki/Mame_(musical),
1966,20th Tony Awards,/wiki/20th_Tony_Awards,False,Barbara Harris,On a Clear Day You Can See Forever,Daisy Gamble / Melinda Wells,https://en.wikipedia.org/wiki/Barbara_Harris_(actress),https://en.wikipedia.org/wiki/On_a_Clear_Day_You_Can_See_Forever,
1967,21st Tony Awards,/wiki/21st_Tony_Awards,True,Barbara Harris,The Apple Tree,Eve / Princess Barbara / Ella and Passionella,https://en.wikipedia.org/wiki/Barbara_Harris_(actress),https://en.wikipedia.org/wiki/The_Apple_Tree,
1967,21st Tony Awards,/wiki/21st_Tony_Awards,False,Lotte Lenya,Cabaret,Fraulein Schneider,https://en.wikipedia.org/wiki/Lotte_Lenya,https://en.wikipedia.org/wiki/Cabaret_(musical),
1967,21st Tony Awards,/wiki/21st_Tony_Awards,False,Mary Martin,I Do! I Do!,She (Agnes),https://en.wikipedia.org/wiki/Mary_Martin,https://en.wikipedia.org/wiki/I_Do!_I_Do!,
1967,21st Tony Awards,/wiki/21st_Tony_Awards,False,Louise Troy,Walking Happy,Maggie Hobson,https://en.wikipedia.org/wiki/Louise_Troy,https://en.wikipedia.org/wiki/Walking_Happy,
1968,22nd Tony Awards,/wiki/22nd_Tony_Awards,False,Brenda Vaccaro,"How Now, Dow Jones",Cynthia Pike,https://en.wikipedia.org/wiki/Brenda_Vaccaro,"https://en.wikipedia.org/wiki/How_Now,_Dow_Jones",
1968,22nd Tony Awards,/wiki/22nd_Tony_Awards,False,Melina Mercouri,Illya Darling,Illya,https://en.wikipedia.org/wiki/Melina_Mercouri,https://en.wikipedia.org/wiki/Illya_Darling,
1968,22nd Tony Awards,/wiki/22nd_Tony_Awards,True,Patricia Routledge,Darling of the Day,Alice Challice,https://en.wikipedia.org/wiki/Patricia_Routledge,https://en.wikipedia.org/wiki/Darling_of_the_Day,
1968,22nd Tony Awards,/wiki/22nd_Tony_Awards,True,Leslie Uggams,"Hallelujah, Baby!",Georgina,https://en.wikipedia.org/wiki/Leslie_Uggams,"https://en.wikipedia.org/wiki/Hallelujah,_Baby!",
1969,23rd Tony Awards,/wiki/23rd_Tony_Awards,True,Angela Lansbury,Dear World,Countess Aurelia,https://en.wikipedia.org/wiki/Angela_Lansbury,https://en.wikipedia.org/wiki/Dear_World,
1969,23rd Tony Awards,/wiki/23rd_Tony_Awards,False,Maria Karnilova,Zorba,Madame Hortense,https://en.wikipedia.org/wiki/Maria_Karnilova,https://en.wikipedia.org/wiki/Zorba_(musical),
1969,23rd Tony Awards,/wiki/23rd_Tony_Awards,False,Dorothy Loudon,The Fig Leaves Are Falling,Lillian Stone,https://en.wikipedia.org/wiki/Dorothy_Loudon,https://en.wikipedia.org/wiki/The_Fig_Leaves_Are_Falling,
1969,23rd Tony Awards,/wiki/23rd_Tony_Awards,False,Jill O'Hara,"Promises, Promises",Fran Kubelik,https://en.wikipedia.org/wiki/Jill_O%27Hara,"https://en.wikipedia.org/wiki/Promises,_Promises_(musical)",
1970,24th Tony Awards,/wiki/24th_Tony_Awards,False,Dilys Watling,Georgy,"Georgina ""Georgy"" Parkin",https://en.wikipedia.org/wiki/Dilys_Watling,https://en.wikipedia.org/wiki/Georgy_(musical),
1970,24th Tony Awards,/wiki/24th_Tony_Awards,True,Lauren Bacall,Applause,Margo Channing,https://en.wikipedia.org/wiki/Lauren_Bacall,https://en.wikipedia.org/wiki/Applause_(musical),
1970,24th Tony Awards,/wiki/24th_Tony_Awards,False,Katharine Hepburn,Coco,Coco Chanel,https://en.wikipedia.org/wiki/Katharine_Hepburn,https://en.wikipedia.org/wiki/Coco_(musical),https://en.wikipedia.org/wiki/Coco_Chanel
1971,25th Tony Awards,/wiki/25th_Tony_Awards,False,Susan Browning,Company,April,https://en.wikipedia.org/wiki/Susan_Browning,https://en.wikipedia.org/wiki/Company_(musical),
1971,25th Tony Awards,/wiki/25th_Tony_Awards,False,Elaine Stritch,Company,Joanne,https://en.wikipedia.org/wiki/Elaine_Stritch,https://en.wikipedia.org/wiki/Company_(musical),
1971,25th Tony Awards,/wiki/25th_Tony_Awards,True,Helen Gallagher,"No, No, Nanette",Lucille Early,https://en.wikipedia.org/wiki/Helen_Gallagher,"https://en.wikipedia.org/wiki/No,_No,_Nanette",
1971,25th Tony Awards,/wiki/25th_Tony_Awards,False,Sandy Duncan,The Boy Friend,Maisie,https://en.wikipedia.org/wiki/Sandy_Duncan,https://en.wikipedia.org/wiki/The_Boy_Friend_(musical),
1972,26th Tony Awards,/wiki/26th_Tony_Awards,True,Alexis Smith,Follies,Phyllis Rogers Stone,https://en.wikipedia.org/wiki/Alexis_Smith,https://en.wikipedia.org/wiki/Follies,
1972,26th Tony Awards,/wiki/26th_Tony_Awards,False,Jonelle Allen,Two Gentlemen of Verona,Silvia,https://en.wikipedia.org/wiki/Jonelle_Allen,https://en.wikipedia.org/wiki/Two_Gentlemen_of_Verona_(musical),
1972,26th Tony Awards,/wiki/26th_Tony_Awards,False,Dorothy Collins,Follies,Sally Durant Plummer,https://en.wikipedia.org/wiki/Dorothy_Collins,,
1972,26th Tony Awards,/wiki/26th_Tony_Awards,False,Mildred Natwick,"70, Girls, 70",Ida Dodd,https://en.wikipedia.org/wiki/Mildred_Natwick,"https://en.wikipedia.org/wiki/70,_Girls,_70",
1973,27th Tony Awards,/wiki/27th_Tony_Awards,True,Glynis Johns,A Little Night Music,Desiree Armfeldt,https://en.wikipedia.org/wiki/Glynis_Johns,https://en.wikipedia.org/wiki/A_Little_Night_Music,
1973,27th Tony Awards,/wiki/27th_Tony_Awards,False,Leland Palmer,Pippin,Fastrada,https://en.wikipedia.org/wiki/Leland_Palmer_(actress),https://en.wikipedia.org/wiki/Pippin_(musical),
1973,27th Tony Awards,/wiki/27th_Tony_Awards,False,Debbie Reynolds,Irene,Irene O'Dare,https://en.wikipedia.org/wiki/Debbie_Reynolds,https://en.wikipedia.org/wiki/Irene_(musical),
1973,27th Tony Awards,/wiki/27th_Tony_Awards,False,Marcia Rodd,Shelter,Maud,https://en.wikipedia.org/wiki/Marcia_Rodd,,
1974,28th Tony Awards,/wiki/28th_Tony_Awards,False,Michele Lee,Seesaw,Gittel Mosca,https://en.wikipedia.org/wiki/Michele_Lee,https://en.wikipedia.org/wiki/Seesaw_(musical),
1974,28th Tony Awards,/wiki/28th_Tony_Awards,True,Virginia Capers,Raisin,Lena Younger,https://en.wikipedia.org/wiki/Virginia_Capers,https://en.wikipedia.org/wiki/Raisin_(musical),
1974,28th Tony Awards,/wiki/28th_Tony_Awards,False,Carol Channing,Lorelei,Lorelei Lee,https://en.wikipedia.org/wiki/Carol_Channing,https://en.wikipedia.org/wiki/Lorelei_(musical),
1975,29th Tony Awards,/wiki/29th_Tony_Awards,True,Angela Lansbury,Gypsy,Rose,https://en.wikipedia.org/wiki/Angela_Lansbury,https://en.wikipedia.org/wiki/Gypsy_(musical),https://en.wikipedia.org/wiki/Rose_Thompson_Hovick
1975,29th Tony Awards,/wiki/29th_Tony_Awards,False,Lola Falana,Doctor Jazz,Edna Mae Sheridan,https://en.wikipedia.org/wiki/Lola_Falana,https://en.wikipedia.org/wiki/Doctor_Jazz,
1975,29th Tony Awards,/wiki/29th_Tony_Awards,False,Bernadette Peters,Mack & Mabel,Mabel Normand,https://en.wikipedia.org/wiki/Bernadette_Peters,https://en.wikipedia.org/wiki/Mack_%26_Mabel,https://en.wikipedia.org/wiki/Mabel_Normand
1975,29th Tony Awards,/wiki/29th_Tony_Awards,False,Ann Reinking,Goodtime Charley,Joan of Arc,https://en.wikipedia.org/wiki/Ann_Reinking,https://en.wikipedia.org/wiki/Goodtime_Charley,https://en.wikipedia.org/wiki/Joan_of_Arc
1976,30th Tony Awards,/wiki/30th_Tony_Awards,False,Gwen Verdon,Chicago,Roxie Hart,https://en.wikipedia.org/wiki/Gwen_Verdon,https://en.wikipedia.org/wiki/Chicago_(musical),https://en.wikipedia.org/wiki/Roxie_Hart
1976,30th Tony Awards,/wiki/30th_Tony_Awards,False,Chita Rivera,Chicago,Velma Kelly,https://en.wikipedia.org/wiki/Chita_Rivera,https://en.wikipedia.org/wiki/Chicago_(musical),https://en.wikipedia.org/wiki/Velma_Kelly
1976,30th Tony Awards,/wiki/30th_Tony_Awards,False,Vivian Reed,Bubbling Brown Sugar,Marsha / Young Irene,https://en.wikipedia.org/wiki/Vivian_Reed_(musical_theatre_actress),https://en.wikipedia.org/wiki/Bubbling_Brown_Sugar,
1976,30th Tony Awards,/wiki/30th_Tony_Awards,True,Donna McKechnie,A Chorus Line,Cassie Ferguson,https://en.wikipedia.org/wiki/Donna_McKechnie,https://en.wikipedia.org/wiki/A_Chorus_Line,
1977,31st Tony Awards,/wiki/31st_Tony_Awards,True,Dorothy Loudon,Annie,Miss Hannigan,https://en.wikipedia.org/wiki/Dorothy_Loudon,https://en.wikipedia.org/wiki/Annie_(musical),
1977,31st Tony Awards,/wiki/31st_Tony_Awards,False,Clamma Dale,Porgy and Bess,Bess,https://en.wikipedia.org/wiki/Clamma_Dale,https://en.wikipedia.org/wiki/Porgy_and_Bess,
1977,31st Tony Awards,/wiki/31st_Tony_Awards,False,Ernestine Jackson,Guys and Dolls,Sarah Brown,https://en.wikipedia.org/wiki/Ernestine_Jackson,https://en.wikipedia.org/wiki/Guys_and_Dolls,
1977,31st Tony Awards,/wiki/31st_Tony_Awards,False,Andrea McArdle,Annie,Annie,https://en.wikipedia.org/wiki/Andrea_McArdle,https://en.wikipedia.org/wiki/Annie_(musical),
1978,32nd Tony Awards,/wiki/32nd_Tony_Awards,True,Liza Minnelli,The Act,Michelle Craig,https://en.wikipedia.org/wiki/Liza_Minnelli,https://en.wikipedia.org/wiki/The_Act_(musical),
1978,32nd Tony Awards,/wiki/32nd_Tony_Awards,False,Madeline Kahn,On the Twentieth Century,Lily Garland / Mildred Plotka,https://en.wikipedia.org/wiki/Madeline_Kahn,https://en.wikipedia.org/wiki/On_the_Twentieth_Century,
1978,32nd Tony Awards,/wiki/32nd_Tony_Awards,False,Eartha Kitt,Timbuktu!,Shaleem La Lume,https://en.wikipedia.org/wiki/Eartha_Kitt,https://en.wikipedia.org/wiki/Timbuktu!,
1978,32nd Tony Awards,/wiki/32nd_Tony_Awards,False,Frances Sternhagen,Angel,Eliza Gant,https://en.wikipedia.org/wiki/Frances_Sternhagen,https://en.wikipedia.org/wiki/Angel_(musical),
1979,33rd Tony Awards,/wiki/33rd_Tony_Awards,True,Angela Lansbury,Sweeney Todd: The Demon Barber of Fleet Street,Mrs. Lovett,https://en.wikipedia.org/wiki/Angela_Lansbury,https://en.wikipedia.org/wiki/Sweeney_Todd:_The_Demon_Barber_of_Fleet_Street,https://en.wikipedia.org/wiki/Mrs._Lovett
1979,33rd Tony Awards,/wiki/33rd_Tony_Awards,False,Tovah Feldshuh,Sarava,Flor,https://en.wikipedia.org/wiki/Tovah_Feldshuh,,
1979,33rd Tony Awards,/wiki/33rd_Tony_Awards,False,Dorothy Loudon,Ballroom,Bea Asher,https://en.wikipedia.org/wiki/Dorothy_Loudon,https://en.wikipedia.org/wiki/Ballroom_(musical),
1979,33rd Tony Awards,/wiki/33rd_Tony_Awards,False,Alexis Smith,Platinum,Lila Halliday,https://en.wikipedia.org/wiki/Alexis_Smith,https://en.wikipedia.org/wiki/Platinum_(musical),
1980,34th Tony Awards,/wiki/34th_Tony_Awards,False,Sandy Duncan,Peter Pan,Peter Pan,https://en.wikipedia.org/wiki/Sandy_Duncan,https://en.wikipedia.org/wiki/Peter_Pan_(1954_musical),https://en.wikipedia.org/wiki/Peter_Pan
1980,34th Tony Awards,/wiki/34th_Tony_Awards,False,Ann Miller,Sugar Babies,Ann,https://en.wikipedia.org/wiki/Ann_Miller,https://en.wikipedia.org/wiki/Sugar_Babies_(musical),
1980,34th Tony Awards,/wiki/34th_Tony_Awards,False,Christine Andreas,Oklahoma!,Laurey Williams,https://en.wikipedia.org/wiki/Christine_Andreas,https://en.wikipedia.org/wiki/Oklahoma!,
1980,34th Tony Awards,/wiki/34th_Tony_Awards,True,Patti LuPone,Evita,Eva Perón,https://en.wikipedia.org/wiki/Patti_LuPone,https://en.wikipedia.org/wiki/Evita_(musical),https://en.wikipedia.org/wiki/Eva_Per%C3%B3n
1981,35th Tony Awards,/wiki/35th_Tony_Awards,True,Lauren Bacall,Woman of the Year,Tess Harding,https://en.wikipedia.org/wiki/Lauren_Bacall,https://en.wikipedia.org/wiki/Woman_of_the_Year_(musical),
1981,35th Tony Awards,/wiki/35th_Tony_Awards,False,Meg Bussert,Brigadoon,Fiona MacLaren,https://en.wikipedia.org/wiki/Meg_Bussert,https://en.wikipedia.org/wiki/Brigadoon,
1981,35th Tony Awards,/wiki/35th_Tony_Awards,False,Chita Rivera,Bring Back Birdie,Rosie Alvarez,https://en.wikipedia.org/wiki/Chita_Rivera,https://en.wikipedia.org/wiki/Bring_Back_Birdie,
1981,35th Tony Awards,/wiki/35th_Tony_Awards,False,Linda Ronstadt,The Pirates of Penzance,Mabel,https://en.wikipedia.org/wiki/Linda_Ronstadt,https://en.wikipedia.org/wiki/The_Pirates_of_Penzance,
1982,36th Tony Awards,/wiki/36th_Tony_Awards,True,Jennifer Holliday,Dreamgirls,Effie White,https://en.wikipedia.org/wiki/Jennifer_Holliday,https://en.wikipedia.org/wiki/Dreamgirls,
1982,36th Tony Awards,/wiki/36th_Tony_Awards,False,Lisa Mordente,Marlowe,Emelia Bossano,https://en.wikipedia.org/wiki/Lisa_Mordente,https://en.wikipedia.org/wiki/Marlowe_(musical),https://en.wikipedia.org/wiki/Emilia_Lanier
1982,36th Tony Awards,/wiki/36th_Tony_Awards,False,Mary Gordon Murray,Little Me,Belle Poitrine,,https://en.wikipedia.org/wiki/Little_Me_(musical),
1982,36th Tony Awards,/wiki/36th_Tony_Awards,False,Sheryl Lee Ralph,Dreamgirls,Deena Jones,https://en.wikipedia.org/wiki/Sheryl_Lee_Ralph,,
1983,37th Tony Awards,/wiki/37th_Tony_Awards,True,Natalia Makarova,On Your Toes,Vera Barnova,https://en.wikipedia.org/wiki/Natalia_Makarova,https://en.wikipedia.org/wiki/On_Your_Toes,https://en.wikipedia.org/wiki/Vera_Zorina
1983,37th Tony Awards,/wiki/37th_Tony_Awards,False,Lonette McKee,Show Boat,Julie LaVerne,https://en.wikipedia.org/wiki/Lonette_McKee,https://en.wikipedia.org/wiki/Show_Boat,https://en.wikipedia.org/wiki/Julie_Dozier
1983,37th Tony Awards,/wiki/37th_Tony_Awards,False,Chita Rivera,Merlin,The Queen,https://en.wikipedia.org/wiki/Chita_Rivera,https://en.wikipedia.org/wiki/Merlin_(musical),
1983,37th Tony Awards,/wiki/37th_Tony_Awards,False,Twiggy,My One and Only,Edith Herbert,https://en.wikipedia.org/wiki/Twiggy,https://en.wikipedia.org/wiki/My_One_and_Only_(musical),
1984,38th Tony Awards,/wiki/38th_Tony_Awards,False,Bernadette Peters,Sunday in the Park with George,Dot / Marie,https://en.wikipedia.org/wiki/Bernadette_Peters,https://en.wikipedia.org/wiki/Sunday_in_the_Park_with_George,
1984,38th Tony Awards,/wiki/38th_Tony_Awards,False,Liza Minnelli,The Rink,Angel,https://en.wikipedia.org/wiki/Liza_Minnelli,,
1984,38th Tony Awards,/wiki/38th_Tony_Awards,False,Rhetta Hughes,Amen Corner,Sister Margaret Alexander,https://en.wikipedia.org/wiki/Rhetta_Hughes,https://en.wikipedia.org/wiki/Amen_Corner_(musical),
1984,38th Tony Awards,/wiki/38th_Tony_Awards,True,Chita Rivera,The Rink,Anna,https://en.wikipedia.org/wiki/Chita_Rivera,https://en.wikipedia.org/wiki/The_Rink_(musical),
1986,40th Tony Awards,/wiki/40th_Tony_Awards,True,Bernadette Peters,Song and Dance,Emma,https://en.wikipedia.org/wiki/Bernadette_Peters,https://en.wikipedia.org/wiki/Song_and_Dance,
1986,40th Tony Awards,/wiki/40th_Tony_Awards,False,Debbie Allen,Sweet Charity,Charity Hope Valentine,https://en.wikipedia.org/wiki/Debbie_Allen,https://en.wikipedia.org/wiki/Sweet_Charity,
1986,40th Tony Awards,/wiki/40th_Tony_Awards,False,Cleo Laine,The Mystery of Edwin Drood,Angela Prysock / The Princess Puffer,https://en.wikipedia.org/wiki/Cleo_Laine,https://en.wikipedia.org/wiki/Drood,
1986,40th Tony Awards,/wiki/40th_Tony_Awards,False,Chita Rivera,Jerry's Girls,Various Characters,https://en.wikipedia.org/wiki/Chita_Rivera,https://en.wikipedia.org/wiki/Jerry%27s_Girls,
1987,41st Tony Awards,/wiki/41st_Tony_Awards,True,Maryann Plunkett,Me and My Girl,Sally Smith,https://en.wikipedia.org/wiki/Maryann_Plunkett,https://en.wikipedia.org/wiki/Me_and_My_Girl,
1987,41st Tony Awards,/wiki/41st_Tony_Awards,False,Catherine Cox,"Oh, Coward!",Various Characters,https://en.wikipedia.org/wiki/Catherine_Cox_(actress),"https://en.wikipedia.org/wiki/Oh,_Coward!",
1987,41st Tony Awards,/wiki/41st_Tony_Awards,False,Teresa Stratas,Rags,Rebecca Hershkowitz,https://en.wikipedia.org/wiki/Teresa_Stratas,https://en.wikipedia.org/wiki/Rags_(musical),
1988,42nd Tony Awards,/wiki/42nd_Tony_Awards,True,Joanna Gleason,Into the Woods,The Baker's Wife,https://en.wikipedia.org/wiki/Joanna_Gleason,https://en.wikipedia.org/wiki/Into_the_Woods,
1988,42nd Tony Awards,/wiki/42nd_Tony_Awards,False,Alison Fraser,Romance/Romance,Josefine Weninger / Monica,https://en.wikipedia.org/wiki/Alison_Fraser,https://en.wikipedia.org/wiki/Romance/Romance,
1988,42nd Tony Awards,/wiki/42nd_Tony_Awards,False,Judy Kuhn,Chess,Florence Vassy,https://en.wikipedia.org/wiki/Judy_Kuhn,https://en.wikipedia.org/wiki/Chess_(musical),
1988,42nd Tony Awards,/wiki/42nd_Tony_Awards,False,Patti LuPone,Anything Goes,Reno Sweeney,https://en.wikipedia.org/wiki/Patti_LuPone,https://en.wikipedia.org/wiki/Anything_Goes,
1989,43rd Tony Awards,/wiki/43rd_Tony_Awards,False,Linda Hopkins,Black and Blue,Various Characters,https://en.wikipedia.org/wiki/Linda_Hopkins,,
1989,43rd Tony Awards,/wiki/43rd_Tony_Awards,False,Sharon McNight,Starmites,Diva / Mother,,https://en.wikipedia.org/wiki/Starmites,
1989,43rd Tony Awards,/wiki/43rd_Tony_Awards,True,Ruth Brown,Black and Blue,Various Characters,https://en.wikipedia.org/wiki/Ruth_Brown,https://en.wikipedia.org/wiki/Black_and_Blue_(musical),
1989,43rd Tony Awards,/wiki/43rd_Tony_Awards,False,Charlotte d'Amboise,Jerome Robbins' Broadway,Anita /Peter Pan/ Company,https://en.wikipedia.org/wiki/Charlotte_d%27Amboise,https://en.wikipedia.org/wiki/Jerome_Robbins%27_Broadway,https://en.wikipedia.org/wiki/Peter_Pan
1990,44th Tony Awards,/wiki/44th_Tony_Awards,False,Beth Fowler,Sweeney Todd: The Demon Barber of Fleet Street,Mrs. Lovett,https://en.wikipedia.org/wiki/Beth_Fowler,https://en.wikipedia.org/wiki/Sweeney_Todd:_The_Demon_Barber_of_Fleet_Street,https://en.wikipedia.org/wiki/Mrs._Lovett
1990,44th Tony Awards,/wiki/44th_Tony_Awards,False,Liliane Montevecchi,Grand Hotel,Elizaveta Grushinskaya,https://en.wikipedia.org/wiki/Liliane_Montevecchi,https://en.wikipedia.org/wiki/Grand_Hotel_(musical),
1990,44th Tony Awards,/wiki/44th_Tony_Awards,True,Tyne Daly,Gypsy,Rose,https://en.wikipedia.org/wiki/Tyne_Daly,https://en.wikipedia.org/wiki/Gypsy_(musical),https://en.wikipedia.org/wiki/Rose_Thompson_Hovick
1990,44th Tony Awards,/wiki/44th_Tony_Awards,False,Georgia Brown,The Threepenny Opera,Celia Peachum,https://en.wikipedia.org/wiki/Georgia_Brown_(English_singer),https://en.wikipedia.org/wiki/The_Threepenny_Opera,
1991,45th Tony Awards,/wiki/45th_Tony_Awards,True,Lea Salonga,Miss Saigon,Kim,https://en.wikipedia.org/wiki/Lea_Salonga,https://en.wikipedia.org/wiki/Miss_Saigon,
1991,45th Tony Awards,/wiki/45th_Tony_Awards,False,June Angela,Shōgun: The Musical,Lady Mariko,https://en.wikipedia.org/wiki/June_Angela,https://en.wikipedia.org/wiki/Sh%C5%8Dgun:_The_Musical,
1991,45th Tony Awards,/wiki/45th_Tony_Awards,False,Dee Hoty,The Will Rogers Follies,Betty Blake,https://en.wikipedia.org/wiki/Dee_Hoty,https://en.wikipedia.org/wiki/The_Will_Rogers_Follies,
1991,45th Tony Awards,/wiki/45th_Tony_Awards,False,Cathy Rigby,Peter Pan,Peter Pan,https://en.wikipedia.org/wiki/Cathy_Rigby,https://en.wikipedia.org/wiki/Peter_Pan_(1954_musical),https://en.wikipedia.org/wiki/Peter_Pan
1992,46th Tony Awards,/wiki/46th_Tony_Awards,True,Faith Prince,Guys and Dolls,Miss Adelaide,https://en.wikipedia.org/wiki/Faith_Prince,https://en.wikipedia.org/wiki/Guys_and_Dolls,
1992,46th Tony Awards,/wiki/46th_Tony_Awards,False,Jodi Benson,Crazy for You,Polly Baker,https://en.wikipedia.org/wiki/Jodi_Benson,https://en.wikipedia.org/wiki/Crazy_for_You_(musical),
1992,46th Tony Awards,/wiki/46th_Tony_Awards,False,Josie de Guzman,Guys and Dolls,Sarah Brown,https://en.wikipedia.org/wiki/Josie_de_Guzman,,
1992,46th Tony Awards,/wiki/46th_Tony_Awards,False,Sophie Hayden,The Most Happy Fella,Rosabella,,https://en.wikipedia.org/wiki/The_Most_Happy_Fella,
1993,47th Tony Awards,/wiki/47th_Tony_Awards,True,Chita Rivera,Kiss of the Spider Woman,Aurora / Spider Woman,https://en.wikipedia.org/wiki/Chita_Rivera,https://en.wikipedia.org/wiki/Kiss_of_the_Spider_Woman_(musical),
1993,47th Tony Awards,/wiki/47th_Tony_Awards,False,Ann Crumb,Anna Karenina,Anna Karenina,https://en.wikipedia.org/wiki/Ann_Crumb,https://en.wikipedia.org/wiki/Anna_Karenina_(musical),
1993,47th Tony Awards,/wiki/47th_Tony_Awards,False,Stephanie Lawrence,Blood Brothers,Mrs. Johnstone,https://en.wikipedia.org/wiki/Stephanie_Lawrence,https://en.wikipedia.org/wiki/Blood_Brothers_(musical),
1993,47th Tony Awards,/wiki/47th_Tony_Awards,False,Bernadette Peters,The Goodbye Girl,Paula McFadden,https://en.wikipedia.org/wiki/Bernadette_Peters,https://en.wikipedia.org/wiki/The_Goodbye_Girl_(musical),
1994,48th Tony Awards,/wiki/48th_Tony_Awards,False,Susan Egan,Beauty and the Beast,Belle,https://en.wikipedia.org/wiki/Susan_Egan,https://en.wikipedia.org/wiki/Beauty_and_the_Beast_(musical),https://en.wikipedia.org/wiki/Belle_(Disney_character)
1994,48th Tony Awards,/wiki/48th_Tony_Awards,False,Judy Kuhn,She Loves Me,Amalia Balash,https://en.wikipedia.org/wiki/Judy_Kuhn,https://en.wikipedia.org/wiki/She_Loves_Me,
1994,48th Tony Awards,/wiki/48th_Tony_Awards,False,Dee Hoty,The Best Little Whorehouse Goes Public,Mona Stangley,https://en.wikipedia.org/wiki/Dee_Hoty,https://en.wikipedia.org/wiki/The_Best_Little_Whorehouse_Goes_Public,
1994,48th Tony Awards,/wiki/48th_Tony_Awards,True,Donna Murphy,Passion,Fosca,https://en.wikipedia.org/wiki/Donna_Murphy,https://en.wikipedia.org/wiki/Passion_(musical),
1995,49th Tony Awards,/wiki/49th_Tony_Awards,True,Glenn Close,Sunset Boulevard,Norma Desmond,https://en.wikipedia.org/wiki/Glenn_Close,https://en.wikipedia.org/wiki/Sunset_Boulevard_(musical),
1995,49th Tony Awards,/wiki/49th_Tony_Awards,False,Rebecca Luker,Show Boat,Magnolia Hawks,https://en.wikipedia.org/wiki/Rebecca_Luker,https://en.wikipedia.org/wiki/Show_Boat,
1996,50th Tony Awards,/wiki/50th_Tony_Awards,True,Donna Murphy,The King and I,Anna Leonowens,https://en.wikipedia.org/wiki/Donna_Murphy,https://en.wikipedia.org/wiki/The_King_and_I,https://en.wikipedia.org/wiki/Anna_Leonowens
1996,50th Tony Awards,/wiki/50th_Tony_Awards,False,Julie Andrews[5],Victor/Victoria,Victoria Grant,https://en.wikipedia.org/wiki/Julie_Andrews,https://en.wikipedia.org/wiki/Victor/Victoria_(musical),
1996,50th Tony Awards,/wiki/50th_Tony_Awards,False,Crista Moore,Big: the musical,Susan Lawrence,https://en.wikipedia.org/wiki/Crista_Moore,https://en.wikipedia.org/wiki/Big:_the_musical,
1996,50th Tony Awards,/wiki/50th_Tony_Awards,False,Daphne Rubin-Vega,Rent,Mimi Marquez,https://en.wikipedia.org/wiki/Daphne_Rubin-Vega,https://en.wikipedia.org/wiki/Rent_(musical),
1997,51st Tony Awards,/wiki/51st_Tony_Awards,False,Karen Ziemba,Steel Pier,Rita Racine,https://en.wikipedia.org/wiki/Karen_Ziemba,https://en.wikipedia.org/wiki/Steel_Pier_(musical),
1997,51st Tony Awards,/wiki/51st_Tony_Awards,False,Tonya Pinkins,Play On,Lady Liv,https://en.wikipedia.org/wiki/Tonya_Pinkins,,
1997,51st Tony Awards,/wiki/51st_Tony_Awards,True,Bebe Neuwirth,Chicago,Velma Kelly,https://en.wikipedia.org/wiki/Bebe_Neuwirth,https://en.wikipedia.org/wiki/Chicago_(musical),https://en.wikipedia.org/wiki/Velma_Kelly
1997,51st Tony Awards,/wiki/51st_Tony_Awards,False,Pamela Isaacs,The Life,Queen,https://en.wikipedia.org/wiki/Pamela_Isaacs,https://en.wikipedia.org/wiki/The_Life_(musical),
1998,52nd Tony Awards,/wiki/52nd_Tony_Awards,True,Natasha Richardson,Cabaret,Sally Bowles,https://en.wikipedia.org/wiki/Natasha_Richardson,https://en.wikipedia.org/wiki/Cabaret_(musical),https://en.wikipedia.org/wiki/Sally_Bowles
1998,52nd Tony Awards,/wiki/52nd_Tony_Awards,False,Betty Buckley,Triumph of Love,Hesione,https://en.wikipedia.org/wiki/Betty_Buckley,https://en.wikipedia.org/wiki/Triumph_of_Love_(musical),
1998,52nd Tony Awards,/wiki/52nd_Tony_Awards,False,Marin Mazzie,Ragtime,Mother,https://en.wikipedia.org/wiki/Marin_Mazzie,https://en.wikipedia.org/wiki/Ragtime_(musical),
1998,52nd Tony Awards,/wiki/52nd_Tony_Awards,False,Alice Ripley&Emily Skinner,Side Show,Violet and Daisy Hilton,https://en.wikipedia.org/wiki/Alice_Ripley,https://en.wikipedia.org/wiki/Side_Show_(musical),https://en.wikipedia.org/wiki/Daisy_and_Violet_Hilton
1999,53rd Tony Awards,/wiki/53rd_Tony_Awards,False,Siân Phillips,Marlene,Marlene Dietrich,https://en.wikipedia.org/wiki/Si%C3%A2n_Phillips,,https://en.wikipedia.org/wiki/Marlene_Dietrich
1999,53rd Tony Awards,/wiki/53rd_Tony_Awards,False,Dee Hoty,Footloose,Vi Moore,https://en.wikipedia.org/wiki/Dee_Hoty,https://en.wikipedia.org/wiki/Footloose_(musical),
1999,53rd Tony Awards,/wiki/53rd_Tony_Awards,False,Carolee Carmello,Parade,Lucille Frank,https://en.wikipedia.org/wiki/Carolee_Carmello,https://en.wikipedia.org/wiki/Parade_(musical),
1999,53rd Tony Awards,/wiki/53rd_Tony_Awards,True,Bernadette Peters,Annie Get Your Gun,Annie Oakley,https://en.wikipedia.org/wiki/Bernadette_Peters,https://en.wikipedia.org/wiki/Annie_Get_Your_Gun_(musical),https://en.wikipedia.org/wiki/Annie_Oakley
2000,54th Tony Awards,/wiki/54th_Tony_Awards,True,Heather Headley,Aida,Aida,https://en.wikipedia.org/wiki/Heather_Headley,https://en.wikipedia.org/wiki/Aida_(musical),
2000,54th Tony Awards,/wiki/54th_Tony_Awards,False,Toni Collette,The Wild Party,Queenie,https://en.wikipedia.org/wiki/Toni_Collette,https://en.wikipedia.org/wiki/The_Wild_Party_(LaChiusa_musical),
2000,54th Tony Awards,/wiki/54th_Tony_Awards,False,Rebecca Luker,The Music Man,Marian Paroo,https://en.wikipedia.org/wiki/Rebecca_Luker,https://en.wikipedia.org/wiki/The_Music_Man,
2000,54th Tony Awards,/wiki/54th_Tony_Awards,False,Marin Mazzie,"Kiss Me, Kate",Lilli Vanessi / Katherine,https://en.wikipedia.org/wiki/Marin_Mazzie,"https://en.wikipedia.org/wiki/Kiss_Me,_Kate",
2000,54th Tony Awards,/wiki/54th_Tony_Awards,False,Audra McDonald,Marie Christine,Marie Christine L'Adrese,https://en.wikipedia.org/wiki/Audra_McDonald,https://en.wikipedia.org/wiki/Marie_Christine,https://en.wikipedia.org/wiki/Marie_Laveau
2001,55th Tony Awards,/wiki/55th_Tony_Awards,False,Randy Graff,A Class Act,Sophie,https://en.wikipedia.org/wiki/Randy_Graff,https://en.wikipedia.org/wiki/A_Class_Act,
2001,55th Tony Awards,/wiki/55th_Tony_Awards,True,Christine Ebersole,42nd Street,Dorothy Brock,https://en.wikipedia.org/wiki/Christine_Ebersole,https://en.wikipedia.org/wiki/42nd_Street_(musical),
2001,55th Tony Awards,/wiki/55th_Tony_Awards,False,Blythe Danner,Follies,Phyllis Rogers Stone,https://en.wikipedia.org/wiki/Blythe_Danner,https://en.wikipedia.org/wiki/Follies,
2001,55th Tony Awards,/wiki/55th_Tony_Awards,False,Faith Prince,Bells Are Ringing,Ella Peterson,https://en.wikipedia.org/wiki/Faith_Prince,https://en.wikipedia.org/wiki/Bells_Are_Ringing_(musical),
2001,55th Tony Awards,/wiki/55th_Tony_Awards,False,Marla Schaffel,Jane Eyre,Jane Eyre,https://en.wikipedia.org/wiki/Marla_Schaffel,https://en.wikipedia.org/wiki/Jane_Eyre_(musical),
2002,56th Tony Awards,/wiki/56th_Tony_Awards,False,Jennifer Laura Thompson,Urinetown,Hope Cladwell,https://en.wikipedia.org/wiki/Jennifer_Laura_Thompson,https://en.wikipedia.org/wiki/Urinetown,
2002,56th Tony Awards,/wiki/56th_Tony_Awards,False,Nancy Opel,Urinetown,Penelope Pennywise,https://en.wikipedia.org/wiki/Nancy_Opel,https://en.wikipedia.org/wiki/Urinetown,
2002,56th Tony Awards,/wiki/56th_Tony_Awards,False,Vanessa Williams,Into the Woods,The Witch,https://en.wikipedia.org/wiki/Vanessa_Williams,https://en.wikipedia.org/wiki/Into_the_Woods,
2002,56th Tony Awards,/wiki/56th_Tony_Awards,True,Sutton Foster,Thoroughly Modern Millie,Millie Dillmount,https://en.wikipedia.org/wiki/Sutton_Foster,https://en.wikipedia.org/wiki/Thoroughly_Modern_Millie_(musical),
2002,56th Tony Awards,/wiki/56th_Tony_Awards,False,Louise Pitre,Mamma Mia!,Donna Sheridan,https://en.wikipedia.org/wiki/Louise_Pitre,https://en.wikipedia.org/wiki/Mamma_Mia!,
2003,57th Tony Awards,/wiki/57th_Tony_Awards,False,Bernadette Peters,Gypsy,Rose,https://en.wikipedia.org/wiki/Bernadette_Peters,https://en.wikipedia.org/wiki/Gypsy_(musical),https://en.wikipedia.org/wiki/Rose_Thompson_Hovick
2003,57th Tony Awards,/wiki/57th_Tony_Awards,False,Elizabeth Parkinson,Movin' Out,Brenda,https://en.wikipedia.org/wiki/Elizabeth_Parkinson,https://en.wikipedia.org/wiki/Movin%27_Out_(musical),
2003,57th Tony Awards,/wiki/57th_Tony_Awards,True,Marissa Jaret Winokur,Hairspray,Tracy Turnblad,https://en.wikipedia.org/wiki/Marissa_Jaret_Winokur,https://en.wikipedia.org/wiki/Hairspray_(musical),
2003,57th Tony Awards,/wiki/57th_Tony_Awards,False,Melissa Errico,Amour,Isabella,https://en.wikipedia.org/wiki/Melissa_Errico,https://en.wikipedia.org/wiki/Amour_(musical),
2003,57th Tony Awards,/wiki/57th_Tony_Awards,False,Mary Elizabeth Mastrantonio,Man of La Mancha,Aldonza / Dulcinea,https://en.wikipedia.org/wiki/Mary_Elizabeth_Mastrantonio,https://en.wikipedia.org/wiki/Man_of_La_Mancha,
2004,58th Tony Awards,/wiki/58th_Tony_Awards,True,Idina Menzel,Wicked,Elphaba Thropp,https://en.wikipedia.org/wiki/Idina_Menzel,https://en.wikipedia.org/wiki/Wicked_(musical),https://en.wikipedia.org/wiki/Elphaba_Thropp
2004,58th Tony Awards,/wiki/58th_Tony_Awards,False,Kristin Chenoweth,Wicked,Glinda Upland,https://en.wikipedia.org/wiki/Kristin_Chenoweth,,https://en.wikipedia.org/wiki/Glinda_the_Good_Witch
2004,58th Tony Awards,/wiki/58th_Tony_Awards,False,Stephanie D'Abruzzo,Avenue Q,Kate Monster / Lucy the Slut / Company,https://en.wikipedia.org/wiki/Stephanie_D%27Abruzzo,https://en.wikipedia.org/wiki/Avenue_Q,
2004,58th Tony Awards,/wiki/58th_Tony_Awards,False,Donna Murphy,Wonderful Town,Ruth Sherwood,https://en.wikipedia.org/wiki/Donna_Murphy,https://en.wikipedia.org/wiki/Wonderful_Town,
2004,58th Tony Awards,/wiki/58th_Tony_Awards,False,Tonya Pinkins,"Caroline, or Change",Caroline Thibodeaux,https://en.wikipedia.org/wiki/Tonya_Pinkins,"https://en.wikipedia.org/wiki/Caroline,_or_Change",
2005,59th Tony Awards,/wiki/59th_Tony_Awards,False,Sutton Foster,Little Women,Josephine 'Jo' March,https://en.wikipedia.org/wiki/Sutton_Foster,https://en.wikipedia.org/wiki/Little_Women_(musical),
2005,59th Tony Awards,/wiki/59th_Tony_Awards,True,Victoria Clark,The Light in the Piazza,Margaret Johnson,https://en.wikipedia.org/wiki/Victoria_Clark,https://en.wikipedia.org/wiki/The_Light_in_the_Piazza_(musical),
2005,59th Tony Awards,/wiki/59th_Tony_Awards,False,Christina Applegate,Sweet Charity,Charity Hope Valentine,https://en.wikipedia.org/wiki/Christina_Applegate,https://en.wikipedia.org/wiki/Sweet_Charity,
2005,59th Tony Awards,/wiki/59th_Tony_Awards,False,Erin Dilly,Chitty Chitty Bang Bang,Truly Scrumptious,https://en.wikipedia.org/wiki/Erin_Dilly,https://en.wikipedia.org/wiki/Chitty_Chitty_Bang_Bang_(musical),https://en.wikipedia.org/wiki/Truly_Scrumptious
2005,59th Tony Awards,/wiki/59th_Tony_Awards,False,Sherie Rene Scott,Dirty Rotten Scoundrels,Christine Colgate,https://en.wikipedia.org/wiki/Sherie_Rene_Scott,https://en.wikipedia.org/wiki/Dirty_Rotten_Scoundrels_(musical),
2006,60th Tony Awards,/wiki/60th_Tony_Awards,False,Chita Rivera,Chita Rivera: The Dancer's Life,Chita Rivera,https://en.wikipedia.org/wiki/Chita_Rivera,https://en.wikipedia.org/wiki/Chita_Rivera:_The_Dancer%27s_Life,https://en.wikipedia.org/wiki/Chita_Rivera
2006,60th Tony Awards,/wiki/60th_Tony_Awards,False,Patti LuPone,Sweeney Todd: The Demon Barber of Fleet Street,Mrs. Lovett,https://en.wikipedia.org/wiki/Patti_LuPone,https://en.wikipedia.org/wiki/Sweeney_Todd:_The_Demon_Barber_of_Fleet_Street,https://en.wikipedia.org/wiki/Mrs._Lovett
2006,60th Tony Awards,/wiki/60th_Tony_Awards,False,Kelli O'Hara,The Pajama Game,Catherine 'Babe' Williams,https://en.wikipedia.org/wiki/Kelli_O%27Hara,https://en.wikipedia.org/wiki/The_Pajama_Game,
2006,60th Tony Awards,/wiki/60th_Tony_Awards,True,LaChanze,The Color Purple,Celie Harris Johnson,https://en.wikipedia.org/wiki/LaChanze,https://en.wikipedia.org/wiki/The_Color_Purple_(musical),
2006,60th Tony Awards,/wiki/60th_Tony_Awards,False,Sutton Foster,The Drowsy Chaperone,Janet Van De Graaff,https://en.wikipedia.org/wiki/Sutton_Foster,https://en.wikipedia.org/wiki/The_Drowsy_Chaperone,
2007,61st Tony Awards,/wiki/61st_Tony_Awards,True,Christine Ebersole,Grey Gardens,'Little Edie' Beale,https://en.wikipedia.org/wiki/Christine_Ebersole,https://en.wikipedia.org/wiki/Grey_Gardens_(musical),https://en.wikipedia.org/wiki/Edith_Bouvier_Beale
2007,61st Tony Awards,/wiki/61st_Tony_Awards,False,Laura Bell Bundy,Legally Blonde,Elle Woods,https://en.wikipedia.org/wiki/Laura_Bell_Bundy,https://en.wikipedia.org/wiki/Legally_Blonde_(musical),https://en.wikipedia.org/wiki/Elle_Woods
2007,61st Tony Awards,/wiki/61st_Tony_Awards,False,Audra McDonald,110 in the Shade,Lizzie Curry,https://en.wikipedia.org/wiki/Audra_McDonald,https://en.wikipedia.org/wiki/110_in_the_Shade,
2007,61st Tony Awards,/wiki/61st_Tony_Awards,False,Debra Monk,Curtains,Carmen Bernstein,https://en.wikipedia.org/wiki/Debra_Monk,https://en.wikipedia.org/wiki/Curtains_(musical),
2007,61st Tony Awards,/wiki/61st_Tony_Awards,False,Donna Murphy,LoveMusik,Lotte Lenya,https://en.wikipedia.org/wiki/Donna_Murphy,https://en.wikipedia.org/wiki/LoveMusik,https://en.wikipedia.org/wiki/Lotte_Lenya
2008,62nd Tony Awards,/wiki/62nd_Tony_Awards,True,Patti LuPone,Gypsy,Rose,https://en.wikipedia.org/wiki/Patti_LuPone,https://en.wikipedia.org/wiki/Gypsy_(musical),https://en.wikipedia.org/wiki/Rose_Thompson_Hovick
2008,62nd Tony Awards,/wiki/62nd_Tony_Awards,False,Kerry Butler,Xanadu,Kira /Clio,https://en.wikipedia.org/wiki/Kerry_Butler,https://en.wikipedia.org/wiki/Xanadu_(musical),https://en.wikipedia.org/wiki/Clio
2008,62nd Tony Awards,/wiki/62nd_Tony_Awards,False,Kelli O'Hara,South Pacific,Ensign Nellie Forbush,https://en.wikipedia.org/wiki/Kelli_O%27Hara,https://en.wikipedia.org/wiki/South_Pacific_(musical),
2008,62nd Tony Awards,/wiki/62nd_Tony_Awards,False,Faith Prince,A Catered Affair,Agnes 'Aggie' Hurley,https://en.wikipedia.org/wiki/Faith_Prince,https://en.wikipedia.org/wiki/A_Catered_Affair,
2008,62nd Tony Awards,/wiki/62nd_Tony_Awards,False,Jenna Russell,Sunday in the Park with George,Dot / Marie,https://en.wikipedia.org/wiki/Jenna_Russell,https://en.wikipedia.org/wiki/Sunday_in_the_Park_with_George,
2009,63rd Tony Awards,/wiki/63rd_Tony_Awards,False,Allison Janney,9 to 5,Violet Newstead,https://en.wikipedia.org/wiki/Allison_Janney,https://en.wikipedia.org/wiki/9_to_5_(musical),
2009,63rd Tony Awards,/wiki/63rd_Tony_Awards,False,Sutton Foster,Shrek the Musical,Princess Fiona,https://en.wikipedia.org/wiki/Sutton_Foster,https://en.wikipedia.org/wiki/Shrek_the_Musical,https://en.wikipedia.org/wiki/Princess_Fiona
2009,63rd Tony Awards,/wiki/63rd_Tony_Awards,False,Josefina Scaglione,West Side Story,Maria,https://en.wikipedia.org/wiki/Josefina_Scaglione,https://en.wikipedia.org/wiki/West_Side_Story,
2009,63rd Tony Awards,/wiki/63rd_Tony_Awards,True,Alice Ripley,Next to Normal,Diana Goodman,https://en.wikipedia.org/wiki/Alice_Ripley,https://en.wikipedia.org/wiki/Next_to_Normal,
2009,63rd Tony Awards,/wiki/63rd_Tony_Awards,False,Stockard Channing,Pal Joey,Vera Simpson,https://en.wikipedia.org/wiki/Stockard_Channing,https://en.wikipedia.org/wiki/Pal_Joey_(musical),
2010,64th Tony Awards,/wiki/64th_Tony_Awards,True,Catherine Zeta-Jones,A Little Night Music,Desiree Armfeldt,https://en.wikipedia.org/wiki/Catherine_Zeta-Jones,https://en.wikipedia.org/wiki/A_Little_Night_Music,
2010,64th Tony Awards,/wiki/64th_Tony_Awards,False,Kate Baldwin,Finian's Rainbow,Sharon McLonergan,https://en.wikipedia.org/wiki/Kate_Baldwin,https://en.wikipedia.org/wiki/Finian%27s_Rainbow,
2010,64th Tony Awards,/wiki/64th_Tony_Awards,False,Montego Glover,Memphis,Felicia Farrell,https://en.wikipedia.org/wiki/Montego_Glover,https://en.wikipedia.org/wiki/Memphis_(musical),
2010,64th Tony Awards,/wiki/64th_Tony_Awards,False,Christiane Noll,Ragtime,Mother,https://en.wikipedia.org/wiki/Christiane_Noll,https://en.wikipedia.org/wiki/Ragtime_(musical),
2010,64th Tony Awards,/wiki/64th_Tony_Awards,False,Sherie Rene Scott,Everyday Rapture,Sherie Rene Scott,https://en.wikipedia.org/wiki/Sherie_Rene_Scott,https://en.wikipedia.org/wiki/Everyday_Rapture,https://en.wikipedia.org/wiki/Sherie_Rene_Scott
2011,65th Tony Awards,/wiki/65th_Tony_Awards,False,Donna Murphy,The People in the Picture,Bubbie / Raisel,https://en.wikipedia.org/wiki/Donna_Murphy,https://en.wikipedia.org/wiki/The_People_in_the_Picture,
2011,65th Tony Awards,/wiki/65th_Tony_Awards,False,Patina Miller,Sister Act,Deloris Van Cartier,https://en.wikipedia.org/wiki/Patina_Miller,https://en.wikipedia.org/wiki/Sister_Act_(musical),
2011,65th Tony Awards,/wiki/65th_Tony_Awards,False,Beth Leavel,Baby It's You!,Florence Greenberg,https://en.wikipedia.org/wiki/Beth_Leavel,https://en.wikipedia.org/wiki/Baby_It%27s_You!,https://en.wikipedia.org/wiki/Florence_Greenberg
2011,65th Tony Awards,/wiki/65th_Tony_Awards,True,Sutton Foster,Anything Goes,Reno Sweeney,https://en.wikipedia.org/wiki/Sutton_Foster,https://en.wikipedia.org/wiki/Anything_Goes,
2012,66th Tony Awards,/wiki/66th_Tony_Awards,True,Audra McDonald,Porgy and Bess,Bess,https://en.wikipedia.org/wiki/Audra_McDonald,https://en.wikipedia.org/wiki/Porgy_and_Bess,
2012,66th Tony Awards,/wiki/66th_Tony_Awards,False,Jan Maxwell,Follies,Phyllis Rogers Stone,https://en.wikipedia.org/wiki/Jan_Maxwell,https://en.wikipedia.org/wiki/Follies,
2012,66th Tony Awards,/wiki/66th_Tony_Awards,False,Cristin Milioti,Once,Girl,https://en.wikipedia.org/wiki/Cristin_Milioti,https://en.wikipedia.org/wiki/Once_(musical),
2012,66th Tony Awards,/wiki/66th_Tony_Awards,False,Kelli O'Hara,Nice Work If You Can Get It,Billie Bendix,https://en.wikipedia.org/wiki/Kelli_O%27Hara,https://en.wikipedia.org/wiki/Nice_Work_If_You_Can_Get_It_(musical),
2012,66th Tony Awards,/wiki/66th_Tony_Awards,False,Laura Osnes,Bonnie and Clyde,Bonnie Parker,https://en.wikipedia.org/wiki/Laura_Osnes,https://en.wikipedia.org/wiki/Bonnie_%26_Clyde_(musical),https://en.wikipedia.org/wiki/Bonnie_and_Clyde
2013,67th Tony Awards,/wiki/67th_Tony_Awards,False,Laura Osnes,Rodgers and Hammerstein's Cinderella,Ella,https://en.wikipedia.org/wiki/Laura_Osnes,https://en.wikipedia.org/wiki/Cinderella_(2013_Broadway_production),
2013,67th Tony Awards,/wiki/67th_Tony_Awards,False,Carolee Carmello,Scandalous,Aimee Semple McPherson,https://en.wikipedia.org/wiki/Carolee_Carmello,https://en.wikipedia.org/wiki/Scandalous:_The_Life_and_Trials_of_Aimee_Semple_McPherson,https://en.wikipedia.org/wiki/Aimee_Semple_McPherson
2013,67th Tony Awards,/wiki/67th_Tony_Awards,False,Valisia LeKae,Motown: The Musical,Diana Ross,https://en.wikipedia.org/wiki/Valisia_LeKae,https://en.wikipedia.org/wiki/Motown:_The_Musical,https://en.wikipedia.org/wiki/Diana_Ross
2013,67th Tony Awards,/wiki/67th_Tony_Awards,True,Patina Miller,Pippin,The Leading Player,https://en.wikipedia.org/wiki/Patina_Miller,https://en.wikipedia.org/wiki/Pippin_(musical),
2013,67th Tony Awards,/wiki/67th_Tony_Awards,False,Stephanie J. Block,The Mystery of Edwin Drood,Edwin Drood / Miss Alice Nutting,https://en.wikipedia.org/wiki/Stephanie_J._Block,https://en.wikipedia.org/wiki/Drood,
2014,68th Tony Awards,/wiki/68th_Tony_Awards,True,Jessie Mueller,Beautiful: The Carole King Musical,Carole King,https://en.wikipedia.org/wiki/Jessie_Mueller,https://en.wikipedia.org/wiki/Beautiful:_The_Carole_King_Musical,https://en.wikipedia.org/wiki/Carole_King
2014,68th Tony Awards,/wiki/68th_Tony_Awards,False,Mary Bridget Davies,A Night with Janis Joplin,Janis Joplin,https://en.wikipedia.org/wiki/Mary_Bridget_Davies,https://en.wikipedia.org/wiki/A_Night_with_Janis_Joplin,https://en.wikipedia.org/wiki/Janis_Joplin
2014,68th Tony Awards,/wiki/68th_Tony_Awards,False,Sutton Foster,Violet,Violet Karl,https://en.wikipedia.org/wiki/Sutton_Foster,https://en.wikipedia.org/wiki/Violet_(musical),
2014,68th Tony Awards,/wiki/68th_Tony_Awards,False,Idina Menzel,If/Then,Elizabeth Vaughan,https://en.wikipedia.org/wiki/Idina_Menzel,https://en.wikipedia.org/wiki/If/Then,
2014,68th Tony Awards,/wiki/68th_Tony_Awards,False,Kelli O'Hara,The Bridges of Madison County,Francesca Johnson,https://en.wikipedia.org/wiki/Kelli_O%27Hara,https://en.wikipedia.org/wiki/The_Bridges_of_Madison_County_(musical),
2015,69th Tony Awards,/wiki/69th_Tony_Awards,False,Chita Rivera,The Visit,Claire Zachanassian,https://en.wikipedia.org/wiki/Chita_Rivera,https://en.wikipedia.org/wiki/The_Visit_(musical),
2015,69th Tony Awards,/wiki/69th_Tony_Awards,False,Beth Malone,Fun Home,Alison Bechdel,https://en.wikipedia.org/wiki/Beth_Malone,https://en.wikipedia.org/wiki/Fun_Home_(musical),https://en.wikipedia.org/wiki/Alison_Bechdel
2015,69th Tony Awards,/wiki/69th_Tony_Awards,False,Leanne Cope,An American in Paris,Lise Dassin,https://en.wikipedia.org/wiki/Leanne_Cope,https://en.wikipedia.org/wiki/An_American_in_Paris_(musical),
2015,69th Tony Awards,/wiki/69th_Tony_Awards,True,Kelli O'Hara,The King and I,Anna Leonowens,https://en.wikipedia.org/wiki/Kelli_O%27Hara,https://en.wikipedia.org/wiki/The_King_and_I,https://en.wikipedia.org/wiki/Anna_Leonowens
2015,69th Tony Awards,/wiki/69th_Tony_Awards,False,Kristin Chenoweth,On the Twentieth Century,Lily Garland / Mildred Plotka,https://en.wikipedia.org/wiki/Kristin_Chenoweth,https://en.wikipedia.org/wiki/On_the_Twentieth_Century,
2016,70th Tony Awards,/wiki/70th_Tony_Awards,True,Cynthia Erivo,The Color Purple,Celie Harris Johnson,https://en.wikipedia.org/wiki/Cynthia_Erivo,https://en.wikipedia.org/wiki/The_Color_Purple_(musical),
2016,70th Tony Awards,/wiki/70th_Tony_Awards,False,Laura Benanti,She Loves Me,Amalia Balash,https://en.wikipedia.org/wiki/Laura_Benanti,https://en.wikipedia.org/wiki/She_Loves_Me,
2016,70th Tony Awards,/wiki/70th_Tony_Awards,False,Carmen Cusack,Bright Star,Alice Murphy,https://en.wikipedia.org/wiki/Carmen_Cusack,https://en.wikipedia.org/wiki/Bright_Star_(musical),
2016,70th Tony Awards,/wiki/70th_Tony_Awards,False,Jessie Mueller,Waitress,Jenna Hunterson,https://en.wikipedia.org/wiki/Jessie_Mueller,https://en.wikipedia.org/wiki/Waitress_(musical),
2016,70th Tony Awards,/wiki/70th_Tony_Awards,False,Phillipa Soo,Hamilton,Eliza Hamilton,https://en.wikipedia.org/wiki/Phillipa_Soo,https://en.wikipedia.org/wiki/Hamilton_(musical),https://en.wikipedia.org/wiki/Elizabeth_Schuyler_Hamilton
2017,71st Tony Awards,/wiki/71st_Tony_Awards,False,Eva Noblezada,Miss Saigon,Kim,https://en.wikipedia.org/wiki/Eva_Noblezada,https://en.wikipedia.org/wiki/Miss_Saigon,
2017,71st Tony Awards,/wiki/71st_Tony_Awards,False,Patti LuPone,War Paint,Helena Rubinstein,https://en.wikipedia.org/wiki/Patti_LuPone,https://en.wikipedia.org/wiki/War_Paint_(musical),https://en.wikipedia.org/wiki/Helena_Rubinstein
2017,71st Tony Awards,/wiki/71st_Tony_Awards,True,Bette Midler,"Hello, Dolly!",Dolly Gallagher Levi,https://en.wikipedia.org/wiki/Bette_Midler,"https://en.wikipedia.org/wiki/Hello,_Dolly!_(musical)",
2017,71st Tony Awards,/wiki/71st_Tony_Awards,False,Denée Benton,"Natasha, Pierre & The Great Comet of 1812",Natasha Rostova,https://en.wikipedia.org/wiki/Den%C3%A9e_Benton,"https://en.wikipedia.org/wiki/Natasha,_Pierre_%26_The_Great_Comet_of_1812",https://en.wikipedia.org/wiki/Natasha_Rostova
2017,71st Tony Awards,/wiki/71st_Tony_Awards,False,Christine Ebersole,War Paint,Elizabeth Arden,https://en.wikipedia.org/wiki/Christine_Ebersole,https://en.wikipedia.org/wiki/War_Paint_(musical),https://en.wikipedia.org/wiki/Elizabeth_Arden
2018,72nd Tony Awards,/wiki/72nd_Tony_Awards,True,Katrina Lenk,The Band's Visit,Dina,https://en.wikipedia.org/wiki/Katrina_Lenk,https://en.wikipedia.org/wiki/The_Band%27s_Visit_(musical),
2018,72nd Tony Awards,/wiki/72nd_Tony_Awards,False,Lauren Ambrose,My Fair Lady,Eliza Doolittle,https://en.wikipedia.org/wiki/Lauren_Ambrose,https://en.wikipedia.org/wiki/My_Fair_Lady,https://en.wikipedia.org/wiki/Eliza_Doolittle
2018,72nd Tony Awards,/wiki/72nd_Tony_Awards,False,Hailey Kilgore,Once on This Island,Ti Moune,https://en.wikipedia.org/wiki/Hailey_Kilgore,https://en.wikipedia.org/wiki/Once_on_This_Island,
2018,72nd Tony Awards,/wiki/72nd_Tony_Awards,False,LaChanze,Summer: The Donna Summer Musical,Diva Donna/ Mary Gaines,https://en.wikipedia.org/wiki/LaChanze,https://en.wikipedia.org/wiki/Summer:_The_Donna_Summer_Musical,https://en.wikipedia.org/wiki/Donna_Summer
2018,72nd Tony Awards,/wiki/72nd_Tony_Awards,False,Taylor Louderman,Mean Girls,Regina George,https://en.wikipedia.org/wiki/Taylor_Louderman,https://en.wikipedia.org/wiki/Mean_Girls_(musical),https://en.wikipedia.org/wiki/Regina_George_(Mean_Girls)
2018,72nd Tony Awards,/wiki/72nd_Tony_Awards,False,Jessie Mueller,Carousel,Julie Jordan,https://en.wikipedia.org/wiki/Jessie_Mueller,https://en.wikipedia.org/wiki/Carousel_(musical),
2019,73rd Tony Awards,/wiki/73rd_Tony_Awards,True,Stephanie J. Block,The Cher Show,Star,https://en.wikipedia.org/wiki/Stephanie_J._Block,https://en.wikipedia.org/wiki/The_Cher_Show_(musical),https://en.wikipedia.org/wiki/Cher
2019,73rd Tony Awards,/wiki/73rd_Tony_Awards,False,Caitlin Kinnunen,The Prom,Emma Nolan,https://en.wikipedia.org/wiki/Caitlin_Kinnunen,https://en.wikipedia.org/wiki/The_Prom_(musical),
2019,73rd Tony Awards,/wiki/73rd_Tony_Awards,False,Beth Leavel,The Prom,Dee Dee Allen,https://en.wikipedia.org/wiki/Beth_Leavel,https://en.wikipedia.org/wiki/The_Prom_(musical),
2019,73rd Tony Awards,/wiki/73rd_Tony_Awards,False,Eva Noblezada,Hadestown,Eurydice,https://en.wikipedia.org/wiki/Eva_Noblezada,https://en.wikipedia.org/wiki/Hadestown_(musical),https://en.wikipedia.org/wiki/Eurydice
2019,73rd Tony Awards,/wiki/73rd_Tony_Awards,False,Kelli O'Hara,"Kiss Me, Kate",Lilli Vanessi / Katharine,https://en.wikipedia.org/wiki/Kelli_O%27Hara,"https://en.wikipedia.org/wiki/Kiss_Me,_Kate",
2020,74th Tony Awards,/wiki/74th_Tony_Awards,False,Elizabeth Stanley,Jagged Little Pill,M. J. Healy,https://en.wikipedia.org/wiki/Elizabeth_Stanley_(actress),https://en.wikipedia.org/wiki/Jagged_Little_Pill_(musical),
2020,74th Tony Awards,/wiki/74th_Tony_Awards,False,Karen Olivo,Moulin Rouge! The Musical,Satine,https://en.wikipedia.org/wiki/Karen_Olivo,https://en.wikipedia.org/wiki/Moulin_Rouge!_(musical),
2020,74th Tony Awards,/wiki/74th_Tony_Awards,False,Adrienne Warren,Tina: The Tina Turner Musical,Tina Turner,https://en.wikipedia.org/wiki/Adrienne_Warren,https://en.wikipedia.org/wiki/Tina_(musical),https://en.wikipedia.org/wiki/Tina_Turner
