year,season,season_link,winner,designer,designer_link,production,production_link,award type
1970,24th Tony Awards,/wiki/24th_Tony_Awards,True,Jo  Mielziner,https://en.wikipedia.org/wiki/Jo_Mielziner,Child's Play,https://en.wikipedia.org/wiki/Child%27s_Play_(play),
1970,24th Tony Awards,/wiki/24th_Tony_Awards,False,Tharon Musser,https://en.wikipedia.org/wiki/Tharon_Musser,Applause,https://en.wikipedia.org/wiki/Applause_(musical),
1970,24th Tony Awards,/wiki/24th_Tony_Awards,False,Thomas R. Skelton,https://en.wikipedia.org/wiki/Thomas_R._Skelton,Indians,https://en.wikipedia.org/wiki/Indians_(play),
1971,25th Tony Awards,/wiki/25th_Tony_Awards,True,R.H. Poindexter,https://en.wikipedia.org/wiki/R.H._Poindexter,Paul Sill's Story Theatre,https://en.wikipedia.org/wiki/Paul_Sill%27s_Story_Theatre,
1971,25th Tony Awards,/wiki/25th_Tony_Awards,False,Robert Ornbo,,Company,https://en.wikipedia.org/wiki/Company_(musical),
1971,25th Tony Awards,/wiki/25th_Tony_Awards,False,William Ritman,,Sleuth,https://en.wikipedia.org/wiki/Sleuth_(play),
1972,26th Tony Awards,/wiki/26th_Tony_Awards,True,Tharon Musser,https://en.wikipedia.org/wiki/Tharon_Musser,Follies,https://en.wikipedia.org/wiki/Follies,
1972,26th Tony Awards,/wiki/26th_Tony_Awards,False,Martin Aronstein,https://en.wikipedia.org/wiki/Martin_Aronstein,Ain't Supposed To Die a Natural Death,https://en.wikipedia.org/wiki/Ain%27t_Supposed_to_Die_a_Natural_Death,
1972,26th Tony Awards,/wiki/26th_Tony_Awards,False,John Bury,https://en.wikipedia.org/wiki/John_Bury_(theatre_designer),Old Times,https://en.wikipedia.org/wiki/Old_Times,
1972,26th Tony Awards,/wiki/26th_Tony_Awards,False,Jules Fisher,https://en.wikipedia.org/wiki/Jules_Fisher,Jesus Christ Superstar,https://en.wikipedia.org/wiki/Jesus_Christ_Superstar,
1973,27th Tony Awards,/wiki/27th_Tony_Awards,True,Jules Fisher,https://en.wikipedia.org/wiki/Jules_Fisher,Pippin,https://en.wikipedia.org/wiki/Pippin_(musical),
1973,27th Tony Awards,/wiki/27th_Tony_Awards,False,Martin Aronstein,https://en.wikipedia.org/wiki/Martin_Aronstein,Much Ado About Nothing,https://en.wikipedia.org/wiki/Much_Ado_About_Nothing,
1973,27th Tony Awards,/wiki/27th_Tony_Awards,False,Ian Calderon,,That Championship Season,https://en.wikipedia.org/wiki/That_Championship_Season,
1973,27th Tony Awards,/wiki/27th_Tony_Awards,False,Tharon Musser,https://en.wikipedia.org/wiki/Tharon_Musser,A Little Night Music,https://en.wikipedia.org/wiki/A_Little_Night_Music,
1974,28th Tony Awards,/wiki/28th_Tony_Awards,False,Tharon Musser,https://en.wikipedia.org/wiki/Tharon_Musser,The Good Doctor,https://en.wikipedia.org/wiki/The_Good_Doctor_(play),
1974,28th Tony Awards,/wiki/28th_Tony_Awards,False,Ben Edwards,,A Moon for the Misbegotten,https://en.wikipedia.org/wiki/A_Moon_for_the_Misbegotten,
1974,28th Tony Awards,/wiki/28th_Tony_Awards,False,Ken Billington,https://en.wikipedia.org/wiki/Ken_Billington,The Visit,https://en.wikipedia.org/wiki/The_Visit_(play),
1974,28th Tony Awards,/wiki/28th_Tony_Awards,False,Martin Aronstein,https://en.wikipedia.org/wiki/Martin_Aronstein,Boom Boom Room,,
1974,28th Tony Awards,/wiki/28th_Tony_Awards,True,Jules Fisher,https://en.wikipedia.org/wiki/Jules_Fisher,Ulysses in Nighttown,https://en.wikipedia.org/wiki/Ulysses_in_Nighttown,
1975,29th Tony Awards,/wiki/29th_Tony_Awards,True,Neil Peter Jampolis,https://en.wikipedia.org/wiki/Neil_Peter_Jampolis,Sherlock Holmes,https://en.wikipedia.org/wiki/Sherlock_Holmes,
1975,29th Tony Awards,/wiki/29th_Tony_Awards,False,Abe Feder,https://en.wikipedia.org/wiki/Abe_Feder,Goodtime Charley,https://en.wikipedia.org/wiki/Goodtime_Charley,
1975,29th Tony Awards,/wiki/29th_Tony_Awards,False,Chip Monk,,The Rocky Horror Show,https://en.wikipedia.org/wiki/The_Rocky_Horror_Show,
1975,29th Tony Awards,/wiki/29th_Tony_Awards,False,Andy Phillips,,Equus,https://en.wikipedia.org/wiki/Equus_(play),
1975,29th Tony Awards,/wiki/29th_Tony_Awards,False,Thomas R. Skelton,https://en.wikipedia.org/wiki/Thomas_R._Skelton,All God's Chillun Got Wings,https://en.wikipedia.org/wiki/All_God%27s_Chillun_Got_Wings_(play),
1975,29th Tony Awards,/wiki/29th_Tony_Awards,False,James Tilton,,Seascape,https://en.wikipedia.org/wiki/Seascape_(play),
1976,30th Tony Awards,/wiki/30th_Tony_Awards,False,Tharon Musser,https://en.wikipedia.org/wiki/Tharon_Musser,Pacific Overtures,https://en.wikipedia.org/wiki/Pacific_Overtures,
1976,30th Tony Awards,/wiki/30th_Tony_Awards,False,Jules Fisher,https://en.wikipedia.org/wiki/Jules_Fisher,Chicago,https://en.wikipedia.org/wiki/Chicago_(musical),
1976,30th Tony Awards,/wiki/30th_Tony_Awards,True,Tharon Musser,https://en.wikipedia.org/wiki/Tharon_Musser,A Chorus Line,https://en.wikipedia.org/wiki/A_Chorus_Line,
1976,30th Tony Awards,/wiki/30th_Tony_Awards,False,Ian Calderon,,Trelawny of the Wells,https://en.wikipedia.org/wiki/Trelawny_of_the_Wells,
1977,31st Tony Awards,/wiki/31st_Tony_Awards,False,Neil Peter Jampolis,https://en.wikipedia.org/wiki/Neil_Peter_Jampolis,The Innocents,https://en.wikipedia.org/wiki/The_Innocents_(play),
1977,31st Tony Awards,/wiki/31st_Tony_Awards,True,Jennifer Tipton,https://en.wikipedia.org/wiki/Jennifer_Tipton,The Cherry Orchard,https://en.wikipedia.org/wiki/The_Cherry_Orchard,
1977,31st Tony Awards,/wiki/31st_Tony_Awards,False,John Bury,https://en.wikipedia.org/wiki/John_Bury_(theatre_designer),No Man's Land,https://en.wikipedia.org/wiki/No_Man%27s_Land_(play),
1977,31st Tony Awards,/wiki/31st_Tony_Awards,False,Pat Collins,https://en.wikipedia.org/wiki/Pat_Collins_(lighting_designer),Threepenny Opera,https://en.wikipedia.org/wiki/Threepenny_Opera,
1978,32nd Tony Awards,/wiki/32nd_Tony_Awards,False,Tharon Musser,https://en.wikipedia.org/wiki/Tharon_Musser,The Act,https://en.wikipedia.org/wiki/The_Act_(musical),
1978,32nd Tony Awards,/wiki/32nd_Tony_Awards,False,Jules Fisher,https://en.wikipedia.org/wiki/Jules_Fisher,Beatlemania,https://en.wikipedia.org/wiki/Beatlemania_(musical),
1978,32nd Tony Awards,/wiki/32nd_Tony_Awards,True,Jules Fisher,https://en.wikipedia.org/wiki/Jules_Fisher,Dancin',https://en.wikipedia.org/wiki/Dancin%27,
1978,32nd Tony Awards,/wiki/32nd_Tony_Awards,False,Ken Billington,https://en.wikipedia.org/wiki/Ken_Billington,Working,https://en.wikipedia.org/wiki/Working_(musical),
1979,33rd Tony Awards,/wiki/33rd_Tony_Awards,True,Roger Morgan,https://en.wikipedia.org/wiki/Roger_Morgan_(designer),The Crucifer of Blood,https://en.wikipedia.org/wiki/The_Crucifer_of_Blood,
1979,33rd Tony Awards,/wiki/33rd_Tony_Awards,False,Ken Billington,https://en.wikipedia.org/wiki/Ken_Billington,Sweeney Todd: The Demon Barber of Fleet Street,https://en.wikipedia.org/wiki/Sweeney_Todd:_The_Demon_Barber_of_Fleet_Street,
1979,33rd Tony Awards,/wiki/33rd_Tony_Awards,False,Beverly Emmons,https://en.wikipedia.org/wiki/Beverly_Emmons,The Elephant Man,https://en.wikipedia.org/wiki/The_Elephant_Man_(play),
1979,33rd Tony Awards,/wiki/33rd_Tony_Awards,False,Tharon Musser,https://en.wikipedia.org/wiki/Tharon_Musser,Ballroom,https://en.wikipedia.org/wiki/Ballroom_(musical),
1980,34th Tony Awards,/wiki/34th_Tony_Awards,True,David Hersey,https://en.wikipedia.org/wiki/David_Hersey,Evita,https://en.wikipedia.org/wiki/Evita_(musical),
1980,34th Tony Awards,/wiki/34th_Tony_Awards,False,Beverly Emmons,https://en.wikipedia.org/wiki/Beverly_Emmons,A Day in Hollywood/A Night in the Ukraine,https://en.wikipedia.org/wiki/A_Day_in_Hollywood/A_Night_in_the_Ukraine,
1980,34th Tony Awards,/wiki/34th_Tony_Awards,False,Craig Miller,,Barnum,https://en.wikipedia.org/wiki/Barnum_(musical),
1980,34th Tony Awards,/wiki/34th_Tony_Awards,False,Dennis Parichy,https://en.wikipedia.org/wiki/Dennis_Parichy,Talley's Folly,https://en.wikipedia.org/wiki/Talley%27s_Folly,
1981,35th Tony Awards,/wiki/35th_Tony_Awards,True,John Bury,https://en.wikipedia.org/wiki/John_Bury_(theatre_designer),Amadeus,https://en.wikipedia.org/wiki/Amadeus_(play),
1981,35th Tony Awards,/wiki/35th_Tony_Awards,False,Tharon Musser,https://en.wikipedia.org/wiki/Tharon_Musser,42nd Street,https://en.wikipedia.org/wiki/42nd_Street_(musical),
1981,35th Tony Awards,/wiki/35th_Tony_Awards,False,Dennis Parichy,https://en.wikipedia.org/wiki/Dennis_Parichy,Fifth of July,https://en.wikipedia.org/wiki/Fifth_of_July,
1981,35th Tony Awards,/wiki/35th_Tony_Awards,False,Jennifer Tipton,https://en.wikipedia.org/wiki/Jennifer_Tipton,Sophisticated Ladies,https://en.wikipedia.org/wiki/Sophisticated_Ladies,
1982,36th Tony Awards,/wiki/36th_Tony_Awards,False,Marcia Madeira,,Nine,https://en.wikipedia.org/wiki/Nine_(musical),
1982,36th Tony Awards,/wiki/36th_Tony_Awards,False,David Hersey,https://en.wikipedia.org/wiki/David_Hersey,The Life and Adventures of Nicholas Nickleby,https://en.wikipedia.org/wiki/The_Life_and_Adventures_of_Nicholas_Nickleby_(play),
1982,36th Tony Awards,/wiki/36th_Tony_Awards,True,Tharon Musser,https://en.wikipedia.org/wiki/Tharon_Musser,Dreamgirls,https://en.wikipedia.org/wiki/Dreamgirls_(musical),
1982,36th Tony Awards,/wiki/36th_Tony_Awards,False,Martin Aronstein,https://en.wikipedia.org/wiki/Martin_Aronstein,Medea,https://en.wikipedia.org/wiki/Medea_(play),
1983,37th Tony Awards,/wiki/37th_Tony_Awards,True,David Hersey,https://en.wikipedia.org/wiki/David_Hersey,Cats,https://en.wikipedia.org/wiki/Cats_(musical),
1983,37th Tony Awards,/wiki/37th_Tony_Awards,False,Ken Billington,https://en.wikipedia.org/wiki/Ken_Billington,Foxfire,https://en.wikipedia.org/wiki/Foxfire_(play),
1983,37th Tony Awards,/wiki/37th_Tony_Awards,False,Robert Bryan,,All's Well That Ends Well,https://en.wikipedia.org/wiki/All%27s_Well_That_Ends_Well,
1983,37th Tony Awards,/wiki/37th_Tony_Awards,False,Allen Lee Hughes,,K2,https://en.wikipedia.org/wiki/K2_(film),
1984,38th Tony Awards,/wiki/38th_Tony_Awards,False,Jules Fisher,https://en.wikipedia.org/wiki/Jules_Fisher,La Cage aux Folles,https://en.wikipedia.org/wiki/La_Cage_aux_Folles_(musical),
1984,38th Tony Awards,/wiki/38th_Tony_Awards,True,Richard Nelson,https://en.wikipedia.org/wiki/Richard_Nelson_(lighting_designer),Sunday in the Park with George,https://en.wikipedia.org/wiki/Sunday_in_the_Park_with_George,
1984,38th Tony Awards,/wiki/38th_Tony_Awards,False,Ken Billington,https://en.wikipedia.org/wiki/Ken_Billington,End of the World,,
1984,38th Tony Awards,/wiki/38th_Tony_Awards,False,Marc B. Weiss,,A Moon for the Misbegotten,https://en.wikipedia.org/wiki/A_Moon_for_the_Misbegotten,
1985,39th Tony Awards,/wiki/39th_Tony_Awards,True,Richard Riddell,https://en.wikipedia.org/wiki/Richard_Riddell,Big River,https://en.wikipedia.org/wiki/Big_River_(musical),
1985,39th Tony Awards,/wiki/39th_Tony_Awards,False,Terry Hands,https://en.wikipedia.org/wiki/Terry_Hands,Cyrano de Bergerac,https://en.wikipedia.org/wiki/Cyrano_de_Bergerac_(play),
1985,39th Tony Awards,/wiki/39th_Tony_Awards,False,Terry Hands,https://en.wikipedia.org/wiki/Terry_Hands,Much Ado About Nothing,https://en.wikipedia.org/wiki/Much_Ado_About_Nothing,
1985,39th Tony Awards,/wiki/39th_Tony_Awards,False,Allen Lee Hughes,,Strange Interlude,https://en.wikipedia.org/wiki/Strange_Interlude,
1986,40th Tony Awards,/wiki/40th_Tony_Awards,False,Jules Fisher,https://en.wikipedia.org/wiki/Jules_Fisher,Song and Dance,https://en.wikipedia.org/wiki/Song_and_Dance,
1986,40th Tony Awards,/wiki/40th_Tony_Awards,False,Paul Gallo,https://en.wikipedia.org/wiki/Paul_Gallo,The House of Blue Leaves,https://en.wikipedia.org/wiki/The_House_of_Blue_Leaves,
1986,40th Tony Awards,/wiki/40th_Tony_Awards,True,Pat Collins,https://en.wikipedia.org/wiki/Pat_Collins_(lighting_designer),I'm Not Rappaport,https://en.wikipedia.org/wiki/I%27m_Not_Rappaport,
1986,40th Tony Awards,/wiki/40th_Tony_Awards,False,Thomas R. Skelton,https://en.wikipedia.org/wiki/Thomas_R._Skelton,The Iceman Cometh,https://en.wikipedia.org/wiki/The_Iceman_Cometh,
1987,41st Tony Awards,/wiki/41st_Tony_Awards,False,David Hersey,https://en.wikipedia.org/wiki/David_Hersey,Starlight Express,https://en.wikipedia.org/wiki/Starlight_Express,
1987,41st Tony Awards,/wiki/41st_Tony_Awards,False,Beverly EmmonsandChris Parry,https://en.wikipedia.org/wiki/Beverly_Emmons,Les Liaisons Dangereuses,https://en.wikipedia.org/wiki/Les_liaisons_dangereuses,
1987,41st Tony Awards,/wiki/41st_Tony_Awards,False,Martin Aronstein,https://en.wikipedia.org/wiki/Martin_Aronstein,Wild Honey,https://en.wikipedia.org/wiki/Wild_Honey_(play),
1987,41st Tony Awards,/wiki/41st_Tony_Awards,True,David Hersey,https://en.wikipedia.org/wiki/David_Hersey,Les Misérables,https://en.wikipedia.org/wiki/Les_Mis%C3%A9rables_(musical),
1988,42nd Tony Awards,/wiki/42nd_Tony_Awards,True,Andrew Bridge,https://en.wikipedia.org/wiki/Andrew_Bridge_(lighting_designer),The Phantom of the Opera,https://en.wikipedia.org/wiki/The_Phantom_of_the_Opera_(1986_musical),
1988,42nd Tony Awards,/wiki/42nd_Tony_Awards,False,Paul Gallo,https://en.wikipedia.org/wiki/Paul_Gallo,Anything Goes,https://en.wikipedia.org/wiki/Anything_Goes,
1988,42nd Tony Awards,/wiki/42nd_Tony_Awards,False,Richard Nelson,https://en.wikipedia.org/wiki/Richard_Nelson_(lighting_designer),Into the Woods,https://en.wikipedia.org/wiki/Into_the_Woods,
1988,42nd Tony Awards,/wiki/42nd_Tony_Awards,False,Andy Phillips,,M. Butterfly,https://en.wikipedia.org/wiki/M._Butterfly,
1989,43rd Tony Awards,/wiki/43rd_Tony_Awards,True,Jennifer Tipton,https://en.wikipedia.org/wiki/Jennifer_Tipton,Jerome Robbins' Broadway,https://en.wikipedia.org/wiki/Jerome_Robbins%27_Broadway,
1989,43rd Tony Awards,/wiki/43rd_Tony_Awards,False,Neil Peter Jampolisand Jane Reisman,https://en.wikipedia.org/wiki/Neil_Peter_Jampolis,Black and Blue,https://en.wikipedia.org/wiki/Black_and_Blue_(musical),
1989,43rd Tony Awards,/wiki/43rd_Tony_Awards,False,Brian Nason,,Metamorphoses,https://en.wikipedia.org/wiki/Metamorphoses_(play),
1989,43rd Tony Awards,/wiki/43rd_Tony_Awards,False,Nancy Schertler,,Largely New York,,
1990,44th Tony Awards,/wiki/44th_Tony_Awards,False,Kevin Rigdon,https://en.wikipedia.org/wiki/Kevin_Rigdon,The Grapes of Wrath,https://en.wikipedia.org/wiki/The_Grapes_of_Wrath_(play),
1990,44th Tony Awards,/wiki/44th_Tony_Awards,False,Neil Peter JampolisandPaul Pyant,https://en.wikipedia.org/wiki/Neil_Peter_Jampolis,Orpheus Descending,https://en.wikipedia.org/wiki/Orpheus_Descending,
1990,44th Tony Awards,/wiki/44th_Tony_Awards,True,Jules Fisher,https://en.wikipedia.org/wiki/Jules_Fisher,Grand Hotel,https://en.wikipedia.org/wiki/Grand_Hotel_(musical),
1990,44th Tony Awards,/wiki/44th_Tony_Awards,False,Paul Gallo,https://en.wikipedia.org/wiki/Paul_Gallo,City of Angels,https://en.wikipedia.org/wiki/City_of_Angels_(musical),
1991,45th Tony Awards,/wiki/45th_Tony_Awards,True,Jules Fisher,https://en.wikipedia.org/wiki/Jules_Fisher,The Will Rogers Follies,https://en.wikipedia.org/wiki/The_Will_Rogers_Follies,
1991,45th Tony Awards,/wiki/45th_Tony_Awards,False,David Hersey,https://en.wikipedia.org/wiki/David_Hersey,Miss Saigon,https://en.wikipedia.org/wiki/Miss_Saigon,
1991,45th Tony Awards,/wiki/45th_Tony_Awards,False,Allen Lee Hughes,,Once on This Island,https://en.wikipedia.org/wiki/Once_on_This_Island,
1991,45th Tony Awards,/wiki/45th_Tony_Awards,False,Jennifer Tipton,https://en.wikipedia.org/wiki/Jennifer_Tipton,La Bête,https://en.wikipedia.org/wiki/La_B%C3%AAte_(play),
1992,46th Tony Awards,/wiki/46th_Tony_Awards,False,Richard Pilbrow,https://en.wikipedia.org/wiki/Richard_Pilbrow,Four Baboons Adoring the Sun,,
1992,46th Tony Awards,/wiki/46th_Tony_Awards,False,Paul Gallo,https://en.wikipedia.org/wiki/Paul_Gallo,Guys and Dolls,https://en.wikipedia.org/wiki/Guys_and_Dolls,
1992,46th Tony Awards,/wiki/46th_Tony_Awards,True,Jules Fisher,https://en.wikipedia.org/wiki/Jules_Fisher,Jelly's Last Jam,https://en.wikipedia.org/wiki/Jelly%27s_Last_Jam,
1992,46th Tony Awards,/wiki/46th_Tony_Awards,False,Paul Gallo,https://en.wikipedia.org/wiki/Paul_Gallo,Crazy for You,https://en.wikipedia.org/wiki/Crazy_for_You_(musical),
1993,47th Tony Awards,/wiki/47th_Tony_Awards,True,Chris Parry,https://en.wikipedia.org/wiki/Chris_Parry_(lighting_designer),The Who's Tommy,https://en.wikipedia.org/wiki/The_Who%27s_Tommy,
1993,47th Tony Awards,/wiki/47th_Tony_Awards,False,Howell Binkley,https://en.wikipedia.org/wiki/Howell_Binkley,Kiss of the Spider Woman,https://en.wikipedia.org/wiki/Kiss_of_the_Spider_Woman_(musical),
1993,47th Tony Awards,/wiki/47th_Tony_Awards,False,Jules Fisher,https://en.wikipedia.org/wiki/Jules_Fisher,Angels in America: Millennium Approaches,https://en.wikipedia.org/wiki/Angels_in_America:_A_Gay_Fantasia_on_National_Themes,
1993,47th Tony Awards,/wiki/47th_Tony_Awards,False,Dennis Parichy,https://en.wikipedia.org/wiki/Dennis_Parichy,Redwood Curtain,https://en.wikipedia.org/wiki/Redwood_Curtain,
1994,48th Tony Awards,/wiki/48th_Tony_Awards,True,Rick Fisher,https://en.wikipedia.org/wiki/Rick_Fisher_(lighting_designer),An Inspector Calls,https://en.wikipedia.org/wiki/An_Inspector_Calls,
1994,48th Tony Awards,/wiki/48th_Tony_Awards,False,Beverly Emmons,https://en.wikipedia.org/wiki/Beverly_Emmons,Passion,https://en.wikipedia.org/wiki/Passion_(musical),
1994,48th Tony Awards,/wiki/48th_Tony_Awards,False,Jules Fisher,https://en.wikipedia.org/wiki/Jules_Fisher,Angels in America: Perestroika,https://en.wikipedia.org/wiki/Angels_in_America:_A_Gay_Fantasia_on_National_Themes,
1994,48th Tony Awards,/wiki/48th_Tony_Awards,False,Natasha Katz,https://en.wikipedia.org/wiki/Natasha_Katz,Beauty and the Beast,https://en.wikipedia.org/wiki/Beauty_and_the_Beast_(musical),
1995,49th Tony Awards,/wiki/49th_Tony_Awards,True,Andrew Bridge,https://en.wikipedia.org/wiki/Andrew_Bridge_(lighting_designer),Sunset Boulevard,https://en.wikipedia.org/wiki/Sunset_Boulevard_(musical),
1995,49th Tony Awards,/wiki/49th_Tony_Awards,False,Beverly Emmons,https://en.wikipedia.org/wiki/Beverly_Emmons,The Heiress,https://en.wikipedia.org/wiki/The_Heiress_(1947_play),
1995,49th Tony Awards,/wiki/49th_Tony_Awards,False,Mark Henderson,https://en.wikipedia.org/wiki/Mark_Henderson_(lighting_designer),Indiscretions,https://en.wikipedia.org/wiki/Les_Parents_terribles,
1995,49th Tony Awards,/wiki/49th_Tony_Awards,False,Paul Pyant,https://en.wikipedia.org/wiki/Paul_Pyant,Arcadia,https://en.wikipedia.org/wiki/Arcadia_(play),
1996,50th Tony Awards,/wiki/50th_Tony_Awards,False,Nigel Levings,https://en.wikipedia.org/wiki/Nigel_Levings,The King and I,https://en.wikipedia.org/wiki/The_King_and_I,
1996,50th Tony Awards,/wiki/50th_Tony_Awards,False,Blake Burba,,Rent,https://en.wikipedia.org/wiki/Rent_(musical),
1996,50th Tony Awards,/wiki/50th_Tony_Awards,False,Christopher Akerlind,https://en.wikipedia.org/wiki/Christopher_Akerlind,Seven Guitars,https://en.wikipedia.org/wiki/Seven_Guitars,
1996,50th Tony Awards,/wiki/50th_Tony_Awards,True,Peggy EisenhauerandJules Fisher,https://en.wikipedia.org/wiki/Peggy_Eisenhauer,Bring in 'da Noise/Bring in 'da Funk,https://en.wikipedia.org/wiki/Bring_in_%27da_Noise/Bring_in_%27da_Funk,
1997,51st Tony Awards,/wiki/51st_Tony_Awards,True,Ken Billington,https://en.wikipedia.org/wiki/Ken_Billington,Chicago,https://en.wikipedia.org/wiki/Chicago_(musical),
1997,51st Tony Awards,/wiki/51st_Tony_Awards,False,Beverly Emmons,https://en.wikipedia.org/wiki/Beverly_Emmons,Jekyll and Hyde,https://en.wikipedia.org/wiki/Jekyll_and_Hyde_(musical),
1997,51st Tony Awards,/wiki/51st_Tony_Awards,False,Donald Holder,https://en.wikipedia.org/wiki/Donald_Holder,Juan Darién,https://en.wikipedia.org/wiki/Juan_Dari%C3%A9n:_A_Carnival_Mass_(score),
1997,51st Tony Awards,/wiki/51st_Tony_Awards,False,Richard Pilbrow,https://en.wikipedia.org/wiki/Richard_Pilbrow,The Life,https://en.wikipedia.org/wiki/The_Life_(musical),
1998,52nd Tony Awards,/wiki/52nd_Tony_Awards,True,Donald Holder,https://en.wikipedia.org/wiki/Donald_Holder,The Lion King,https://en.wikipedia.org/wiki/The_Lion_King_(musical),
1998,52nd Tony Awards,/wiki/52nd_Tony_Awards,False,Paul Anderson,,The Chairs,https://en.wikipedia.org/wiki/The_Chairs,
1998,52nd Tony Awards,/wiki/52nd_Tony_Awards,False,Mike Baldassari andPeggy Eisenhauer,https://en.wikipedia.org/wiki/Peggy_Eisenhauer,Cabaret,https://en.wikipedia.org/wiki/Cabaret_(musical),
1998,52nd Tony Awards,/wiki/52nd_Tony_Awards,False,Peggy EisenhauerandJules Fisher,https://en.wikipedia.org/wiki/Peggy_Eisenhauer,Ragtime,https://en.wikipedia.org/wiki/Ragtime_(musical),
1999,53rd Tony Awards,/wiki/53rd_Tony_Awards,True,Andrew Bridge,https://en.wikipedia.org/wiki/Andrew_Bridge_(lighting_designer),Fosse,https://en.wikipedia.org/wiki/Fosse_(musical),
1999,53rd Tony Awards,/wiki/53rd_Tony_Awards,False,Mark Henderson,https://en.wikipedia.org/wiki/Mark_Henderson_(lighting_designer),The Iceman Cometh,https://en.wikipedia.org/wiki/The_Iceman_Cometh,
1999,53rd Tony Awards,/wiki/53rd_Tony_Awards,False,Natasha Katz,https://en.wikipedia.org/wiki/Natasha_Katz,Twelfth Night,https://en.wikipedia.org/wiki/Twelfth_Night,
1999,53rd Tony Awards,/wiki/53rd_Tony_Awards,False,Chris Parry,https://en.wikipedia.org/wiki/Chris_Parry_(lighting_designer),Not About Nightingales,https://en.wikipedia.org/wiki/Not_About_Nightingales,
2000,54th Tony Awards,/wiki/54th_Tony_Awards,False,Peggy EisenhauerandJules Fisher,https://en.wikipedia.org/wiki/Peggy_Eisenhauer,The Wild Party,https://en.wikipedia.org/wiki/The_Wild_Party_(LaChiusa_musical),Best Lighting Design
2000,54th Tony Awards,/wiki/54th_Tony_Awards,False,Peter Kaczorowski,https://en.wikipedia.org/wiki/Peter_Kaczorowski,"Kiss Me, Kate","https://en.wikipedia.org/wiki/Kiss_Me,_Kate",Best Lighting Design
2000,54th Tony Awards,/wiki/54th_Tony_Awards,True,Natasha Katz,https://en.wikipedia.org/wiki/Natasha_Katz,Aida,https://en.wikipedia.org/wiki/Aida,Best Lighting Design
2000,54th Tony Awards,/wiki/54th_Tony_Awards,False,Peggy EisenhauerandJules Fisher,https://en.wikipedia.org/wiki/Peggy_Eisenhauer,Marie Christine,https://en.wikipedia.org/wiki/Marie_Christine,Best Lighting Design
2001,55th Tony Awards,/wiki/55th_Tony_Awards,False,,,,,Best Lighting Design
2001,55th Tony Awards,/wiki/55th_Tony_Awards,True,Peter Kaczorowski,https://en.wikipedia.org/wiki/Peter_Kaczorowski,The Producers,https://en.wikipedia.org/wiki/The_Producers_(musical),Best Lighting Design
2001,55th Tony Awards,/wiki/55th_Tony_Awards,False,Peggy EisenhauerandJules Fisher,https://en.wikipedia.org/wiki/Peggy_Eisenhauer,Jane Eyre,https://en.wikipedia.org/wiki/Jane_Eyre_(musical),Best Lighting Design
2001,55th Tony Awards,/wiki/55th_Tony_Awards,False,Paul Gallo,https://en.wikipedia.org/wiki/Paul_Gallo,42nd Street,https://en.wikipedia.org/wiki/42nd_Street_(musical),Best Lighting Design
2001,55th Tony Awards,/wiki/55th_Tony_Awards,False,Kenneth Posner,https://en.wikipedia.org/wiki/Kenneth_Posner,The Adventures of Tom Sawyer,https://en.wikipedia.org/wiki/The_Adventures_of_Tom_Sawyer_(musical),Best Lighting Design
2002,56th Tony Awards,/wiki/56th_Tony_Awards,False,Paul Gallo,https://en.wikipedia.org/wiki/Paul_Gallo,The Crucible',https://en.wikipedia.org/wiki/The_Crucible,Best Lighting Design
2002,56th Tony Awards,/wiki/56th_Tony_Awards,False,Natasha Katz,https://en.wikipedia.org/wiki/Natasha_Katz,Sweet Smell of Success,https://en.wikipedia.org/wiki/Sweet_Smell_of_Success_(musical),Best Lighting Design
2002,56th Tony Awards,/wiki/56th_Tony_Awards,False,David Hersey,https://en.wikipedia.org/wiki/David_Hersey,Oklahoma!,https://en.wikipedia.org/wiki/Oklahoma!,Best Lighting Design
2002,56th Tony Awards,/wiki/56th_Tony_Awards,False,,,,,Best Lighting Design
2002,56th Tony Awards,/wiki/56th_Tony_Awards,True,Brian MacDevitt,https://en.wikipedia.org/wiki/Brian_MacDevitt,Into the Woods,https://en.wikipedia.org/wiki/Into_the_Woods,Best Lighting Design
2003,57th Tony Awards,/wiki/57th_Tony_Awards,False,,,,,Best Lighting Design
2003,57th Tony Awards,/wiki/57th_Tony_Awards,True,Nigel Levings,https://en.wikipedia.org/wiki/Nigel_Levings,La bohème,https://en.wikipedia.org/wiki/La_boh%C3%A8me,Best Lighting Design
2003,57th Tony Awards,/wiki/57th_Tony_Awards,False,Donald Holder,https://en.wikipedia.org/wiki/Donald_Holder,Movin' Out,https://en.wikipedia.org/wiki/Movin%27_Out_(musical),Best Lighting Design
2003,57th Tony Awards,/wiki/57th_Tony_Awards,False,Brian MacDevitt,https://en.wikipedia.org/wiki/Brian_MacDevitt,Nine,https://en.wikipedia.org/wiki/Nine_(musical),Best Lighting Design
2003,57th Tony Awards,/wiki/57th_Tony_Awards,False,Kenneth Posner,https://en.wikipedia.org/wiki/Kenneth_Posner,Hairspray,https://en.wikipedia.org/wiki/Hairspray_(musical),Best Lighting Design
2004,58th Tony Awards,/wiki/58th_Tony_Awards,False,Brian MacDevitt,https://en.wikipedia.org/wiki/Brian_MacDevitt,"Henry IV, Part 1andPart 2","https://en.wikipedia.org/wiki/Henry_IV,_Part_1",Best Lighting Design
2004,58th Tony Awards,/wiki/58th_Tony_Awards,False,Brian MacDevitt,https://en.wikipedia.org/wiki/Brian_MacDevitt,Fiddler on the Roof,https://en.wikipedia.org/wiki/Fiddler_on_the_Roof,Best Lighting Design
2004,58th Tony Awards,/wiki/58th_Tony_Awards,False,Kenneth Posner,https://en.wikipedia.org/wiki/Kenneth_Posner,Wicked,https://en.wikipedia.org/wiki/Wicked_(musical),Best Lighting Design
2004,58th Tony Awards,/wiki/58th_Tony_Awards,False,,,,,Best Lighting Design
2004,58th Tony Awards,/wiki/58th_Tony_Awards,True,Peggy EisenhauerandJules Fisher,https://en.wikipedia.org/wiki/Peggy_Eisenhauer,Assassins,https://en.wikipedia.org/wiki/Assassins_(musical),Best Lighting Design
2005,59th Tony Awards,/wiki/59th_Tony_Awards,False,,,,,Best Lighting Design
2005,59th Tony Awards,/wiki/59th_Tony_Awards,True,Brian MacDevitt,https://en.wikipedia.org/wiki/Brian_MacDevitt,The Pillowman,https://en.wikipedia.org/wiki/The_Pillowman,Best Lighting Designfor a Play
2005,59th Tony Awards,/wiki/59th_Tony_Awards,False,Pat Collins,https://en.wikipedia.org/wiki/Pat_Collins_(lighting_designer),Doubt: A Parable,https://en.wikipedia.org/wiki/Doubt:_A_Parable,Best Lighting Designfor a Play
2005,59th Tony Awards,/wiki/59th_Tony_Awards,False,Donald Holder,https://en.wikipedia.org/wiki/Donald_Holder,A Streetcar Named Desire,https://en.wikipedia.org/wiki/A_Streetcar_Named_Desire_(play),Best Lighting Designfor a Play
2005,59th Tony Awards,/wiki/59th_Tony_Awards,False,Donald Holder,https://en.wikipedia.org/wiki/Donald_Holder,Gem of the Ocean,https://en.wikipedia.org/wiki/Gem_of_the_Ocean,Best Lighting Designfor a Play
2005,59th Tony Awards,/wiki/59th_Tony_Awards,True,Christopher Akerlind,https://en.wikipedia.org/wiki/Christopher_Akerlind,The Light in the Piazza,https://en.wikipedia.org/wiki/The_Light_in_the_Piazza_(musical),Best Lighting Designfor a Musical
2005,59th Tony Awards,/wiki/59th_Tony_Awards,False,Mark Henderson,https://en.wikipedia.org/wiki/Mark_Henderson_(lighting_designer),Chitty Chitty Bang Bang,https://en.wikipedia.org/wiki/Chitty_Chitty_Bang_Bang_(musical),Best Lighting Designfor a Musical
2005,59th Tony Awards,/wiki/59th_Tony_Awards,False,Kenneth Posner,https://en.wikipedia.org/wiki/Kenneth_Posner,Dirty Rotten Scoundrels,https://en.wikipedia.org/wiki/Dirty_Rotten_Scoundrels_(musical),Best Lighting Designfor a Musical
2005,59th Tony Awards,/wiki/59th_Tony_Awards,False,Hugh Vanstone,https://en.wikipedia.org/wiki/Hugh_Vanstone,Monty Python's Spamalot,https://en.wikipedia.org/wiki/Spamalot,Best Lighting Designfor a Musical
2006,60th Tony Awards,/wiki/60th_Tony_Awards,False,Brian MacDevitt,https://en.wikipedia.org/wiki/Brian_MacDevitt,The Color Purple,https://en.wikipedia.org/wiki/The_Color_Purple_(musical),Best Lighting Designfor a Musical
2006,60th Tony Awards,/wiki/60th_Tony_Awards,False,Natasha Katz,https://en.wikipedia.org/wiki/Natasha_Katz,Tarzan,https://en.wikipedia.org/wiki/Tarzan_(musical),Best Lighting Designfor a Musical
2006,60th Tony Awards,/wiki/60th_Tony_Awards,False,Ken Billingtonand Brian Monahan,https://en.wikipedia.org/wiki/Ken_Billington,The Drowsy Chaperone,https://en.wikipedia.org/wiki/The_Drowsy_Chaperone,Best Lighting Designfor a Musical
2006,60th Tony Awards,/wiki/60th_Tony_Awards,True,Howell Binkley,https://en.wikipedia.org/wiki/Howell_Binkley,Jersey Boys,https://en.wikipedia.org/wiki/Jersey_Boys,Best Lighting Designfor a Musical
2006,60th Tony Awards,/wiki/60th_Tony_Awards,True,Mark Henderson,https://en.wikipedia.org/wiki/Mark_Henderson_(lighting_designer),The History Boys,https://en.wikipedia.org/wiki/The_History_Boys,Best Lighting Designfor a Play
2006,60th Tony Awards,/wiki/60th_Tony_Awards,False,Paul Gallo,https://en.wikipedia.org/wiki/Paul_Gallo,Three Days of Rain,https://en.wikipedia.org/wiki/Three_Days_of_Rain,Best Lighting Designfor a Play
2006,60th Tony Awards,/wiki/60th_Tony_Awards,False,Christopher Akerlind,https://en.wikipedia.org/wiki/Christopher_Akerlind,Awake and Sing!,https://en.wikipedia.org/wiki/Awake_and_Sing!,Best Lighting Designfor a Play
2006,60th Tony Awards,/wiki/60th_Tony_Awards,False,Mark Henderson,https://en.wikipedia.org/wiki/Mark_Henderson_(lighting_designer),Faith Healer,https://en.wikipedia.org/wiki/Faith_Healer,Best Lighting Designfor a Play
2007,61st Tony Awards,/wiki/61st_Tony_Awards,False,Christopher Akerlind,https://en.wikipedia.org/wiki/Christopher_Akerlind,110 in the Shade,https://en.wikipedia.org/wiki/110_in_the_Shade,Best Lighting Designfor a Musical
2007,61st Tony Awards,/wiki/61st_Tony_Awards,False,Peter Kaczorowski,https://en.wikipedia.org/wiki/Peter_Kaczorowski,Grey Gardens,https://en.wikipedia.org/wiki/Grey_Gardens_(musical),Best Lighting Designfor a Musical
2007,61st Tony Awards,/wiki/61st_Tony_Awards,False,Howard Harrison,,Mary Poppins,https://en.wikipedia.org/wiki/Mary_Poppins_(musical),Best Lighting Designfor a Musical
2007,61st Tony Awards,/wiki/61st_Tony_Awards,True,Kevin Adams,https://en.wikipedia.org/wiki/Kevin_Adams,Spring Awakening,https://en.wikipedia.org/wiki/Spring_Awakening_(musical),Best Lighting Designfor a Musical
2007,61st Tony Awards,/wiki/61st_Tony_Awards,True,"Natasha Katz,Brian MacDevittandKenneth Posner",https://en.wikipedia.org/wiki/Natasha_Katz,The Coast of Utopia,https://en.wikipedia.org/wiki/The_Coast_of_Utopia,Best Lighting Designfor a Play
2007,61st Tony Awards,/wiki/61st_Tony_Awards,False,Brian MacDevitt,https://en.wikipedia.org/wiki/Brian_MacDevitt,Inherit the Wind,https://en.wikipedia.org/wiki/Inherit_the_Wind_(play),Best Lighting Designfor a Play
2007,61st Tony Awards,/wiki/61st_Tony_Awards,False,Paule Constable,https://en.wikipedia.org/wiki/Paule_Constable,Coram Boy,https://en.wikipedia.org/wiki/Coram_Boy_(play),Best Lighting Designfor a Play
2007,61st Tony Awards,/wiki/61st_Tony_Awards,False,Jason Taylor,,Journey's End,https://en.wikipedia.org/wiki/Journey%27s_End,Best Lighting Designfor a Play
2008,62nd Tony Awards,/wiki/62nd_Tony_Awards,True,Kevin Adams,https://en.wikipedia.org/wiki/Kevin_Adams,The 39 Steps,https://en.wikipedia.org/wiki/The_39_Steps_(play),Best Lighting Designfor a Play
2008,62nd Tony Awards,/wiki/62nd_Tony_Awards,False,Howard Harrison,,Macbeth,https://en.wikipedia.org/wiki/Macbeth,Best Lighting Designfor a Play
2008,62nd Tony Awards,/wiki/62nd_Tony_Awards,False,Donald Holder,https://en.wikipedia.org/wiki/Donald_Holder,Les Liaisons Dangereuses,https://en.wikipedia.org/wiki/Les_Liaisons_Dangereuses_(Hampton_play),Best Lighting Designfor a Play
2008,62nd Tony Awards,/wiki/62nd_Tony_Awards,False,Ann G. Wrightson,,August: Osage County,https://en.wikipedia.org/wiki/August:_Osage_County,Best Lighting Designfor a Play
2008,62nd Tony Awards,/wiki/62nd_Tony_Awards,True,Donald Holder,https://en.wikipedia.org/wiki/Donald_Holder,South Pacific,https://en.wikipedia.org/wiki/South_Pacific_(musical),Best Lighting Designfor a Musical
2008,62nd Tony Awards,/wiki/62nd_Tony_Awards,False,Ken Billington,https://en.wikipedia.org/wiki/Ken_Billington,Sunday in the Park with George,https://en.wikipedia.org/wiki/Sunday_in_the_Park_with_George,Best Lighting Designfor a Musical
2008,62nd Tony Awards,/wiki/62nd_Tony_Awards,False,Howell Binkley,https://en.wikipedia.org/wiki/Howell_Binkley,In the Heights,https://en.wikipedia.org/wiki/In_the_Heights,Best Lighting Designfor a Musical
2008,62nd Tony Awards,/wiki/62nd_Tony_Awards,False,Natasha Katz,https://en.wikipedia.org/wiki/Natasha_Katz,The Little Mermaid,https://en.wikipedia.org/wiki/The_Little_Mermaid_(musical),Best Lighting Designfor a Musical
2009,63rd Tony Awards,/wiki/63rd_Tony_Awards,False,Kevin Adams,https://en.wikipedia.org/wiki/Kevin_Adams,Hair,https://en.wikipedia.org/wiki/Hair_(musical),Best Lighting Designfor a Musical
2009,63rd Tony Awards,/wiki/63rd_Tony_Awards,False,Howell Binkley,https://en.wikipedia.org/wiki/Howell_Binkley,West Side Story,https://en.wikipedia.org/wiki/West_Side_Story_(musical),Best Lighting Designfor a Musical
2009,63rd Tony Awards,/wiki/63rd_Tony_Awards,False,Kevin Adams,https://en.wikipedia.org/wiki/Kevin_Adams,Next to Normal,https://en.wikipedia.org/wiki/Next_to_Normal,Best Lighting Designfor a Musical
2009,63rd Tony Awards,/wiki/63rd_Tony_Awards,True,Rick Fisher,https://en.wikipedia.org/wiki/Rick_Fisher_(lighting_designer),Billy Elliot the Musical,https://en.wikipedia.org/wiki/Billy_Elliot_the_Musical,Best Lighting Designfor a Musical
2009,63rd Tony Awards,/wiki/63rd_Tony_Awards,False,Hugh Vanstone,https://en.wikipedia.org/wiki/Hugh_Vanstone,Mary Stuart,https://en.wikipedia.org/wiki/Mary_Stuart_(play),Best Lighting Designfor a Play
2009,63rd Tony Awards,/wiki/63rd_Tony_Awards,False,David Lander,,33 Variations,https://en.wikipedia.org/wiki/33_Variations,Best Lighting Designfor a Play
2009,63rd Tony Awards,/wiki/63rd_Tony_Awards,False,David Hersey,https://en.wikipedia.org/wiki/David_Hersey,Equus,https://en.wikipedia.org/wiki/Equus_(play),Best Lighting Designfor a Play
2009,63rd Tony Awards,/wiki/63rd_Tony_Awards,True,Brian MacDevitt,https://en.wikipedia.org/wiki/Brian_MacDevitt,Joe Turner's Come and Gone,https://en.wikipedia.org/wiki/Joe_Turner%27s_Come_and_Gone,Best Lighting Designfor a Play
2010,64th Tony Awards,/wiki/64th_Tony_Awards,False,Robert Wierzel,https://en.wikipedia.org/wiki/Robert_Wierzel,Fela!,https://en.wikipedia.org/wiki/Fela!,Best Lighting Design for a Musical
2010,64th Tony Awards,/wiki/64th_Tony_Awards,False,Nick Richings,,La Cage aux Folles,https://en.wikipedia.org/wiki/La_Cage_aux_Folles_(musical),Best Lighting Design for a Musical
2010,64th Tony Awards,/wiki/64th_Tony_Awards,False,Donald Holder,https://en.wikipedia.org/wiki/Donald_Holder,Ragtime,https://en.wikipedia.org/wiki/Ragtime,Best Lighting Design for a Musical
2010,64th Tony Awards,/wiki/64th_Tony_Awards,True,Kevin Adams,https://en.wikipedia.org/wiki/Kevin_Adams,American Idiot,https://en.wikipedia.org/wiki/American_Idiot_(musical),Best Lighting Design for a Musical
2010,64th Tony Awards,/wiki/64th_Tony_Awards,False,Lighting Design for a Musical,,Lighting Design for a Musical,,Lighting Design for a Musical
2010,64th Tony Awards,/wiki/64th_Tony_Awards,False,Mark Henderson,https://en.wikipedia.org/wiki/Mark_Henderson_(lighting_designer),ENRON,https://en.wikipedia.org/wiki/Enron_(play),Best Lighting Design for a Play
2010,64th Tony Awards,/wiki/64th_Tony_Awards,False,Neil Austin,,Hamlet,https://en.wikipedia.org/wiki/Hamlet,Best Lighting Design for a Play
2010,64th Tony Awards,/wiki/64th_Tony_Awards,True,Neil Austin,,Red,https://en.wikipedia.org/wiki/Red_(play),Best Lighting Design for a Play
2010,64th Tony Awards,/wiki/64th_Tony_Awards,False,Lighting Design for a Play,,Lighting Design for a Play,,Lighting Design for a Play
2010,64th Tony Awards,/wiki/64th_Tony_Awards,False,Brian MacDevitt,https://en.wikipedia.org/wiki/Brian_MacDevitt,Fences,https://en.wikipedia.org/wiki/Fences_(play),Best Lighting Design for a Play
2011,65th Tony Awards,/wiki/65th_Tony_Awards,False,Ken Billington,https://en.wikipedia.org/wiki/Ken_Billington,The Scottsboro Boys,https://en.wikipedia.org/wiki/The_Scottsboro_Boys_(musical),Best Lighting Design for a Musical
2011,65th Tony Awards,/wiki/65th_Tony_Awards,False,Peter Kaczorowski,https://en.wikipedia.org/wiki/Peter_Kaczorowski,Anything Goes,https://en.wikipedia.org/wiki/Anything_Goes,Best Lighting Design for a Musical
2011,65th Tony Awards,/wiki/65th_Tony_Awards,False,Howell Binkley,https://en.wikipedia.org/wiki/Howell_Binkley,How to Succeed in Business Without Really Trying,https://en.wikipedia.org/wiki/How_to_Succeed_in_Business_Without_Really_Trying,Best Lighting Design for a Musical
2011,65th Tony Awards,/wiki/65th_Tony_Awards,True,Brian MacDevitt,https://en.wikipedia.org/wiki/Brian_MacDevitt,The Book of Mormon,https://en.wikipedia.org/wiki/The_Book_of_Mormon_(musical),Best Lighting Design for a Musical
2011,65th Tony Awards,/wiki/65th_Tony_Awards,False,Lighting Design for a Musical,,Lighting Design for a Musical,,Lighting Design for a Musical
2011,65th Tony Awards,/wiki/65th_Tony_Awards,False,Kenneth Posner,https://en.wikipedia.org/wiki/Kenneth_Posner,The Merchant of Venice,https://en.wikipedia.org/wiki/The_Merchant_of_Venice,Best Lighting Design for a Play
2011,65th Tony Awards,/wiki/65th_Tony_Awards,False,David Lander,,Bengal Tiger at the Baghdad Zoo,https://en.wikipedia.org/wiki/Bengal_Tiger_at_the_Baghdad_Zoo,Best Lighting Design for a Play
2011,65th Tony Awards,/wiki/65th_Tony_Awards,True,Paule Constable,https://en.wikipedia.org/wiki/Paule_Constable,War Horse,https://en.wikipedia.org/wiki/War_Horse_(play),Best Lighting Design for a Play
2011,65th Tony Awards,/wiki/65th_Tony_Awards,False,Lighting Design for a Play,,Lighting Design for a Play,,Lighting Design for a Play
2011,65th Tony Awards,/wiki/65th_Tony_Awards,False,Mimi Jordan Sherin,,Jerusalem,https://en.wikipedia.org/wiki/Jerusalem_(play),Best Lighting Design for a Play
2012,66th Tony Awards,/wiki/66th_Tony_Awards,False,Kenneth Posner,https://en.wikipedia.org/wiki/Kenneth_Posner,Other Desert Cities,https://en.wikipedia.org/wiki/Other_Desert_Cities,Best Lighting Design for a Play
2012,66th Tony Awards,/wiki/66th_Tony_Awards,False,Lighting Design for a Play,,Lighting Design for a Play,,Lighting Design for a Play
2012,66th Tony Awards,/wiki/66th_Tony_Awards,True,Jeff Croiter,,Peter and the Starcatcher,https://en.wikipedia.org/wiki/Peter_and_the_Starcatcher_(play),Best Lighting Design for a Play
2012,66th Tony Awards,/wiki/66th_Tony_Awards,False,Peter Kaczorowski,https://en.wikipedia.org/wiki/Peter_Kaczorowski,The Road to Mecca,https://en.wikipedia.org/wiki/The_Road_to_Mecca_(play),Best Lighting Design for a Play
2012,66th Tony Awards,/wiki/66th_Tony_Awards,False,Brian MacDevitt,https://en.wikipedia.org/wiki/Brian_MacDevitt,Death of a Salesman,https://en.wikipedia.org/wiki/Death_of_a_Salesman,Best Lighting Design for a Play
2012,66th Tony Awards,/wiki/66th_Tony_Awards,False,Lighting Design for a Musical,,Lighting Design for a Musical,,Lighting Design for a Musical
2012,66th Tony Awards,/wiki/66th_Tony_Awards,True,Natasha Katz,https://en.wikipedia.org/wiki/Natasha_Katz,Once,https://en.wikipedia.org/wiki/Once_(musical),Best Lighting Design for a Musical
2012,66th Tony Awards,/wiki/66th_Tony_Awards,False,Christopher Akerlind,https://en.wikipedia.org/wiki/Christopher_Akerlind,Porgy and Bess,https://en.wikipedia.org/wiki/Porgy_and_Bess,Best Lighting Design for a Musical
2012,66th Tony Awards,/wiki/66th_Tony_Awards,False,Natasha Katz,https://en.wikipedia.org/wiki/Natasha_Katz,Follies,https://en.wikipedia.org/wiki/Follies,Best Lighting Design for a Musical
2012,66th Tony Awards,/wiki/66th_Tony_Awards,False,Hugh Vanstone,https://en.wikipedia.org/wiki/Hugh_Vanstone,Ghost the Musical,https://en.wikipedia.org/wiki/Ghost_the_Musical,Best Lighting Design for a Musical
2013,67th Tony Awards,/wiki/67th_Tony_Awards,False,Kenneth Posner,https://en.wikipedia.org/wiki/Kenneth_Posner,Kinky Boots,https://en.wikipedia.org/wiki/Kinky_Boots_(musical),Best Lighting Design for a Musical
2013,67th Tony Awards,/wiki/67th_Tony_Awards,True,Hugh Vanstone,https://en.wikipedia.org/wiki/Hugh_Vanstone,Matilda the Musical,https://en.wikipedia.org/wiki/Matilda_the_Musical,Best Lighting Design for a Musical
2013,67th Tony Awards,/wiki/67th_Tony_Awards,False,Kenneth Posner,https://en.wikipedia.org/wiki/Kenneth_Posner,Rodgers and Hammerstein's Cinderella,https://en.wikipedia.org/wiki/Cinderella_(2013_Broadway_production),Best Lighting Design for a Musical
2013,67th Tony Awards,/wiki/67th_Tony_Awards,False,Kenneth Posner,https://en.wikipedia.org/wiki/Kenneth_Posner,Pippin,https://en.wikipedia.org/wiki/Pippin_(musical),Best Lighting Design for a Musical
2013,67th Tony Awards,/wiki/67th_Tony_Awards,False,Lighting Design for a Musical,,Lighting Design for a Musical,,Lighting Design for a Musical
2013,67th Tony Awards,/wiki/67th_Tony_Awards,False,Lighting Design for a Play,,Lighting Design for a Play,,Lighting Design for a Play
2013,67th Tony Awards,/wiki/67th_Tony_Awards,False,Jennifer Tipton,https://en.wikipedia.org/wiki/Jennifer_Tipton,The Testament of Mary,https://en.wikipedia.org/wiki/The_Testament_of_Mary_(play),Best Lighting Design for a Play
2013,67th Tony Awards,/wiki/67th_Tony_Awards,False,Donald Holder,https://en.wikipedia.org/wiki/Donald_Holder,Golden Boy,https://en.wikipedia.org/wiki/Golden_Boy_(play),Best Lighting Design for a Play
2013,67th Tony Awards,/wiki/67th_Tony_Awards,True,Peggy EisenhauerandJules Fisher,https://en.wikipedia.org/wiki/Peggy_Eisenhauer,Lucky Guy,https://en.wikipedia.org/wiki/Lucky_Guy_(play),Best Lighting Design for a Play
2013,67th Tony Awards,/wiki/67th_Tony_Awards,False,Japhy Weideman,,The Nance,https://en.wikipedia.org/wiki/The_Nance,Best Lighting Design for a Play
2014,68th Tony Awards,/wiki/68th_Tony_Awards,False,Howell Binkley,https://en.wikipedia.org/wiki/Howell_Binkley,After Midnight,https://en.wikipedia.org/wiki/After_Midnight_(musical),Best Lighting Design for a Musical
2014,68th Tony Awards,/wiki/68th_Tony_Awards,False,Christopher Akerlind,https://en.wikipedia.org/wiki/Christopher_Akerlind,Rocky the Musical,https://en.wikipedia.org/wiki/Rocky_the_Musical,Best Lighting Design for a Musical
2014,68th Tony Awards,/wiki/68th_Tony_Awards,True,Kevin Adams,https://en.wikipedia.org/wiki/Kevin_Adams,Hedwig and the Angry Inch,https://en.wikipedia.org/wiki/Hedwig_and_the_Angry_Inch_(musical),Best Lighting Design for a Musical
2014,68th Tony Awards,/wiki/68th_Tony_Awards,False,Lighting Design for a Musical,,Lighting Design for a Musical,,Lighting Design for a Musical
2014,68th Tony Awards,/wiki/68th_Tony_Awards,False,Donald Holder,https://en.wikipedia.org/wiki/Donald_Holder,The Bridges of Madison County,https://en.wikipedia.org/wiki/The_Bridges_of_Madison_County_(musical),Best Lighting Design for a Musical
2014,68th Tony Awards,/wiki/68th_Tony_Awards,False,Jane Cox,,Machinal,https://en.wikipedia.org/wiki/Machinal,Best Lighting Design for a Play
2014,68th Tony Awards,/wiki/68th_Tony_Awards,False,Paule Constable,https://en.wikipedia.org/wiki/Paule_Constable,The Cripple of Inishmaan,https://en.wikipedia.org/wiki/The_Cripple_of_Inishmaan,Best Lighting Design for a Play
2014,68th Tony Awards,/wiki/68th_Tony_Awards,True,Natasha Katz,https://en.wikipedia.org/wiki/Natasha_Katz,The Glass Menagerie,https://en.wikipedia.org/wiki/The_Glass_Menagerie,Best Lighting Design for a Play
2014,68th Tony Awards,/wiki/68th_Tony_Awards,False,Lighting Design for a Play,,Lighting Design for a Play,,Lighting Design for a Play
2014,68th Tony Awards,/wiki/68th_Tony_Awards,False,Japhy Weideman,,Of Mice and Men,https://en.wikipedia.org/wiki/Of_Mice_and_Men_(play),Best Lighting Design for a Play
2015,69th Tony Awards,/wiki/69th_Tony_Awards,False,Japhy Weideman,,The Visit,https://en.wikipedia.org/wiki/The_Visit_(musical),Best Lighting Design for a Musical
2015,69th Tony Awards,/wiki/69th_Tony_Awards,False,Ben Stanton,,Fun Home,https://en.wikipedia.org/wiki/Fun_Home_(musical),Best Lighting Design for a Musical
2015,69th Tony Awards,/wiki/69th_Tony_Awards,False,Donald Holder,https://en.wikipedia.org/wiki/Donald_Holder,The King and I,https://en.wikipedia.org/wiki/The_King_and_I,Best Lighting Design for a Musical
2015,69th Tony Awards,/wiki/69th_Tony_Awards,True,Natasha Katz,https://en.wikipedia.org/wiki/Natasha_Katz,An American in Paris,https://en.wikipedia.org/wiki/An_American_in_Paris_(musical),Best Lighting Design for a Musical
2015,69th Tony Awards,/wiki/69th_Tony_Awards,False,Lighting Design for a Musical,,Lighting Design for a Musical,,Lighting Design for a Musical
2015,69th Tony Awards,/wiki/69th_Tony_Awards,False,Japhy Weideman,,Airline Highway,https://en.wikipedia.org/wiki/Airline_Highway_(play),Best Lighting Design for a Play
2015,69th Tony Awards,/wiki/69th_Tony_Awards,False,Paule Constableand David Plater,https://en.wikipedia.org/wiki/Paule_Constable,Wolf Hall Parts One & Two,https://en.wikipedia.org/wiki/Wolf_Hall#Adaptations,Best Lighting Design for a Play
2015,69th Tony Awards,/wiki/69th_Tony_Awards,True,Paule Constable,https://en.wikipedia.org/wiki/Paule_Constable,The Curious Incident of the Dog in the Night-Time,https://en.wikipedia.org/wiki/The_Curious_Incident_of_the_Dog_in_the_Night-Time_(play),Best Lighting Design for a Play
2015,69th Tony Awards,/wiki/69th_Tony_Awards,False,Lighting Design for a Play,,Lighting Design for a Play,,Lighting Design for a Play
2015,69th Tony Awards,/wiki/69th_Tony_Awards,False,Natasha Katz,https://en.wikipedia.org/wiki/Natasha_Katz,Skylight,https://en.wikipedia.org/wiki/Skylight_(play),Best Lighting Design for a Play
2016,70th Tony Awards,/wiki/70th_Tony_Awards,True,Howell Binkley,https://en.wikipedia.org/wiki/Howell_Binkley,Hamilton,https://en.wikipedia.org/wiki/Hamilton_(musical),Best Lighting Design for a Musical
2016,70th Tony Awards,/wiki/70th_Tony_Awards,False,Ben Stanton,,Spring Awakening,https://en.wikipedia.org/wiki/Spring_Awakening_(musical),Best Lighting Design for a Musical
2016,70th Tony Awards,/wiki/70th_Tony_Awards,False,Peggy EisenhauerandJules Fisher,https://en.wikipedia.org/wiki/Peggy_Eisenhauer,Shuffle Along,"https://en.wikipedia.org/wiki/Shuffle_Along,_or,_the_Making_of_the_Musical_Sensation_of_1921_and_All_That_Followed",Best Lighting Design for a Musical
2016,70th Tony Awards,/wiki/70th_Tony_Awards,False,Lighting Design for a Musical,,Lighting Design for a Musical,,Lighting Design for a Musical
2016,70th Tony Awards,/wiki/70th_Tony_Awards,False,Justin Townsend,,American Psycho,https://en.wikipedia.org/wiki/American_Psycho_(musical),Best Lighting Design for a Musical
2016,70th Tony Awards,/wiki/70th_Tony_Awards,False,Jan Versweyveld,https://en.wikipedia.org/wiki/Jan_Versweyveld,A View from the Bridge,https://en.wikipedia.org/wiki/A_View_from_the_Bridge,Best Lighting Design for a Play
2016,70th Tony Awards,/wiki/70th_Tony_Awards,False,Justin Townsend,,The Humans,https://en.wikipedia.org/wiki/The_Humans_(play),Best Lighting Design for a Play
2016,70th Tony Awards,/wiki/70th_Tony_Awards,True,Natasha Katz,https://en.wikipedia.org/wiki/Natasha_Katz,Long Day's Journey into Night,https://en.wikipedia.org/wiki/Long_Day%27s_Journey_into_Night,Best Lighting Design for a Play
2016,70th Tony Awards,/wiki/70th_Tony_Awards,False,Lighting Design for a Play,,Lighting Design for a Play,,Lighting Design for a Play
2016,70th Tony Awards,/wiki/70th_Tony_Awards,False,Jan Versweyveld,https://en.wikipedia.org/wiki/Jan_Versweyveld,The Crucible,https://en.wikipedia.org/wiki/The_Crucible,Best Lighting Design for a Play
2017,71st Tony Awards,/wiki/71st_Tony_Awards,False,Japhy Weideman,,Dear Evan Hansen,https://en.wikipedia.org/wiki/Dear_Evan_Hansen,Best Lighting Design for a Musical
2017,71st Tony Awards,/wiki/71st_Tony_Awards,False,Natasha Katz,https://en.wikipedia.org/wiki/Natasha_Katz,"Hello, Dolly!","https://en.wikipedia.org/wiki/Hello,_Dolly!_(musical)",Best Lighting Design for a Musical
2017,71st Tony Awards,/wiki/71st_Tony_Awards,False,Howell Binkley,https://en.wikipedia.org/wiki/Howell_Binkley,Come from Away,https://en.wikipedia.org/wiki/Come_from_Away,Best Lighting Design for a Musical
2017,71st Tony Awards,/wiki/71st_Tony_Awards,True,Bradley King,https://en.wikipedia.org/wiki/Bradley_King_(lighting_designer),"Natasha, Pierre & The Great Comet of 1812","https://en.wikipedia.org/wiki/Natasha,_Pierre_%26_The_Great_Comet_of_1812",Best Lighting Design for a Musical
2017,71st Tony Awards,/wiki/71st_Tony_Awards,False,Lighting Design for a Musical,,Lighting Design for a Musical,,Lighting Design for a Musical
2017,71st Tony Awards,/wiki/71st_Tony_Awards,False,Donald Holder,https://en.wikipedia.org/wiki/Donald_Holder,Oslo,https://en.wikipedia.org/wiki/Oslo_(play),Best Lighting Design for a Play
2017,71st Tony Awards,/wiki/71st_Tony_Awards,False,Jane Cox,,Jitney,https://en.wikipedia.org/wiki/Jitney_(play),Best Lighting Design for a Play
2017,71st Tony Awards,/wiki/71st_Tony_Awards,True,Christopher Akerlind,https://en.wikipedia.org/wiki/Christopher_Akerlind,Indecent,https://en.wikipedia.org/wiki/Indecent_(play),Best Lighting Design for a Play
2017,71st Tony Awards,/wiki/71st_Tony_Awards,False,Lighting Design for a Play,,Lighting Design for a Play,,Lighting Design for a Play
2017,71st Tony Awards,/wiki/71st_Tony_Awards,False,Jennifer Tipton,https://en.wikipedia.org/wiki/Jennifer_Tipton,"A Doll's House, Part 2","https://en.wikipedia.org/wiki/A_Doll%27s_House,_Part_2",Best Lighting Design for a Play
2018,72nd Tony Awards,/wiki/72nd_Tony_Awards,False,Brian MacDevitt,https://en.wikipedia.org/wiki/Brian_MacDevitt,Carousel,https://en.wikipedia.org/wiki/Carousel_(musical),Best Lighting Design for a Musical
2018,72nd Tony Awards,/wiki/72nd_Tony_Awards,False,Donald Holder,https://en.wikipedia.org/wiki/Donald_Holder,My Fair Lady,https://en.wikipedia.org/wiki/My_Fair_Lady,Best Lighting Design for a Musical
2018,72nd Tony Awards,/wiki/72nd_Tony_Awards,False,Peggy EisenhauerandJules Fisher,https://en.wikipedia.org/wiki/Peggy_Eisenhauer,Once on This Island,https://en.wikipedia.org/wiki/Once_on_This_Island,Best Lighting Design for a Musical
2018,72nd Tony Awards,/wiki/72nd_Tony_Awards,False,Kevin Adams,https://en.wikipedia.org/wiki/Kevin_Adams,SpongeBob SquarePants,https://en.wikipedia.org/wiki/SpongeBob_SquarePants_(musical),Best Lighting Design for a Musical
2018,72nd Tony Awards,/wiki/72nd_Tony_Awards,True,Tyler Micoleau,,The Band's Visit,https://en.wikipedia.org/wiki/The_Band%27s_Visit_(musical),Best Lighting Design for a Musical
2018,72nd Tony Awards,/wiki/72nd_Tony_Awards,False,Lighting Design for a Musical,,Lighting Design for a Musical,,Lighting Design for a Musical
2018,72nd Tony Awards,/wiki/72nd_Tony_Awards,False,Paul Russell,,Farinelli and the King,https://en.wikipedia.org/wiki/Farinelli_and_the_King,Best Lighting Design for a Play
2018,72nd Tony Awards,/wiki/72nd_Tony_Awards,False,Peggy EisenhauerandJules Fisher,https://en.wikipedia.org/wiki/Peggy_Eisenhauer,The Iceman Cometh,https://en.wikipedia.org/wiki/The_Iceman_Cometh,Best Lighting Design for a Play
2018,72nd Tony Awards,/wiki/72nd_Tony_Awards,False,Paule Constable,https://en.wikipedia.org/wiki/Paule_Constable,Angels in America,https://en.wikipedia.org/wiki/Angels_in_America,Best Lighting Design for a Play
2018,72nd Tony Awards,/wiki/72nd_Tony_Awards,True,Neil Austin,,Harry Potter and the Cursed Child,https://en.wikipedia.org/wiki/Harry_Potter_and_the_Cursed_Child,Best Lighting Design for a Play
2018,72nd Tony Awards,/wiki/72nd_Tony_Awards,False,Lighting Design for a Play,,Lighting Design for a Play,,Lighting Design for a Play
2018,72nd Tony Awards,/wiki/72nd_Tony_Awards,False,Ben Stanton,,Junk,https://en.wikipedia.org/wiki/Junk:_The_Golden_Age_of_Debt,Best Lighting Design for a Play
2019,73rd Tony Awards,/wiki/73rd_Tony_Awards,False,Howell Binkley,https://en.wikipedia.org/wiki/Howell_Binkley,Ain’t Too Proud,https://en.wikipedia.org/wiki/Ain%27t_Too_Proud_(musical),Best Lighting Design for a Musical
2019,73rd Tony Awards,/wiki/73rd_Tony_Awards,False,Kevin Adams,https://en.wikipedia.org/wiki/Kevin_Adams,The Cher Show,https://en.wikipedia.org/wiki/The_Cher_Show_(musical),Best Lighting Design for a Musical
2019,73rd Tony Awards,/wiki/73rd_Tony_Awards,True,Bradley King,https://en.wikipedia.org/wiki/Bradley_King_(lighting_designer),Hadestown,https://en.wikipedia.org/wiki/Hadestown_(musical),Best Lighting Design for a Musical
2019,73rd Tony Awards,/wiki/73rd_Tony_Awards,False,Lighting Design for a Musical,,Lighting Design for a Musical,,Lighting Design for a Musical
2019,73rd Tony Awards,/wiki/73rd_Tony_Awards,False,Jan Versweyveldand Tal Yarden,https://en.wikipedia.org/wiki/Jan_Versweyveld,Network,https://en.wikipedia.org/wiki/Network_(play),Best Lighting Design for a Play
2019,73rd Tony Awards,/wiki/73rd_Tony_Awards,False,Peter Mumford,https://en.wikipedia.org/wiki/Peter_Mumford_(lighting_designer),The Ferryman,https://en.wikipedia.org/wiki/The_Ferryman_(play),Best Lighting Design for a Play
2019,73rd Tony Awards,/wiki/73rd_Tony_Awards,False,Jules FisherandPeggy Eisenhauer,https://en.wikipedia.org/wiki/Jules_Fisher,Gary: A Sequel to Titus Andronicus,https://en.wikipedia.org/wiki/Gary:_A_Sequel_to_Titus_Andronicus,Best Lighting Design for a Play
2019,73rd Tony Awards,/wiki/73rd_Tony_Awards,True,Neil Austin,,Ink,https://en.wikipedia.org/wiki/Ink_(play),Best Lighting Design for a Play
2019,73rd Tony Awards,/wiki/73rd_Tony_Awards,False,Lighting Design for a Play,,Lighting Design for a Play,,Lighting Design for a Play
2019,73rd Tony Awards,/wiki/73rd_Tony_Awards,False,Peter Mumford,https://en.wikipedia.org/wiki/Peter_Mumford_(lighting_designer),King Kong,https://en.wikipedia.org/wiki/King_Kong_(2013_musical),Best Lighting Design for a Musical
2019,73rd Tony Awards,/wiki/73rd_Tony_Awards,False,Jennifer Tipton,https://en.wikipedia.org/wiki/Jennifer_Tipton,To Kill a Mockingbird,https://en.wikipedia.org/wiki/To_Kill_a_Mockingbird_(2018_play),Best Lighting Design for a Play
2019,73rd Tony Awards,/wiki/73rd_Tony_Awards,False,Kenneth PosnerandPeter Nigrini,https://en.wikipedia.org/wiki/Kenneth_Posner,Beetlejuice,https://en.wikipedia.org/wiki/Beetlejuice_(musical),Best Lighting Design for a Musical
