year,season,season_link,winner,designer,production,production_link,designer_link
1947,1st Tony Awards,/wiki/1st_Tony_Awards,True,David Folkes,Henry VIII,https://en.wikipedia.org/wiki/Henry_VIII_(play),
1948,2nd Tony Awards,/wiki/2nd_Tony_Awards,True,Horace Armistead,The Medium,https://en.wikipedia.org/wiki/The_Medium,
1949,3rd Tony Awards,/wiki/3rd_Tony_Awards,True,Jo Mielziner,"Anne of the Thousand Days,Death of a Salesman,Sleepy Hollow,South PacificandSummer and Smoke",https://en.wikipedia.org/wiki/Anne_of_the_Thousand_Days,https://en.wikipedia.org/wiki/Jo_Mielziner
1950,4th Tony Awards,/wiki/4th_Tony_Awards,True,Jo Mielziner,The Innocents,https://en.wikipedia.org/wiki/The_Innocents_(play),https://en.wikipedia.org/wiki/Jo_Mielziner
1951,5th Tony Awards,/wiki/5th_Tony_Awards,True,Boris Aronson,"The Country Girl,The Rose TattooandSeason in the Sun",https://en.wikipedia.org/wiki/The_Country_Girl_(1950_play),https://en.wikipedia.org/wiki/Boris_Aronson
1952,6th Tony Awards,/wiki/6th_Tony_Awards,True,Jo Mielziner,The King and I,https://en.wikipedia.org/wiki/The_King_and_I,https://en.wikipedia.org/wiki/Jo_Mielziner
1953,7th Tony Awards,/wiki/7th_Tony_Awards,True,Raoul Penè Du Bois,Wonderful Town,https://en.wikipedia.org/wiki/Wonderful_Town,https://en.wikipedia.org/wiki/Raoul_Pen%C3%A8_Du_Bois
1954,8th Tony Awards,/wiki/8th_Tony_Awards,True,Peter Larkin,OndineandThe Teahouse of the August Moon,https://en.wikipedia.org/wiki/Ondine_(play),
1955,9th Tony Awards,/wiki/9th_Tony_Awards,True,Oliver Messel,House of Flowers,https://en.wikipedia.org/wiki/House_of_Flowers_(musical),https://en.wikipedia.org/wiki/Oliver_Messel
1956,10th Tony Awards,/wiki/10th_Tony_Awards,False,Raymond Sovey,The Great Sebastians,,
1956,10th Tony Awards,/wiki/10th_Tony_Awards,False,Jo Mielziner,"Cat on a Hot Tin Roof,The Lark,Middle of the NightandPipe Dream",https://en.wikipedia.org/wiki/Cat_on_a_Hot_Tin_Roof,https://en.wikipedia.org/wiki/Jo_Mielziner
1956,10th Tony Awards,/wiki/10th_Tony_Awards,False,Boris Aronson,"The Diary of Anne Frank,Bus Stop,Once Upon a TailorandA View from the Bridge",https://en.wikipedia.org/wiki/The_Diary_of_Anne_Frank_(play),https://en.wikipedia.org/wiki/Boris_Aronson
1956,10th Tony Awards,/wiki/10th_Tony_Awards,True,Peter Larkin,Inherit the WindandNo Time for Sergeants,https://en.wikipedia.org/wiki/Inherit_the_Wind_(play),
1956,10th Tony Awards,/wiki/10th_Tony_Awards,False,Ben Edwards,"The Ponder Heart,Someone WaitingandThe Honeys",https://en.wikipedia.org/wiki/The_Ponder_Heart,
1957,11th Tony Awards,/wiki/11th_Tony_Awards,True,Oliver Smith,My Fair Lady,https://en.wikipedia.org/wiki/My_Fair_Lady,https://en.wikipedia.org/wiki/Oliver_Smith_(designer)
1957,11th Tony Awards,/wiki/11th_Tony_Awards,False,Boris Aronson,A Hole in the HeadandSmall War on Murray Hill,https://en.wikipedia.org/wiki/A_Hole_in_the_Head,https://en.wikipedia.org/wiki/Boris_Aronson
1957,11th Tony Awards,/wiki/11th_Tony_Awards,False,Ben Edwards,The Waltz of the Toreadors,https://en.wikipedia.org/wiki/The_Waltz_of_the_Toreadors,
1957,11th Tony Awards,/wiki/11th_Tony_Awards,False,George Jenkins,The Happiest MillionaireandToo Late the Phalarope,https://en.wikipedia.org/wiki/The_Happiest_Millionaire,https://en.wikipedia.org/wiki/George_C._Jenkins
1957,11th Tony Awards,/wiki/11th_Tony_Awards,False,Donald Oenslager,Major Barbara,https://en.wikipedia.org/wiki/Major_Barbara_(play),https://en.wikipedia.org/wiki/Donald_Oenslager
1957,11th Tony Awards,/wiki/11th_Tony_Awards,False,Oliver Smith,"A Clearing in the Woods,Candide,Auntie Mame,EugeniaandVisit to a Small Planet",https://en.wikipedia.org/wiki/Candide_(operetta),https://en.wikipedia.org/wiki/Oliver_Smith_(designer)
1958,12th Tony Awards,/wiki/12th_Tony_Awards,False,Oliver Smith,"Brigadoon,Carousel,Jamaica,Nude with ViolinandTime Remembered",https://en.wikipedia.org/wiki/Brigadoon,https://en.wikipedia.org/wiki/Oliver_Smith_(designer)
1958,12th Tony Awards,/wiki/12th_Tony_Awards,False,Peter Larkin,"Blue Denim,Compulsion,Good as GoldandMiss Isobel",https://en.wikipedia.org/wiki/Blue_Denim,
1958,12th Tony Awards,/wiki/12th_Tony_Awards,False,Jo Mielziner,"Look Homeward, Angel,Miss Lonelyhearts,The Square Root of Wonderful,Oh, Captain!andThe Day the Money Stopped","https://en.wikipedia.org/wiki/Look_Homeward,_Angel_(play)",https://en.wikipedia.org/wiki/Jo_Mielziner
1958,12th Tony Awards,/wiki/12th_Tony_Awards,False,Boris Aronson,"Orpheus Descending,A Hole in the HeadandThe Rope Dancers",https://en.wikipedia.org/wiki/Orpheus_Descending,https://en.wikipedia.org/wiki/Boris_Aronson
1958,12th Tony Awards,/wiki/12th_Tony_Awards,False,Ben Edwards,The Dark at the Top of the Stairs,https://en.wikipedia.org/wiki/The_Dark_at_the_Top_of_the_Stairs,
1958,12th Tony Awards,/wiki/12th_Tony_Awards,True,Oliver Smith,West Side Story,https://en.wikipedia.org/wiki/West_Side_Story_(musical),https://en.wikipedia.org/wiki/Oliver_Smith_(designer)
1959,13th Tony Awards,/wiki/13th_Tony_Awards,True,Donald Oenslager,A Majority of One,https://en.wikipedia.org/wiki/A_Majority_of_One,https://en.wikipedia.org/wiki/Donald_Oenslager
1959,13th Tony Awards,/wiki/13th_Tony_Awards,False,Boris Aronson,J.B.,https://en.wikipedia.org/wiki/J.B._(play),https://en.wikipedia.org/wiki/Boris_Aronson
1959,13th Tony Awards,/wiki/13th_Tony_Awards,False,David R. Ballou,The Legend of Lizzie,,
1959,13th Tony Awards,/wiki/13th_Tony_Awards,False,Ben Edwards,Jane Eyre,https://en.wikipedia.org/wiki/Jane_Eyre,
1959,13th Tony Awards,/wiki/13th_Tony_Awards,False,Oliver Messel,Rashomon,https://en.wikipedia.org/wiki/Rashomon_(play),https://en.wikipedia.org/wiki/Oliver_Messel
1959,13th Tony Awards,/wiki/13th_Tony_Awards,False,Teo Otto,The Visit,https://en.wikipedia.org/wiki/The_Visit_(play),https://en.wikipedia.org/wiki/Teo_Otto
1962,16th Tony Awards,/wiki/16th_Tony_Awards,False,Oliver Smith,The Gay Life,https://en.wikipedia.org/wiki/The_Gay_Life,https://en.wikipedia.org/wiki/Oliver_Smith_(designer)
1962,16th Tony Awards,/wiki/16th_Tony_Awards,False,Rouben Ter-Arutunian,A Passage to India,https://en.wikipedia.org/wiki/A_Passage_to_India,https://en.wikipedia.org/wiki/Rouben_Ter-Arutunian
1962,16th Tony Awards,/wiki/16th_Tony_Awards,True,Will Steven Armstrong,Carnival!,https://en.wikipedia.org/wiki/Carnival!,
1962,16th Tony Awards,/wiki/16th_Tony_Awards,False,David Hays,No Strings,https://en.wikipedia.org/wiki/No_Strings,
1963,17th Tony Awards,/wiki/17th_Tony_Awards,True,Sean Kenny,Oliver!,https://en.wikipedia.org/wiki/Oliver!,https://en.wikipedia.org/wiki/Sean_Kenny_(theatre_designer)
1963,17th Tony Awards,/wiki/17th_Tony_Awards,False,Will Steven Armstrong,Tchin-Tchin,https://en.wikipedia.org/wiki/Tchin-Tchin,
1963,17th Tony Awards,/wiki/17th_Tony_Awards,False,Anthony Powell,The School for Scandal,https://en.wikipedia.org/wiki/The_School_for_Scandal,https://en.wikipedia.org/wiki/Anthony_Powell_(designer)
1963,17th Tony Awards,/wiki/17th_Tony_Awards,False,Franco Zeffirelli,The Lady of the Camellias,https://en.wikipedia.org/wiki/The_Lady_of_the_Camellias,https://en.wikipedia.org/wiki/Franco_Zeffirelli
1964,18th Tony Awards,/wiki/18th_Tony_Awards,True,Oliver Smith,"Hello, Dolly!","https://en.wikipedia.org/wiki/Hello,_Dolly!_(musical)",https://en.wikipedia.org/wiki/Oliver_Smith_(designer)
1964,18th Tony Awards,/wiki/18th_Tony_Awards,False,Raoul Penè Du Bois,The Student Gypsy,,https://en.wikipedia.org/wiki/Raoul_Pen%C3%A8_Du_Bois
1964,18th Tony Awards,/wiki/18th_Tony_Awards,False,Ben Edwards,The Ballad of the Sad Cafe,https://en.wikipedia.org/wiki/The_Ballad_of_the_Sad_Cafe,
1964,18th Tony Awards,/wiki/18th_Tony_Awards,False,David Hays,Marco Millions,,
1965,19th Tony Awards,/wiki/19th_Tony_Awards,False,Beni Montresor,Do I Hear a Waltz?,https://en.wikipedia.org/wiki/Do_I_Hear_a_Waltz%3F,https://en.wikipedia.org/wiki/Beni_Montresor
1965,19th Tony Awards,/wiki/19th_Tony_Awards,True,Oliver Smith,"Baker Street,LuvandThe Odd Couple",https://en.wikipedia.org/wiki/Baker_Street_(musical),https://en.wikipedia.org/wiki/Oliver_Smith_(designer)
1965,19th Tony Awards,/wiki/19th_Tony_Awards,False,Boris Aronson,Fiddler on the RoofandIncident at Vichy,https://en.wikipedia.org/wiki/Fiddler_on_the_Roof,https://en.wikipedia.org/wiki/Boris_Aronson
1965,19th Tony Awards,/wiki/19th_Tony_Awards,False,Sean Kenny,The Roar of the Greasepaint – The Smell of the Crowd,https://en.wikipedia.org/wiki/The_Roar_of_the_Greasepaint_%E2%80%93_The_Smell_of_the_Crowd,https://en.wikipedia.org/wiki/Sean_Kenny_(theatre_designer)
1966,20th Tony Awards,/wiki/20th_Tony_Awards,False,David Hays,Drat! The Cat!,https://en.wikipedia.org/wiki/Drat!_The_Cat!,
1966,20th Tony Awards,/wiki/20th_Tony_Awards,False,Robert Randolph,"Anya,SkyscraperandSweet Charity",https://en.wikipedia.org/wiki/Anya_(musical),
1966,20th Tony Awards,/wiki/20th_Tony_Awards,True,Howard Bay,Man of La Mancha,https://en.wikipedia.org/wiki/Man_of_La_Mancha,https://en.wikipedia.org/wiki/Howard_Bay_(designer)
1966,20th Tony Awards,/wiki/20th_Tony_Awards,False,William and Jean Eckart,Mame,https://en.wikipedia.org/wiki/Mame_(musical),https://en.wikipedia.org/wiki/William_and_Jean_Eckart
1967,21st Tony Awards,/wiki/21st_Tony_Awards,True,Boris Aronson,Cabaret,https://en.wikipedia.org/wiki/Cabaret_(musical),https://en.wikipedia.org/wiki/Boris_Aronson
1967,21st Tony Awards,/wiki/21st_Tony_Awards,False,John Bury,The Homecoming,https://en.wikipedia.org/wiki/The_Homecoming,https://en.wikipedia.org/wiki/John_Bury_(theatre_designer)
1967,21st Tony Awards,/wiki/21st_Tony_Awards,False,Oliver Smith,I Do! I Do!,https://en.wikipedia.org/wiki/I_Do!_I_Do!,https://en.wikipedia.org/wiki/Oliver_Smith_(designer)
1967,21st Tony Awards,/wiki/21st_Tony_Awards,False,Alan Tagg,Black Comedy,https://en.wikipedia.org/wiki/Black_Comedy,
1968,22nd Tony Awards,/wiki/22nd_Tony_Awards,True,Desmond Heeley,Rosencrantz and Guildenstern Are Dead,https://en.wikipedia.org/wiki/Rosencrantz_and_Guildenstern_Are_Dead,https://en.wikipedia.org/wiki/Desmond_Heeley
1968,22nd Tony Awards,/wiki/22nd_Tony_Awards,False,Boris Aronson,The Price,https://en.wikipedia.org/wiki/The_Price_(play),https://en.wikipedia.org/wiki/Boris_Aronson
1968,22nd Tony Awards,/wiki/22nd_Tony_Awards,False,Robert Randolph,Golden Rainbow,https://en.wikipedia.org/wiki/Golden_Rainbow_(musical),
1968,22nd Tony Awards,/wiki/22nd_Tony_Awards,False,Peter Wexler,The Happy Time,https://en.wikipedia.org/wiki/The_Happy_Time_(musical),
1969,23rd Tony Awards,/wiki/23rd_Tony_Awards,False,Jo Mielziner,1776,https://en.wikipedia.org/wiki/1776_(musical),https://en.wikipedia.org/wiki/Jo_Mielziner
1969,23rd Tony Awards,/wiki/23rd_Tony_Awards,False,Oliver Smith,Dear World,https://en.wikipedia.org/wiki/Dear_World,https://en.wikipedia.org/wiki/Oliver_Smith_(designer)
1969,23rd Tony Awards,/wiki/23rd_Tony_Awards,True,Boris Aronson,Zorba,https://en.wikipedia.org/wiki/Zorba_(musical),https://en.wikipedia.org/wiki/Boris_Aronson
1969,23rd Tony Awards,/wiki/23rd_Tony_Awards,False,Derek Cousins,Canterbury Tales,https://en.wikipedia.org/wiki/Canterbury_Tales_(musical),
1970,24th Tony Awards,/wiki/24th_Tony_Awards,True,Jo Mielziner,Child's Play,https://en.wikipedia.org/wiki/Child%27s_Play_(play),https://en.wikipedia.org/wiki/Jo_Mielziner
1970,24th Tony Awards,/wiki/24th_Tony_Awards,False,Howard Bay,Cry for Us All,https://en.wikipedia.org/wiki/Cry_for_Us_All,https://en.wikipedia.org/wiki/Howard_Bay_(designer)
1970,24th Tony Awards,/wiki/24th_Tony_Awards,False,Ming Cho Lee,Billy,https://en.wikipedia.org/wiki/Billy_(musical),https://en.wikipedia.org/wiki/Ming_Cho_Lee
1970,24th Tony Awards,/wiki/24th_Tony_Awards,False,Robert Randolph,Applause,https://en.wikipedia.org/wiki/Applause_(musical),
1971,25th Tony Awards,/wiki/25th_Tony_Awards,True,Boris Aronson,Company,https://en.wikipedia.org/wiki/Company_(musical),https://en.wikipedia.org/wiki/Boris_Aronson
1971,25th Tony Awards,/wiki/25th_Tony_Awards,False,John Bury,The Rothschilds,https://en.wikipedia.org/wiki/The_Rothschilds_(musical),https://en.wikipedia.org/wiki/John_Bury_(theatre_designer)
1971,25th Tony Awards,/wiki/25th_Tony_Awards,False,Sally Jacobs,A Midsummer Night's Dream,https://en.wikipedia.org/wiki/A_Midsummer_Night%27s_Dream,https://en.wikipedia.org/wiki/Sally_Jacobs
1971,25th Tony Awards,/wiki/25th_Tony_Awards,False,Jo Mielziner,Father's Day,,https://en.wikipedia.org/wiki/Jo_Mielziner
1972,26th Tony Awards,/wiki/26th_Tony_Awards,True,Boris Aronson,Follies,https://en.wikipedia.org/wiki/Follies,https://en.wikipedia.org/wiki/Boris_Aronson
1972,26th Tony Awards,/wiki/26th_Tony_Awards,False,John Bury,Old Times,https://en.wikipedia.org/wiki/Old_Times,https://en.wikipedia.org/wiki/John_Bury_(theatre_designer)
1972,26th Tony Awards,/wiki/26th_Tony_Awards,False,Kert Lundell,Ain't Supposed to Die a Natural Death,https://en.wikipedia.org/wiki/Ain%27t_Supposed_to_Die_a_Natural_Death,
1972,26th Tony Awards,/wiki/26th_Tony_Awards,False,Robin Wagner,Jesus Christ Superstar,https://en.wikipedia.org/wiki/Jesus_Christ_Superstar,https://en.wikipedia.org/wiki/Robin_Wagner_(designer)
1973,27th Tony Awards,/wiki/27th_Tony_Awards,False,Santo Loquasto,That Championship Season,https://en.wikipedia.org/wiki/That_Championship_Season,https://en.wikipedia.org/wiki/Santo_Loquasto
1973,27th Tony Awards,/wiki/27th_Tony_Awards,False,David Jenkins,The Changing Room,https://en.wikipedia.org/wiki/The_Changing_Room,
1973,27th Tony Awards,/wiki/27th_Tony_Awards,True,Tony Walton,Pippin,https://en.wikipedia.org/wiki/Pippin_(musical),https://en.wikipedia.org/wiki/Tony_Walton
1973,27th Tony Awards,/wiki/27th_Tony_Awards,False,Boris Aronson,A Little Night Music,https://en.wikipedia.org/wiki/A_Little_Night_Music,https://en.wikipedia.org/wiki/Boris_Aronson
1974,28th Tony Awards,/wiki/28th_Tony_Awards,True,Eugene LeeandFranne Lee,Candide,https://en.wikipedia.org/wiki/Candide_(operetta),https://en.wikipedia.org/wiki/Eugene_Lee_(designer)
1974,28th Tony Awards,/wiki/28th_Tony_Awards,False,John Conklin,The Au Pair Man,,https://en.wikipedia.org/wiki/John_Conklin
1974,28th Tony Awards,/wiki/28th_Tony_Awards,False,Santo Loquasto,What the Wine-Sellers Buy,,https://en.wikipedia.org/wiki/Santo_Loquasto
1974,28th Tony Awards,/wiki/28th_Tony_Awards,False,Oliver Smith,Gigi,https://en.wikipedia.org/wiki/Gigi_(musical),https://en.wikipedia.org/wiki/Oliver_Smith_(designer)
1974,28th Tony Awards,/wiki/28th_Tony_Awards,False,Ed Wittstein,Ulysses in Nighttown,https://en.wikipedia.org/wiki/Ulysses_in_Nighttown,
1975,29th Tony Awards,/wiki/29th_Tony_Awards,False,Robin Wagner,Mack and Mabel,https://en.wikipedia.org/wiki/Mack_and_Mabel,https://en.wikipedia.org/wiki/Robin_Wagner_(designer)
1975,29th Tony Awards,/wiki/29th_Tony_Awards,True,Carl Toms,Sherlock Holmes,https://en.wikipedia.org/wiki/Sherlock_Holmes,https://en.wikipedia.org/wiki/Carl_Toms
1975,29th Tony Awards,/wiki/29th_Tony_Awards,False,Scott Johnson,Dance With Me,https://en.wikipedia.org/wiki/Dance_With_Me_(musical),
1975,29th Tony Awards,/wiki/29th_Tony_Awards,False,Tanya Moiseiwitsch,The Misanthrope,https://en.wikipedia.org/wiki/The_Misanthrope,https://en.wikipedia.org/wiki/Tanya_Moiseiwitsch
1975,29th Tony Awards,/wiki/29th_Tony_Awards,False,William Ritman,God's Favorite,https://en.wikipedia.org/wiki/God%27s_Favorite,
1975,29th Tony Awards,/wiki/29th_Tony_Awards,False,Rouben Ter-Arutunian,Goodtime Charley,https://en.wikipedia.org/wiki/Goodtime_Charley,https://en.wikipedia.org/wiki/Rouben_Ter-Arutunian
1976,30th Tony Awards,/wiki/30th_Tony_Awards,False,Tony Walton,Chicago,https://en.wikipedia.org/wiki/Chicago_(musical),https://en.wikipedia.org/wiki/Tony_Walton
1976,30th Tony Awards,/wiki/30th_Tony_Awards,False,David Mitchell,Trelawny of the 'Wells',https://en.wikipedia.org/wiki/Trelawny_of_the_%27Wells%27,
1976,30th Tony Awards,/wiki/30th_Tony_Awards,True,Boris Aronson,Pacific Overtures,https://en.wikipedia.org/wiki/Pacific_Overtures,https://en.wikipedia.org/wiki/Boris_Aronson
1976,30th Tony Awards,/wiki/30th_Tony_Awards,False,Ben Edwards,A Matter of Gravity,https://en.wikipedia.org/wiki/A_Matter_of_Gravity,
1977,31st Tony Awards,/wiki/31st_Tony_Awards,True,David Mitchell,Annie,https://en.wikipedia.org/wiki/Annie_(musical),
1977,31st Tony Awards,/wiki/31st_Tony_Awards,False,Santo Loquasto,American BuffaloandThe Cherry Orchard,https://en.wikipedia.org/wiki/American_Buffalo_(play),https://en.wikipedia.org/wiki/Santo_Loquasto
1977,31st Tony Awards,/wiki/31st_Tony_Awards,False,Robert Randolph,Porgy and Bess,https://en.wikipedia.org/wiki/Porgy_and_Bess,
1978,32nd Tony Awards,/wiki/32nd_Tony_Awards,False,Edward Gorey,Dracula,https://en.wikipedia.org/wiki/Dracula_(1924_play),https://en.wikipedia.org/wiki/Edward_Gorey
1978,32nd Tony Awards,/wiki/32nd_Tony_Awards,True,Robin Wagner,On the Twentieth Century,https://en.wikipedia.org/wiki/On_the_Twentieth_Century,https://en.wikipedia.org/wiki/Robin_Wagner_(designer)
1978,32nd Tony Awards,/wiki/32nd_Tony_Awards,False,Zack Brown,The Importance of Being Earnest,https://en.wikipedia.org/wiki/The_Importance_of_Being_Earnest,
1978,32nd Tony Awards,/wiki/32nd_Tony_Awards,False,David Mitchell,Working,https://en.wikipedia.org/wiki/Working_(musical),
1979,33rd Tony Awards,/wiki/33rd_Tony_Awards,False,John Wulp,The Crucifer of Blood,https://en.wikipedia.org/wiki/The_Crucifer_of_Blood,https://en.wikipedia.org/wiki/John_Wulp
1979,33rd Tony Awards,/wiki/33rd_Tony_Awards,False,David Jenkins,The Elephant Man,https://en.wikipedia.org/wiki/The_Elephant_Man_(play),
1979,33rd Tony Awards,/wiki/33rd_Tony_Awards,True,Eugene Lee,Sweeney Todd: The Demon Barber of Fleet Street,https://en.wikipedia.org/wiki/Sweeney_Todd:_The_Demon_Barber_of_Fleet_Street,https://en.wikipedia.org/wiki/Eugene_Lee_(designer)
1979,33rd Tony Awards,/wiki/33rd_Tony_Awards,False,Karl Eigsti,Knockout,,
1980,34th Tony Awards,/wiki/34th_Tony_Awards,True,John Lee Beatty,Talley's Folly,https://en.wikipedia.org/wiki/Talley%27s_Folly,https://en.wikipedia.org/wiki/John_Lee_Beatty
1980,34th Tony Awards,/wiki/34th_Tony_Awards,True,David Mitchell,Barnum,https://en.wikipedia.org/wiki/Barnum_(musical),
1980,34th Tony Awards,/wiki/34th_Tony_Awards,False,Tazeena Firth andTimothy O'Brien,Evita,https://en.wikipedia.org/wiki/Evita_(musical),https://en.wikipedia.org/wiki/Timothy_O%27Brien_(theatre_designer)
1980,34th Tony Awards,/wiki/34th_Tony_Awards,False,Tony Walton,A Day in Hollywood / A Night in the Ukraine,https://en.wikipedia.org/wiki/A_Day_in_Hollywood_/_A_Night_in_the_Ukraine,https://en.wikipedia.org/wiki/Tony_Walton
1981,35th Tony Awards,/wiki/35th_Tony_Awards,True,John Bury,Amadeus,https://en.wikipedia.org/wiki/Amadeus_(play),https://en.wikipedia.org/wiki/John_Bury_(theatre_designer)
1981,35th Tony Awards,/wiki/35th_Tony_Awards,False,John Lee Beatty,Fifth of July,https://en.wikipedia.org/wiki/Fifth_of_July,https://en.wikipedia.org/wiki/John_Lee_Beatty
1981,35th Tony Awards,/wiki/35th_Tony_Awards,False,Santo Loquasto,The Suicide,https://en.wikipedia.org/wiki/The_Suicide_(play),https://en.wikipedia.org/wiki/Santo_Loquasto
1981,35th Tony Awards,/wiki/35th_Tony_Awards,False,David Mitchell,Can-Can,https://en.wikipedia.org/wiki/Can-Can_(musical),
1982,36th Tony Awards,/wiki/36th_Tony_Awards,True,Dermot Hayes andJohn Napier,The Life and Adventures of Nicholas Nickleby,https://en.wikipedia.org/wiki/The_Life_and_Adventures_of_Nicholas_Nickleby_(play),https://en.wikipedia.org/wiki/John_Napier_(designer)
1982,36th Tony Awards,/wiki/36th_Tony_Awards,False,Ben Edwards,Medea,https://en.wikipedia.org/wiki/Medea_(play),
1982,36th Tony Awards,/wiki/36th_Tony_Awards,False,Lawrence Miller,Nine,https://en.wikipedia.org/wiki/Nine_(musical),
1982,36th Tony Awards,/wiki/36th_Tony_Awards,False,Robin Wagner,Dreamgirls,https://en.wikipedia.org/wiki/Dreamgirls_(musical),https://en.wikipedia.org/wiki/Robin_Wagner_(designer)
1983,37th Tony Awards,/wiki/37th_Tony_Awards,False,John Napier,Cats,https://en.wikipedia.org/wiki/Cats_(musical),https://en.wikipedia.org/wiki/John_Napier_(designer)
1983,37th Tony Awards,/wiki/37th_Tony_Awards,False,David Mitchell,Foxfire,https://en.wikipedia.org/wiki/Foxfire_(play),
1983,37th Tony Awards,/wiki/37th_Tony_Awards,True,Ming Cho Lee,K2,https://en.wikipedia.org/wiki/K2_(film),https://en.wikipedia.org/wiki/Ming_Cho_Lee
1983,37th Tony Awards,/wiki/37th_Tony_Awards,False,John Gunter,All's Well That Ends Well,https://en.wikipedia.org/wiki/All%27s_Well_That_Ends_Well,
1984,38th Tony Awards,/wiki/38th_Tony_Awards,True,Tony Straiges,Sunday in the Park with George,https://en.wikipedia.org/wiki/Sunday_in_the_Park_with_George,https://en.wikipedia.org/wiki/Tony_Straiges
1984,38th Tony Awards,/wiki/38th_Tony_Awards,False,Clarke Dunham,End of the World,,
1984,38th Tony Awards,/wiki/38th_Tony_Awards,False,Peter Larkin,The Rink,https://en.wikipedia.org/wiki/The_Rink_(musical),
1984,38th Tony Awards,/wiki/38th_Tony_Awards,False,Tony Walton,The Real Thing,https://en.wikipedia.org/wiki/The_Real_Thing_(play),https://en.wikipedia.org/wiki/Tony_Walton
1985,39th Tony Awards,/wiki/39th_Tony_Awards,True,Heidi Landesman,Big River,https://en.wikipedia.org/wiki/Big_River_(musical),https://en.wikipedia.org/wiki/Heidi_Landesman
1985,39th Tony Awards,/wiki/39th_Tony_Awards,False,Clarke Dunham,Grind,https://en.wikipedia.org/wiki/Grind_(musical),
1985,39th Tony Awards,/wiki/39th_Tony_Awards,False,Ralph Koltai,Much Ado About Nothing,https://en.wikipedia.org/wiki/Much_Ado_About_Nothing,https://en.wikipedia.org/wiki/Ralph_Koltai
1985,39th Tony Awards,/wiki/39th_Tony_Awards,False,Voytekand Michael Levine,Strange Interlude,https://en.wikipedia.org/wiki/Strange_Interlude,https://en.wikipedia.org/wiki/Voytek_(producer)
1986,40th Tony Awards,/wiki/40th_Tony_Awards,False,Beni Montresor,The Marriage of Figaro,https://en.wikipedia.org/wiki/The_Marriage_of_Figaro,https://en.wikipedia.org/wiki/Beni_Montresor
1986,40th Tony Awards,/wiki/40th_Tony_Awards,False,David Mitchell,The Boys in Winter,,
1986,40th Tony Awards,/wiki/40th_Tony_Awards,True,Tony Walton,The House of Blue Leaves,https://en.wikipedia.org/wiki/The_House_of_Blue_Leaves,https://en.wikipedia.org/wiki/Tony_Walton
1986,40th Tony Awards,/wiki/40th_Tony_Awards,False,Ben Edwards,The Iceman Cometh,https://en.wikipedia.org/wiki/The_Iceman_Cometh,
1987,41st Tony Awards,/wiki/41st_Tony_Awards,True,John Napier,Les Misérables,https://en.wikipedia.org/wiki/Les_Mis%C3%A9rables_(musical),https://en.wikipedia.org/wiki/John_Napier_(designer)
1987,41st Tony Awards,/wiki/41st_Tony_Awards,False,Bob Crowley,Les Liaisons Dangereuses,https://en.wikipedia.org/wiki/Les_liaisons_dangereuses_(play),https://en.wikipedia.org/wiki/Bob_Crowley
1987,41st Tony Awards,/wiki/41st_Tony_Awards,False,Martin Johns,Me and My Girl,https://en.wikipedia.org/wiki/Me_and_My_Girl,https://en.wikipedia.org/w/index.php?title=Martin_Johns_(set_designer)&action=edit&redlink=1
1987,41st Tony Awards,/wiki/41st_Tony_Awards,False,Tony Walton,The Front Page,https://en.wikipedia.org/wiki/The_Front_Page,https://en.wikipedia.org/wiki/Tony_Walton
1988,42nd Tony Awards,/wiki/42nd_Tony_Awards,False,Tony Walton,Anything Goes,https://en.wikipedia.org/wiki/Anything_Goes,https://en.wikipedia.org/wiki/Tony_Walton
1988,42nd Tony Awards,/wiki/42nd_Tony_Awards,True,Maria Björnson,The Phantom of the Opera,https://en.wikipedia.org/wiki/The_Phantom_of_the_Opera_(1986_musical),https://en.wikipedia.org/wiki/Maria_Bj%C3%B6rnson
1988,42nd Tony Awards,/wiki/42nd_Tony_Awards,False,Eiko Ishioka,M. Butterfly,https://en.wikipedia.org/wiki/M._Butterfly,https://en.wikipedia.org/wiki/Eiko_Ishioka
1988,42nd Tony Awards,/wiki/42nd_Tony_Awards,False,Tony Straiges,Into the Woods,https://en.wikipedia.org/wiki/Into_the_Woods,https://en.wikipedia.org/wiki/Tony_Straiges
1989,43rd Tony Awards,/wiki/43rd_Tony_Awards,False,Tony Walton,Lend Me a Tenor,https://en.wikipedia.org/wiki/Lend_Me_a_Tenor,https://en.wikipedia.org/wiki/Tony_Walton
1989,43rd Tony Awards,/wiki/43rd_Tony_Awards,False,Héctor Orezzoli and Claudio Segovia,Black and Blue,https://en.wikipedia.org/wiki/Black_and_Blue_(musical),
1989,43rd Tony Awards,/wiki/43rd_Tony_Awards,True,Santo Loquasto,Cafe Crown,https://en.wikipedia.org/wiki/Cafe_Crown,https://en.wikipedia.org/wiki/Santo_Loquasto
1989,43rd Tony Awards,/wiki/43rd_Tony_Awards,False,Thomas Lynch,The Heidi Chronicles,https://en.wikipedia.org/wiki/The_Heidi_Chronicles,
1990,44th Tony Awards,/wiki/44th_Tony_Awards,False,Tony Walton,Grand Hotel,https://en.wikipedia.org/wiki/Grand_Hotel_(musical),https://en.wikipedia.org/wiki/Tony_Walton
1990,44th Tony Awards,/wiki/44th_Tony_Awards,True,Robin Wagner,City of Angels,https://en.wikipedia.org/wiki/City_of_Angels_(musical),https://en.wikipedia.org/wiki/Robin_Wagner_(designer)
1990,44th Tony Awards,/wiki/44th_Tony_Awards,False,Alexandra Byrne,Some Americans Abroad,,https://en.wikipedia.org/wiki/Alexandra_Byrne
1990,44th Tony Awards,/wiki/44th_Tony_Awards,False,Kevin Rigdon,The Grapes of Wrath,https://en.wikipedia.org/wiki/The_Grapes_of_Wrath,https://en.wikipedia.org/wiki/Kevin_Rigdon
1991,45th Tony Awards,/wiki/45th_Tony_Awards,False,John Napier,Miss Saigon,https://en.wikipedia.org/wiki/Miss_Saigon,https://en.wikipedia.org/wiki/John_Napier_(designer)
1991,45th Tony Awards,/wiki/45th_Tony_Awards,False,Tony Walton,The Will Rogers Follies,https://en.wikipedia.org/wiki/The_Will_Rogers_Follies,https://en.wikipedia.org/wiki/Tony_Walton
1991,45th Tony Awards,/wiki/45th_Tony_Awards,True,Heidi Landesman,The Secret Garden,https://en.wikipedia.org/wiki/The_Secret_Garden_(musical),https://en.wikipedia.org/wiki/Heidi_Landesman
1991,45th Tony Awards,/wiki/45th_Tony_Awards,False,Richard Hudson,La Bête,https://en.wikipedia.org/wiki/La_B%C3%AAte_(play),https://en.wikipedia.org/wiki/Richard_Hudson_(stage_designer)
1992,46th Tony Awards,/wiki/46th_Tony_Awards,False,Robert Wagner,Jelly's Last Jam,https://en.wikipedia.org/wiki/Jelly%27s_Last_Jam,https://en.wikipedia.org/wiki/Robin_Wagner_(designer)
1992,46th Tony Awards,/wiki/46th_Tony_Awards,False,Joe Vaněk,Dancing at Lughnasa,https://en.wikipedia.org/wiki/Dancing_at_Lughnasa,https://en.wikipedia.org/wiki/Joe_Van%C4%9Bk
1992,46th Tony Awards,/wiki/46th_Tony_Awards,False,John Lee Beatty,A Small Family Business,https://en.wikipedia.org/wiki/A_Small_Family_Business,https://en.wikipedia.org/wiki/John_Lee_Beatty
1992,46th Tony Awards,/wiki/46th_Tony_Awards,True,Tony Walton,Guys and Dolls,https://en.wikipedia.org/wiki/Guys_and_Dolls_(musical),https://en.wikipedia.org/wiki/Tony_Walton
1993,47th Tony Awards,/wiki/47th_Tony_Awards,True,John Arnone,The Who's Tommy,https://en.wikipedia.org/wiki/The_Who%27s_Tommy,https://en.wikipedia.org/wiki/John_Arnone
1993,47th Tony Awards,/wiki/47th_Tony_Awards,False,John Lee Beatty,Redwood Curtain,https://en.wikipedia.org/wiki/Redwood_Curtain,https://en.wikipedia.org/wiki/John_Lee_Beatty
1993,47th Tony Awards,/wiki/47th_Tony_Awards,False,Jerome Sirlin,Kiss of the Spiderwoman,https://en.wikipedia.org/wiki/Kiss_of_the_Spider_Woman_(musical),
1993,47th Tony Awards,/wiki/47th_Tony_Awards,False,Robin Wagner,Angels in America: Millennium Approaches,https://en.wikipedia.org/wiki/Angels_in_America:_A_Gay_Fantasia_on_National_Themes,https://en.wikipedia.org/wiki/Robin_Wagner_(designer)
1994,48th Tony Awards,/wiki/48th_Tony_Awards,True,Bob Crowley,Carousel,https://en.wikipedia.org/wiki/Carousel_(musical),https://en.wikipedia.org/wiki/Bob_Crowley
1994,48th Tony Awards,/wiki/48th_Tony_Awards,False,Peter J. Davidson,Medea,https://en.wikipedia.org/wiki/Medea_(play),
1994,48th Tony Awards,/wiki/48th_Tony_Awards,False,Ian MacNeil,An Inspector Calls,https://en.wikipedia.org/wiki/An_Inspector_Calls,https://en.wikipedia.org/wiki/Ian_MacNeil_(stage_designer)
1994,48th Tony Awards,/wiki/48th_Tony_Awards,False,Tony Walton,She Loves Me,https://en.wikipedia.org/wiki/She_Loves_Me,https://en.wikipedia.org/wiki/Tony_Walton
1995,49th Tony Awards,/wiki/49th_Tony_Awards,False,Mark Thompson,Arcadia,https://en.wikipedia.org/wiki/Arcadia_(play),
1995,49th Tony Awards,/wiki/49th_Tony_Awards,False,Stephen Brimson Lewis,Indiscretions,https://en.wikipedia.org/wiki/Les_Parents_terribles,https://en.wikipedia.org/wiki/Stephen_Brimson_Lewis
1995,49th Tony Awards,/wiki/49th_Tony_Awards,True,John Napier,Sunset Boulevard,https://en.wikipedia.org/wiki/Sunset_Boulevard,https://en.wikipedia.org/wiki/John_Napier_(designer)
1995,49th Tony Awards,/wiki/49th_Tony_Awards,False,John Lee Beatty,The Heiress,https://en.wikipedia.org/wiki/The_Heiress_(1947_play),https://en.wikipedia.org/wiki/John_Lee_Beatty
1996,50th Tony Awards,/wiki/50th_Tony_Awards,True,Brian Thomson,The King and I,https://en.wikipedia.org/wiki/The_King_and_I,https://en.wikipedia.org/wiki/Brian_Thomson_(scenic_designer)
1996,50th Tony Awards,/wiki/50th_Tony_Awards,False,John Lee Beatty,A Delicate Balance,https://en.wikipedia.org/wiki/A_Delicate_Balance_(play),https://en.wikipedia.org/wiki/John_Lee_Beatty
1996,50th Tony Awards,/wiki/50th_Tony_Awards,False,Scott Bradley,Seven Guitars,https://en.wikipedia.org/wiki/Seven_Guitars,
1996,50th Tony Awards,/wiki/50th_Tony_Awards,False,Anthony Ward,A Midsummer Night's Dream,https://en.wikipedia.org/wiki/A_Midsummer_Night%27s_Dream,https://en.wikipedia.org/wiki/Anthony_Ward
1997,51st Tony Awards,/wiki/51st_Tony_Awards,True,Stewart Laing,Titanic,https://en.wikipedia.org/wiki/Titanic_(musical),https://en.wikipedia.org/wiki/Stewart_Laing
1997,51st Tony Awards,/wiki/51st_Tony_Awards,False,John Lee Beatty,The Little Foxes,https://en.wikipedia.org/wiki/The_Little_Foxes,https://en.wikipedia.org/wiki/John_Lee_Beatty
1997,51st Tony Awards,/wiki/51st_Tony_Awards,False,G.W. Mercier andJulie Taymor,Juan Darién,https://en.wikipedia.org/wiki/Juan_Dari%C3%A9n:_A_Carnival_Mass_(score),https://en.wikipedia.org/wiki/Julie_Taymor
1997,51st Tony Awards,/wiki/51st_Tony_Awards,False,Tony Walton,Steel Pier,https://en.wikipedia.org/wiki/Steel_Pier,https://en.wikipedia.org/wiki/Tony_Walton
1998,52nd Tony Awards,/wiki/52nd_Tony_Awards,False,Eugene Lee,Ragtime,https://en.wikipedia.org/wiki/Ragtime_(musical),https://en.wikipedia.org/wiki/Eugene_Lee_(designer)
1998,52nd Tony Awards,/wiki/52nd_Tony_Awards,False,Quay Brothers,The Chairs,https://en.wikipedia.org/wiki/The_Chairs,https://en.wikipedia.org/wiki/Quay_Brothers
1998,52nd Tony Awards,/wiki/52nd_Tony_Awards,False,Bob Crowley,The Capeman,https://en.wikipedia.org/wiki/The_Capeman,https://en.wikipedia.org/wiki/Bob_Crowley
1998,52nd Tony Awards,/wiki/52nd_Tony_Awards,True,Richard Hudson,The Lion King,https://en.wikipedia.org/wiki/The_Lion_King_(musical),https://en.wikipedia.org/wiki/Richard_Hudson_(stage_designer)
1999,53rd Tony Awards,/wiki/53rd_Tony_Awards,True,Richard Hoover,Not About Nightingales,https://en.wikipedia.org/wiki/Not_About_Nightingales,
1999,53rd Tony Awards,/wiki/53rd_Tony_Awards,False,Bob Crowley,The Iceman Cometh,https://en.wikipedia.org/wiki/The_Iceman_Cometh,https://en.wikipedia.org/wiki/Bob_Crowley
1999,53rd Tony Awards,/wiki/53rd_Tony_Awards,False,Bob Crowley,Twelfth Night,https://en.wikipedia.org/wiki/Twelfth_Night,https://en.wikipedia.org/wiki/Bob_Crowley
1999,53rd Tony Awards,/wiki/53rd_Tony_Awards,False,Ricardo Hernández,Parade,https://en.wikipedia.org/wiki/Parade_(musical),
2000,54th Tony Awards,/wiki/54th_Tony_Awards,False,Tony Walton,Uncle Vanya,https://en.wikipedia.org/wiki/Uncle_Vanya,https://en.wikipedia.org/wiki/Tony_Walton
2000,54th Tony Awards,/wiki/54th_Tony_Awards,True,Bob Crowley,Aida,https://en.wikipedia.org/wiki/Aida_(musical),https://en.wikipedia.org/wiki/Bob_Crowley
2000,54th Tony Awards,/wiki/54th_Tony_Awards,False,Thomas Lynch,The Music Man,https://en.wikipedia.org/wiki/The_Music_Man,
2000,54th Tony Awards,/wiki/54th_Tony_Awards,False,Robin Wagner,"Kiss Me, Kate","https://en.wikipedia.org/wiki/Kiss_Me,_Kate",https://en.wikipedia.org/wiki/Robin_Wagner_(designer)
2001,55th Tony Awards,/wiki/55th_Tony_Awards,True,Robin Wagner,The Producers,https://en.wikipedia.org/wiki/The_Producers_(musical),https://en.wikipedia.org/wiki/Robin_Wagner_(designer)
2001,55th Tony Awards,/wiki/55th_Tony_Awards,False,Bob Crowley,The Invention of Love,https://en.wikipedia.org/wiki/The_Invention_of_Love,https://en.wikipedia.org/wiki/Bob_Crowley
2001,55th Tony Awards,/wiki/55th_Tony_Awards,False,Heidi Ettinger,The Adventures of Tom Sawyer,https://en.wikipedia.org/wiki/The_Adventures_of_Tom_Sawyer,https://en.wikipedia.org/wiki/Heidi_Ettinger
2001,55th Tony Awards,/wiki/55th_Tony_Awards,False,Douglas W. Schmidt,42nd Street,https://en.wikipedia.org/wiki/42nd_Street_(musical),
2002,56th Tony Awards,/wiki/56th_Tony_Awards,False,Daniel Ostling,Metamorphoses,https://en.wikipedia.org/wiki/Metamorphoses_(play),
2002,56th Tony Awards,/wiki/56th_Tony_Awards,False,Douglas W. Schmidt,Into the Woods,https://en.wikipedia.org/wiki/Into_the_Woods,
2002,56th Tony Awards,/wiki/56th_Tony_Awards,True,Tim Hatley,Private Lives,https://en.wikipedia.org/wiki/Private_Lives,https://en.wikipedia.org/wiki/Tim_Hatley
2002,56th Tony Awards,/wiki/56th_Tony_Awards,False,John Lee Beatty,Morning's at Seven,https://en.wikipedia.org/wiki/Morning%27s_at_Seven,https://en.wikipedia.org/wiki/John_Lee_Beatty
2003,57th Tony Awards,/wiki/57th_Tony_Awards,False,Santo Loquasto,Long Day's Journey into Night,https://en.wikipedia.org/wiki/Long_Day%27s_Journey_into_Night,https://en.wikipedia.org/wiki/Santo_Loquasto
2003,57th Tony Awards,/wiki/57th_Tony_Awards,False,David Rockwell,Hairspray,https://en.wikipedia.org/wiki/Hairspray_(musical),https://en.wikipedia.org/wiki/David_Rockwell
2003,57th Tony Awards,/wiki/57th_Tony_Awards,True,Catherine Martin,La bohème,https://en.wikipedia.org/wiki/La_boh%C3%A8me,https://en.wikipedia.org/wiki/Catherine_Martin_(designer)
2003,57th Tony Awards,/wiki/57th_Tony_Awards,False,John Lee Beatty,Dinner at Eight,https://en.wikipedia.org/wiki/Dinner_at_Eight_(play),https://en.wikipedia.org/wiki/John_Lee_Beatty
2004,58th Tony Awards,/wiki/58th_Tony_Awards,False,Robert Brill,Assassins,https://en.wikipedia.org/wiki/Assassins_(musical),
2004,58th Tony Awards,/wiki/58th_Tony_Awards,False,Ralph Funicello,"Henry IV, Part 1andPart 2","https://en.wikipedia.org/wiki/Henry_IV,_Part_1",
2004,58th Tony Awards,/wiki/58th_Tony_Awards,True,Eugene Lee,Wicked,https://en.wikipedia.org/wiki/Wicked_(musical),https://en.wikipedia.org/wiki/Eugene_Lee_(designer)
2004,58th Tony Awards,/wiki/58th_Tony_Awards,False,Tom Pye,Fiddler on the Roof,https://en.wikipedia.org/wiki/Fiddler_on_the_Roof,
