year,season,season_link,winner,musical,musical_link,music,music_link,lyrics,lyrics_link
1947,1st Tony Awards,/wiki/1st_Tony_Awards,True,Street Scene,https://en.wikipedia.org/wiki/Street_Scene_(opera),Kurt Weill,https://en.wikipedia.org/wiki/Kurt_Weill,Langston Hughes,https://en.wikipedia.org/wiki/Langston_Hughes
1949,3rd Tony Awards,/wiki/3rd_Tony_Awards,True,"Kiss Me, Kate","https://en.wikipedia.org/wiki/Kiss_Me,_Kate",Cole Porter,https://en.wikipedia.org/wiki/Cole_Porter,Cole Porter,https://en.wikipedia.org/wiki/Cole_Porter
1950,4th Tony Awards,/wiki/4th_Tony_Awards,True,South Pacific,https://en.wikipedia.org/wiki/South_Pacific_(musical),Richard Rodgers,https://en.wikipedia.org/wiki/Richard_Rodgers,Oscar Hammerstein II,https://en.wikipedia.org/wiki/Oscar_Hammerstein_II
1951,5th Tony Awards,/wiki/5th_Tony_Awards,True,Call Me Madam,https://en.wikipedia.org/wiki/Call_Me_Madam,Irving Berlin,https://en.wikipedia.org/wiki/Irving_Berlin,Irving Berlin,https://en.wikipedia.org/wiki/Irving_Berlin
1962,16th Tony Awards,/wiki/16th_Tony_Awards,True,No Strings,https://en.wikipedia.org/wiki/No_Strings,Richard Rodgers,https://en.wikipedia.org/wiki/Richard_Rodgers,Richard Rodgers,https://en.wikipedia.org/wiki/Richard_Rodgers
1962,16th Tony Awards,/wiki/16th_Tony_Awards,False,How to Succeed in Business Without Really Trying,https://en.wikipedia.org/wiki/How_to_Succeed_in_Business_Without_Really_Trying_(musical),Frank Loesser,https://en.wikipedia.org/wiki/Frank_Loesser,Frank Loesser,https://en.wikipedia.org/wiki/Frank_Loesser
1962,16th Tony Awards,/wiki/16th_Tony_Awards,False,Kwamina,https://en.wikipedia.org/wiki/Kwamina_(musical),Richard Adler,https://en.wikipedia.org/wiki/Richard_Adler,Richard Adler,https://en.wikipedia.org/wiki/Richard_Adler
1962,16th Tony Awards,/wiki/16th_Tony_Awards,False,Milk and Honey,https://en.wikipedia.org/wiki/Milk_and_Honey_(musical),Jerry Herman,https://en.wikipedia.org/wiki/Jerry_Herman,Jerry Herman,https://en.wikipedia.org/wiki/Jerry_Herman
1963,17th Tony Awards,/wiki/17th_Tony_Awards,True,Oliver!,https://en.wikipedia.org/wiki/Oliver!,Lionel Bart,https://en.wikipedia.org/wiki/Lionel_Bart,Lionel Bart,https://en.wikipedia.org/wiki/Lionel_Bart
1963,17th Tony Awards,/wiki/17th_Tony_Awards,False,Bravo Giovanni,https://en.wikipedia.org/wiki/Bravo_Giovanni,Milton Schafer,https://en.wikipedia.org/wiki/Milton_Schafer,Ronny Graham,https://en.wikipedia.org/wiki/Ronny_Graham
1963,17th Tony Awards,/wiki/17th_Tony_Awards,False,Little Me,https://en.wikipedia.org/wiki/Little_Me_(musical),Cy Coleman,https://en.wikipedia.org/wiki/Cy_Coleman,Carolyn Leigh,https://en.wikipedia.org/wiki/Carolyn_Leigh
1963,17th Tony Awards,/wiki/17th_Tony_Awards,False,Stop the World – I Want to Get Off,https://en.wikipedia.org/wiki/Stop_the_World_%E2%80%93_I_Want_to_Get_Off,Anthony Newley,https://en.wikipedia.org/wiki/Anthony_Newley,Leslie Bricusse,https://en.wikipedia.org/wiki/Leslie_Bricusse
1964,18th Tony Awards,/wiki/18th_Tony_Awards,False,110 in the Shade,https://en.wikipedia.org/wiki/110_in_the_Shade,Harvey Schmidt,https://en.wikipedia.org/wiki/Harvey_Schmidt,Tom Jones,https://en.wikipedia.org/wiki/Tom_Jones_(writer)
1964,18th Tony Awards,/wiki/18th_Tony_Awards,False,High Spirits,https://en.wikipedia.org/wiki/High_Spirits_(musical),Timothy Gray&Hugh Martin,https://en.wikipedia.org/wiki/Timothy_Gray,Timothy Gray&Hugh Martin,https://en.wikipedia.org/wiki/Timothy_Gray
1964,18th Tony Awards,/wiki/18th_Tony_Awards,True,"Hello, Dolly!","https://en.wikipedia.org/wiki/Hello,_Dolly!_(musical)",Jerry Herman,https://en.wikipedia.org/wiki/Jerry_Herman,Jerry Herman,https://en.wikipedia.org/wiki/Jerry_Herman
1964,18th Tony Awards,/wiki/18th_Tony_Awards,False,Funny Girl,https://en.wikipedia.org/wiki/Funny_Girl_(musical),Jule Styne,https://en.wikipedia.org/wiki/Jule_Styne,Bob Merrill,https://en.wikipedia.org/wiki/Bob_Merrill
1965,19th Tony Awards,/wiki/19th_Tony_Awards,True,Fiddler on the Roof,https://en.wikipedia.org/wiki/Fiddler_on_the_Roof,Jerry Bock,https://en.wikipedia.org/wiki/Jerry_Bock,Sheldon Harnick,https://en.wikipedia.org/wiki/Sheldon_Harnick
1965,19th Tony Awards,/wiki/19th_Tony_Awards,False,Do I Hear a Waltz?,https://en.wikipedia.org/wiki/Do_I_Hear_a_Waltz%3F,Richard Rodgers,https://en.wikipedia.org/wiki/Richard_Rodgers,Stephen Sondheim,https://en.wikipedia.org/wiki/Stephen_Sondheim
1965,19th Tony Awards,/wiki/19th_Tony_Awards,False,Half a Sixpence,https://en.wikipedia.org/wiki/Half_a_Sixpence,David Heneker,https://en.wikipedia.org/wiki/David_Heneker,David Heneker,https://en.wikipedia.org/wiki/David_Heneker
1965,19th Tony Awards,/wiki/19th_Tony_Awards,False,The Roar of the Greasepaint – The Smell of the Crowd,https://en.wikipedia.org/wiki/The_Roar_of_the_Greasepaint_%E2%80%93_The_Smell_of_the_Crowd,Anthony Newley,https://en.wikipedia.org/wiki/Anthony_Newley,Leslie Bricusse,https://en.wikipedia.org/wiki/Leslie_Bricusse
1966,20th Tony Awards,/wiki/20th_Tony_Awards,True,Man of La Mancha,https://en.wikipedia.org/wiki/Man_of_La_Mancha,Mitch Leigh,https://en.wikipedia.org/wiki/Mitch_Leigh,Joe Darion,https://en.wikipedia.org/wiki/Joe_Darion
1966,20th Tony Awards,/wiki/20th_Tony_Awards,False,Mame,https://en.wikipedia.org/wiki/Mame_(musical),Jerry Herman,https://en.wikipedia.org/wiki/Jerry_Herman,Jerry Herman,https://en.wikipedia.org/wiki/Jerry_Herman
1966,20th Tony Awards,/wiki/20th_Tony_Awards,False,On a Clear Day You Can See Forever,https://en.wikipedia.org/wiki/On_a_Clear_Day_You_Can_See_Forever,Burton Lane,https://en.wikipedia.org/wiki/Burton_Lane,Alan Jay Lerner,https://en.wikipedia.org/wiki/Alan_Jay_Lerner
1966,20th Tony Awards,/wiki/20th_Tony_Awards,False,Sweet Charity,https://en.wikipedia.org/wiki/Sweet_Charity,Cy Coleman,https://en.wikipedia.org/wiki/Cy_Coleman,Dorothy Fields,https://en.wikipedia.org/wiki/Dorothy_Fields
1967,21st Tony Awards,/wiki/21st_Tony_Awards,True,Cabaret,https://en.wikipedia.org/wiki/Cabaret_(musical),John Kander,https://en.wikipedia.org/wiki/John_Kander,Fred Ebb,https://en.wikipedia.org/wiki/Fred_Ebb
1967,21st Tony Awards,/wiki/21st_Tony_Awards,False,The Apple Tree,https://en.wikipedia.org/wiki/The_Apple_Tree,Jerry Bock,https://en.wikipedia.org/wiki/Jerry_Bock,Sheldon Harnick,https://en.wikipedia.org/wiki/Sheldon_Harnick
1967,21st Tony Awards,/wiki/21st_Tony_Awards,False,I Do! I Do!,https://en.wikipedia.org/wiki/I_Do!_I_Do!,Harvey Schmidt,https://en.wikipedia.org/wiki/Harvey_Schmidt,Tom Jones,https://en.wikipedia.org/wiki/Tom_Jones_(writer)
1967,21st Tony Awards,/wiki/21st_Tony_Awards,False,Walking Happy,https://en.wikipedia.org/wiki/Walking_Happy,Jimmy Van Heusen,https://en.wikipedia.org/wiki/Jimmy_Van_Heusen,Sammy Cahn,https://en.wikipedia.org/wiki/Sammy_Cahn
1968,22nd Tony Awards,/wiki/22nd_Tony_Awards,False,Illya Darling,https://en.wikipedia.org/wiki/Illya_Darling,Manos Hatzidakis,https://en.wikipedia.org/wiki/Manos_Hatzidakis,Joe Darion,https://en.wikipedia.org/wiki/Joe_Darion
1968,22nd Tony Awards,/wiki/22nd_Tony_Awards,False,"How Now, Dow Jones","https://en.wikipedia.org/wiki/How_Now,_Dow_Jones",Elmer Bernstein,https://en.wikipedia.org/wiki/Elmer_Bernstein,Carolyn Leigh,https://en.wikipedia.org/wiki/Carolyn_Leigh
1968,22nd Tony Awards,/wiki/22nd_Tony_Awards,True,"Hallelujah, Baby!","https://en.wikipedia.org/wiki/Hallelujah,_Baby!",Jule Styne,https://en.wikipedia.org/wiki/Jule_Styne,Betty Comden&Adolph Green,https://en.wikipedia.org/wiki/Betty_Comden
1968,22nd Tony Awards,/wiki/22nd_Tony_Awards,False,The Happy Time,https://en.wikipedia.org/wiki/The_Happy_Time_(musical),John Kander,https://en.wikipedia.org/wiki/John_Kander,Fred Ebb,https://en.wikipedia.org/wiki/Fred_Ebb
1971,25th Tony Awards,/wiki/25th_Tony_Awards,True,Company,https://en.wikipedia.org/wiki/Company_(musical),Stephen Sondheim,https://en.wikipedia.org/wiki/Stephen_Sondheim,Stephen Sondheim,https://en.wikipedia.org/wiki/Stephen_Sondheim
1971,25th Tony Awards,/wiki/25th_Tony_Awards,False,The Me Nobody Knows,https://en.wikipedia.org/wiki/The_Me_Nobody_Knows,Gary William Friedman,https://en.wikipedia.org/wiki/Gary_William_Friedman,Will Holt,https://en.wikipedia.org/wiki/Will_Holt
1971,25th Tony Awards,/wiki/25th_Tony_Awards,False,The Rothschilds,https://en.wikipedia.org/wiki/The_Rothschilds_(musical),Jerry Bock,https://en.wikipedia.org/wiki/Jerry_Bock,Sheldon Harnick,https://en.wikipedia.org/wiki/Sheldon_Harnick
1972,26th Tony Awards,/wiki/26th_Tony_Awards,True,Follies,https://en.wikipedia.org/wiki/Follies,Stephen Sondheim,https://en.wikipedia.org/wiki/Stephen_Sondheim,Stephen Sondheim,https://en.wikipedia.org/wiki/Stephen_Sondheim
1972,26th Tony Awards,/wiki/26th_Tony_Awards,False,Ain't Supposed to Die a Natural Death,https://en.wikipedia.org/wiki/Ain%27t_Supposed_to_Die_a_Natural_Death,Block,https://en.wikipedia.org/wiki/Melvin_Van_Peebles,Block,https://en.wikipedia.org/wiki/Melvin_Van_Peebles
1972,26th Tony Awards,/wiki/26th_Tony_Awards,False,Jesus Christ Superstar,https://en.wikipedia.org/wiki/Jesus_Christ_Superstar,Andrew Lloyd Webber,https://en.wikipedia.org/wiki/Andrew_Lloyd_Webber,Tim Rice,https://en.wikipedia.org/wiki/Tim_Rice
1972,26th Tony Awards,/wiki/26th_Tony_Awards,False,Two Gentlemen of Verona,https://en.wikipedia.org/wiki/Two_Gentlemen_of_Verona_(musical),Galt MacDermot,https://en.wikipedia.org/wiki/Galt_MacDermot,John Guare,https://en.wikipedia.org/wiki/John_Guare
1973,27th Tony Awards,/wiki/27th_Tony_Awards,False,Pippin,https://en.wikipedia.org/wiki/Pippin_(musical),Stephen Schwartz,https://en.wikipedia.org/wiki/Stephen_Schwartz_(composer),Stephen Schwartz,https://en.wikipedia.org/wiki/Stephen_Schwartz_(composer)
1973,27th Tony Awards,/wiki/27th_Tony_Awards,True,A Little Night Music,https://en.wikipedia.org/wiki/A_Little_Night_Music,Stephen Sondheim,https://en.wikipedia.org/wiki/Stephen_Sondheim,Stephen Sondheim,https://en.wikipedia.org/wiki/Stephen_Sondheim
1973,27th Tony Awards,/wiki/27th_Tony_Awards,False,"Don't Bother Me, I Can't Cope","https://en.wikipedia.org/wiki/Don%27t_Bother_Me,_I_Can%27t_Cope",Micki Grant,https://en.wikipedia.org/wiki/Micki_Grant,Micki Grant,https://en.wikipedia.org/wiki/Micki_Grant
1973,27th Tony Awards,/wiki/27th_Tony_Awards,False,Much Ado About Nothing,https://en.wikipedia.org/wiki/Much_Ado_About_Nothing,Peter Link,,,
1974,28th Tony Awards,/wiki/28th_Tony_Awards,False,Seesaw,https://en.wikipedia.org/wiki/Seesaw_(musical),Cy Coleman,https://en.wikipedia.org/wiki/Cy_Coleman,Dorothy Fields,https://en.wikipedia.org/wiki/Dorothy_Fields
1974,28th Tony Awards,/wiki/28th_Tony_Awards,False,Raisin,https://en.wikipedia.org/wiki/Raisin_(musical),Judd Woldin,https://en.wikipedia.org/wiki/Judd_Woldin,Robert Brittan,
1974,28th Tony Awards,/wiki/28th_Tony_Awards,True,Gigi,https://en.wikipedia.org/wiki/Gigi_(musical),Frederick Loewe,https://en.wikipedia.org/wiki/Frederick_Loewe,Alan Jay Lerner,https://en.wikipedia.org/wiki/Alan_Jay_Lerner
1974,28th Tony Awards,/wiki/28th_Tony_Awards,False,The Good Doctor,https://en.wikipedia.org/wiki/The_Good_Doctor_(play),Peter Link,,Neil Simon,https://en.wikipedia.org/wiki/Neil_Simon
1975,29th Tony Awards,/wiki/29th_Tony_Awards,True,The Wiz,https://en.wikipedia.org/wiki/The_Wiz,Charlie Smalls,https://en.wikipedia.org/wiki/Charlie_Smalls,Charlie Smalls,https://en.wikipedia.org/wiki/Charlie_Smalls
1975,29th Tony Awards,/wiki/29th_Tony_Awards,False,A Letter for Queen Victoria,https://en.wikipedia.org/wiki/A_Letter_for_Queen_Victoria,Alan Lloyd,https://en.wikipedia.org/wiki/Alan_Lloyd_(composer),Alan Lloyd,https://en.wikipedia.org/wiki/Alan_Lloyd_(composer)
1975,29th Tony Awards,/wiki/29th_Tony_Awards,False,The Lieutenant,https://en.wikipedia.org/wiki/The_Lieutenant_(musical),"Gene Curty, Nitra Scharfman &Chuck Strand",https://en.wikipedia.org/wiki/Chuck_Strand,"Gene Curty, Nitra Scharfman &Chuck Strand",https://en.wikipedia.org/wiki/Chuck_Strand
1975,29th Tony Awards,/wiki/29th_Tony_Awards,False,Shenandoah,https://en.wikipedia.org/wiki/Shenandoah_(musical),Gary Geld,,Peter Udell,
1976,30th Tony Awards,/wiki/30th_Tony_Awards,False,Pacific Overtures,https://en.wikipedia.org/wiki/Pacific_Overtures,Stephen Sondheim,https://en.wikipedia.org/wiki/Stephen_Sondheim,Stephen Sondheim,https://en.wikipedia.org/wiki/Stephen_Sondheim
1976,30th Tony Awards,/wiki/30th_Tony_Awards,True,A Chorus Line,https://en.wikipedia.org/wiki/A_Chorus_Line,Marvin Hamlisch,https://en.wikipedia.org/wiki/Marvin_Hamlisch,Edward Kleban,https://en.wikipedia.org/wiki/Edward_Kleban
1976,30th Tony Awards,/wiki/30th_Tony_Awards,False,Chicago,https://en.wikipedia.org/wiki/Chicago_(musical),John Kander,https://en.wikipedia.org/wiki/John_Kander,Fred Ebb,https://en.wikipedia.org/wiki/Fred_Ebb
1976,30th Tony Awards,/wiki/30th_Tony_Awards,False,Treemonisha,https://en.wikipedia.org/wiki/Treemonisha,Scott Joplin,https://en.wikipedia.org/wiki/Scott_Joplin,Scott Joplin,https://en.wikipedia.org/wiki/Scott_Joplin
1977,31st Tony Awards,/wiki/31st_Tony_Awards,False,I Love My Wife,https://en.wikipedia.org/wiki/I_Love_My_Wife,Cy Coleman,https://en.wikipedia.org/wiki/Cy_Coleman,Michael Stewart,https://en.wikipedia.org/wiki/Michael_Stewart_(playwright)
1977,31st Tony Awards,/wiki/31st_Tony_Awards,False,Happy End,https://en.wikipedia.org/wiki/Happy_End_(musical),Kurt Weill,https://en.wikipedia.org/wiki/Kurt_Weill,Bertolt Brecht& Michael Feingold,https://en.wikipedia.org/wiki/Bertolt_Brecht
1977,31st Tony Awards,/wiki/31st_Tony_Awards,True,Annie,https://en.wikipedia.org/wiki/Annie_(musical),Charles Strouse,https://en.wikipedia.org/wiki/Charles_Strouse,Martin Charnin,https://en.wikipedia.org/wiki/Martin_Charnin
1977,31st Tony Awards,/wiki/31st_Tony_Awards,False,Godspell,https://en.wikipedia.org/wiki/Godspell,Stephen Schwartz,https://en.wikipedia.org/wiki/Stephen_Schwartz_(composer),Stephen Schwartz,https://en.wikipedia.org/wiki/Stephen_Schwartz_(composer)
1978,32nd Tony Awards,/wiki/32nd_Tony_Awards,True,On the Twentieth Century,https://en.wikipedia.org/wiki/On_the_Twentieth_Century,Cy Coleman,https://en.wikipedia.org/wiki/Cy_Coleman,Betty Comden&Adolph Green,https://en.wikipedia.org/wiki/Betty_Comden
1978,32nd Tony Awards,/wiki/32nd_Tony_Awards,False,The Act,https://en.wikipedia.org/wiki/The_Act_(musical),John Kander,https://en.wikipedia.org/wiki/John_Kander,Fred Ebb,https://en.wikipedia.org/wiki/Fred_Ebb
1978,32nd Tony Awards,/wiki/32nd_Tony_Awards,False,Runaways,https://en.wikipedia.org/wiki/Runaways_(musical),Elizabeth Swados,https://en.wikipedia.org/wiki/Elizabeth_Swados,Elizabeth Swados,https://en.wikipedia.org/wiki/Elizabeth_Swados
1978,32nd Tony Awards,/wiki/32nd_Tony_Awards,False,Working,https://en.wikipedia.org/wiki/Working_(musical),"Susan Birkenhead,Craig Carnelia,Micki Grant,Mary Rodgers,Stephen Schwartz&James Taylor",https://en.wikipedia.org/wiki/Susan_Birkenhead,"Susan Birkenhead,Craig Carnelia,Micki Grant,Mary Rodgers,Stephen Schwartz&James Taylor",https://en.wikipedia.org/wiki/Susan_Birkenhead
1979,33rd Tony Awards,/wiki/33rd_Tony_Awards,True,Sweeney Todd,https://en.wikipedia.org/wiki/Sweeney_Todd:_The_Demon_Barber_of_Fleet_Street,Stephen Sondheim,https://en.wikipedia.org/wiki/Stephen_Sondheim,Stephen Sondheim,https://en.wikipedia.org/wiki/Stephen_Sondheim
1979,33rd Tony Awards,/wiki/33rd_Tony_Awards,False,Carmelina,https://en.wikipedia.org/wiki/Carmelina,Burton Lane,https://en.wikipedia.org/wiki/Burton_Lane,Alan Jay Lerner,https://en.wikipedia.org/wiki/Alan_Jay_Lerner
1979,33rd Tony Awards,/wiki/33rd_Tony_Awards,False,Eubie!,https://en.wikipedia.org/wiki/Eubie!,Eubie Blake,https://en.wikipedia.org/wiki/Eubie_Blake,"Johnny Brandon,Jim Europe, F. E. Miller, Andy Razafe &Noble Sissle",https://en.wikipedia.org/wiki/Johnny_Brandon
1979,33rd Tony Awards,/wiki/33rd_Tony_Awards,False,The Grand Tour,https://en.wikipedia.org/wiki/The_Grand_Tour_(musical),Jerry Herman,https://en.wikipedia.org/wiki/Jerry_Herman,Jerry Herman,https://en.wikipedia.org/wiki/Jerry_Herman
1980,34th Tony Awards,/wiki/34th_Tony_Awards,True,Evita,https://en.wikipedia.org/wiki/Evita_(musical),Andrew Lloyd Webber,https://en.wikipedia.org/wiki/Andrew_Lloyd_Webber,Tim Rice,https://en.wikipedia.org/wiki/Tim_Rice
1980,34th Tony Awards,/wiki/34th_Tony_Awards,False,A Day in Hollywood / A Night in the Ukraine,https://en.wikipedia.org/wiki/A_Day_in_Hollywood_/_A_Night_in_the_Ukraine,Frank Lazarus,,Dick Vosburgh,https://en.wikipedia.org/wiki/Dick_Vosburgh
1980,34th Tony Awards,/wiki/34th_Tony_Awards,False,Barnum,https://en.wikipedia.org/wiki/Barnum_(musical),Cy Coleman,https://en.wikipedia.org/wiki/Cy_Coleman,Michael Stewart,https://en.wikipedia.org/wiki/Michael_Stewart_(playwright)
1980,34th Tony Awards,/wiki/34th_Tony_Awards,False,Sugar Babies,https://en.wikipedia.org/wiki/Sugar_Babies_(musical),Artie Malvin,https://en.wikipedia.org/wiki/Artie_Malvin,Artie Malvin,https://en.wikipedia.org/wiki/Artie_Malvin
1981,35th Tony Awards,/wiki/35th_Tony_Awards,False,Shakespeare's Cabaret,,Lance Mulcahy,https://en.wikipedia.org/wiki/Lance_Mulcahy,,
1981,35th Tony Awards,/wiki/35th_Tony_Awards,False,Copperfield,https://en.wikipedia.org/wiki/Copperfield_(musical),Joel Hirschhorn&Al Kasha,https://en.wikipedia.org/wiki/Joel_Hirschhorn,Joel Hirschhorn&Al Kasha,https://en.wikipedia.org/wiki/Joel_Hirschhorn
1981,35th Tony Awards,/wiki/35th_Tony_Awards,True,Woman of the Year,https://en.wikipedia.org/wiki/Woman_of_the_Year_(musical),John Kander,https://en.wikipedia.org/wiki/John_Kander,Fred Ebb,https://en.wikipedia.org/wiki/Fred_Ebb
1981,35th Tony Awards,/wiki/35th_Tony_Awards,False,Charlie and Algernon,https://en.wikipedia.org/wiki/Charlie_and_Algernon,Charles Strouse,https://en.wikipedia.org/wiki/Charles_Strouse,David Rogers,
1982,36th Tony Awards,/wiki/36th_Tony_Awards,True,Nine,https://en.wikipedia.org/wiki/Nine_(musical),Maury Yeston,https://en.wikipedia.org/wiki/Maury_Yeston,Maury Yeston,https://en.wikipedia.org/wiki/Maury_Yeston
1982,36th Tony Awards,/wiki/36th_Tony_Awards,False,Dreamgirls,https://en.wikipedia.org/wiki/Dreamgirls,Henry Krieger,https://en.wikipedia.org/wiki/Henry_Krieger,Tom Eyen,https://en.wikipedia.org/wiki/Tom_Eyen
1982,36th Tony Awards,/wiki/36th_Tony_Awards,False,Joseph and the Amazing Technicolor Dreamcoat,https://en.wikipedia.org/wiki/Joseph_and_the_Amazing_Technicolor_Dreamcoat,Andrew Lloyd Webber,https://en.wikipedia.org/wiki/Andrew_Lloyd_Webber,Tim Rice,https://en.wikipedia.org/wiki/Tim_Rice
1982,36th Tony Awards,/wiki/36th_Tony_Awards,False,Merrily We Roll Along,https://en.wikipedia.org/wiki/Merrily_We_Roll_Along_(musical),Stephen Sondheim,https://en.wikipedia.org/wiki/Stephen_Sondheim,Stephen Sondheim,https://en.wikipedia.org/wiki/Stephen_Sondheim
1983,37th Tony Awards,/wiki/37th_Tony_Awards,True,Cats,https://en.wikipedia.org/wiki/Cats_(musical),Andrew Lloyd Webber,https://en.wikipedia.org/wiki/Andrew_Lloyd_Webber,T. S. Eliot,https://en.wikipedia.org/wiki/T._S._Eliot
1983,37th Tony Awards,/wiki/37th_Tony_Awards,False,A Doll's Life,https://en.wikipedia.org/wiki/A_Doll%27s_Life,Larry Grossman,https://en.wikipedia.org/wiki/Larry_Grossman_(composer),Betty Comden&Adolph Green,https://en.wikipedia.org/wiki/Betty_Comden
1983,37th Tony Awards,/wiki/37th_Tony_Awards,False,Merlin,https://en.wikipedia.org/wiki/Merlin_(musical),Elmer Bernstein,https://en.wikipedia.org/wiki/Elmer_Bernstein,Don Black,https://en.wikipedia.org/wiki/Don_Black_(lyricist)
1983,37th Tony Awards,/wiki/37th_Tony_Awards,False,Seven Brides for Seven Brothers,https://en.wikipedia.org/wiki/Seven_Brides_for_Seven_Brothers_(musical),"Gene de Paul,Joel Hirschhorn&Al Kasha",https://en.wikipedia.org/wiki/Gene_de_Paul,"Hirschhorn, Kasha &Johnny Mercer",https://en.wikipedia.org/wiki/Johnny_Mercer
1984,38th Tony Awards,/wiki/38th_Tony_Awards,False,The Rink,https://en.wikipedia.org/wiki/The_Rink_(musical),John Kander,https://en.wikipedia.org/wiki/John_Kander,Fred Ebb,https://en.wikipedia.org/wiki/Fred_Ebb
1984,38th Tony Awards,/wiki/38th_Tony_Awards,False,Sunday in the Park with George,https://en.wikipedia.org/wiki/Sunday_in_the_Park_with_George,Stephen Sondheim,https://en.wikipedia.org/wiki/Stephen_Sondheim,Stephen Sondheim,https://en.wikipedia.org/wiki/Stephen_Sondheim
1984,38th Tony Awards,/wiki/38th_Tony_Awards,False,Baby,https://en.wikipedia.org/wiki/Baby_(1983_musical),David Shire,https://en.wikipedia.org/wiki/David_Shire,Richard Maltby Jr.,https://en.wikipedia.org/wiki/Richard_Maltby_Jr.
1984,38th Tony Awards,/wiki/38th_Tony_Awards,True,La Cage aux Folles,https://en.wikipedia.org/wiki/La_Cage_aux_Folles_(musical),Jerry Herman,https://en.wikipedia.org/wiki/Jerry_Herman,Jerry Herman,https://en.wikipedia.org/wiki/Jerry_Herman
1985,39th Tony Awards,/wiki/39th_Tony_Awards,True,Big River,https://en.wikipedia.org/wiki/Big_River_(musical),Roger Miller,https://en.wikipedia.org/wiki/Roger_Miller,Roger Miller,https://en.wikipedia.org/wiki/Roger_Miller
1985,39th Tony Awards,/wiki/39th_Tony_Awards,False,Grind,https://en.wikipedia.org/wiki/Grind_(musical),Larry Grossman,https://en.wikipedia.org/wiki/Larry_Grossman_(composer),Ellen Fitzhugh,
1985,39th Tony Awards,/wiki/39th_Tony_Awards,False,Quilters,https://en.wikipedia.org/wiki/Quilters_(musical),Barbara Damashek,,Barbara Damashek,
1986,40th Tony Awards,/wiki/40th_Tony_Awards,True,The Mystery of Edwin Drood,https://en.wikipedia.org/wiki/Drood,Rupert Holmes,https://en.wikipedia.org/wiki/Rupert_Holmes,Rupert Holmes,https://en.wikipedia.org/wiki/Rupert_Holmes
1986,40th Tony Awards,/wiki/40th_Tony_Awards,False,The News,https://en.wikipedia.org/wiki/The_News_(musical),Paul Schierhorn,,Paul Schierhorn,
1986,40th Tony Awards,/wiki/40th_Tony_Awards,False,Song and Dance,https://en.wikipedia.org/wiki/Song_and_Dance,Andrew Lloyd Webber,https://en.wikipedia.org/wiki/Andrew_Lloyd_Webber,Don Black&Richard Maltby Jr.,https://en.wikipedia.org/wiki/Don_Black_(lyricist)
1986,40th Tony Awards,/wiki/40th_Tony_Awards,False,Wind in the Willows,https://en.wikipedia.org/wiki/Wind_in_the_Willows,William P. Perry,https://en.wikipedia.org/wiki/William_P._Perry,Roger McGough,https://en.wikipedia.org/wiki/Roger_McGough
1987,41st Tony Awards,/wiki/41st_Tony_Awards,False,Rags,https://en.wikipedia.org/wiki/Rags_(musical),Charles Strouse,https://en.wikipedia.org/wiki/Charles_Strouse,Stephen Schwartz,https://en.wikipedia.org/wiki/Stephen_Schwartz_(composer)
1987,41st Tony Awards,/wiki/41st_Tony_Awards,False,Starlight Express,https://en.wikipedia.org/wiki/Starlight_Express,Andrew Lloyd Webber,https://en.wikipedia.org/wiki/Andrew_Lloyd_Webber,Richard Stilgoe,https://en.wikipedia.org/wiki/Richard_Stilgoe
1987,41st Tony Awards,/wiki/41st_Tony_Awards,True,Les Misérables,https://en.wikipedia.org/wiki/Les_Mis%C3%A9rables_(musical),Claude-Michel Schönberg,https://en.wikipedia.org/wiki/Claude-Michel_Sch%C3%B6nberg,Herbert Kretzmer&Alain Boublil,https://en.wikipedia.org/wiki/Herbert_Kretzmer
1987,41st Tony Awards,/wiki/41st_Tony_Awards,False,Me and My Girl,https://en.wikipedia.org/wiki/Me_and_My_Girl,Noel Gay,https://en.wikipedia.org/wiki/Noel_Gay,Douglas Furber& L. Arthur Rose,https://en.wikipedia.org/wiki/Douglas_Furber
1988,42nd Tony Awards,/wiki/42nd_Tony_Awards,False,Sarafina!,https://en.wikipedia.org/wiki/Sarafina!_(musical),Hugh Masekela&Mbongeni Ngema,https://en.wikipedia.org/wiki/Hugh_Masekela,Hugh Masekela&Mbongeni Ngema,https://en.wikipedia.org/wiki/Hugh_Masekela
1988,42nd Tony Awards,/wiki/42nd_Tony_Awards,True,Into the Woods,https://en.wikipedia.org/wiki/Into_the_Woods,Stephen Sondheim,https://en.wikipedia.org/wiki/Stephen_Sondheim,Stephen Sondheim,https://en.wikipedia.org/wiki/Stephen_Sondheim
1988,42nd Tony Awards,/wiki/42nd_Tony_Awards,False,The Phantom of the Opera,https://en.wikipedia.org/wiki/The_Phantom_of_the_Opera_(1986_musical),Andrew Lloyd Webber,https://en.wikipedia.org/wiki/Andrew_Lloyd_Webber,Charles Hart&Richard Stilgoe,https://en.wikipedia.org/wiki/Charles_Hart_(lyricist)
1988,42nd Tony Awards,/wiki/42nd_Tony_Awards,False,Romance/Romance,https://en.wikipedia.org/wiki/Romance/Romance,Keith Herrmann,,Barry Harman,
1990,44th Tony Awards,/wiki/44th_Tony_Awards,False,Grand Hotel,https://en.wikipedia.org/wiki/Grand_Hotel_(musical),"Chet Forrest,Bob Wright&Maury Yeston",https://en.wikipedia.org/wiki/George_Forrest_(author),"Chet Forrest,Bob Wright&Maury Yeston",https://en.wikipedia.org/wiki/George_Forrest_(author)
1990,44th Tony Awards,/wiki/44th_Tony_Awards,False,Meet Me in St. Louis,https://en.wikipedia.org/wiki/Meet_Me_in_St._Louis_(musical),Ralph Blane&Hugh Martin,https://en.wikipedia.org/wiki/Ralph_Blane,Ralph Blane&Hugh Martin,https://en.wikipedia.org/wiki/Ralph_Blane
1990,44th Tony Awards,/wiki/44th_Tony_Awards,True,City of Angels,https://en.wikipedia.org/wiki/City_of_Angels_(musical),Cy Coleman,https://en.wikipedia.org/wiki/Cy_Coleman,David Zippel,https://en.wikipedia.org/wiki/David_Zippel
1990,44th Tony Awards,/wiki/44th_Tony_Awards,False,Aspects of Love,https://en.wikipedia.org/wiki/Aspects_of_Love,Andrew Lloyd Webber,https://en.wikipedia.org/wiki/Andrew_Lloyd_Webber,Don Black&Charles Hart,https://en.wikipedia.org/wiki/Don_Black_(lyricist)
1991,45th Tony Awards,/wiki/45th_Tony_Awards,False,Once on This Island,https://en.wikipedia.org/wiki/Once_on_This_Island,Stephen Flaherty,https://en.wikipedia.org/wiki/Stephen_Flaherty,Lynn Ahrens,https://en.wikipedia.org/wiki/Lynn_Ahrens
1991,45th Tony Awards,/wiki/45th_Tony_Awards,False,The Secret Garden,https://en.wikipedia.org/wiki/The_Secret_Garden_(musical),Lucy Simon,https://en.wikipedia.org/wiki/Lucy_Simon,Marsha Norman,https://en.wikipedia.org/wiki/Marsha_Norman
1991,45th Tony Awards,/wiki/45th_Tony_Awards,True,The Will Rogers Follies,https://en.wikipedia.org/wiki/The_Will_Rogers_Follies,Cy Coleman,https://en.wikipedia.org/wiki/Cy_Coleman,Betty Comden&Adolph Green,https://en.wikipedia.org/wiki/Betty_Comden
1991,45th Tony Awards,/wiki/45th_Tony_Awards,False,Miss Saigon,https://en.wikipedia.org/wiki/Miss_Saigon,Claude-Michel Schönberg,https://en.wikipedia.org/wiki/Claude-Michel_Sch%C3%B6nberg,Alain Boublil&Richard Maltby Jr.,https://en.wikipedia.org/wiki/Alain_Boublil
1992,46th Tony Awards,/wiki/46th_Tony_Awards,False,Nick & Nora,https://en.wikipedia.org/wiki/Nick_%26_Nora,Charles Strouse,https://en.wikipedia.org/wiki/Charles_Strouse,Richard Maltby Jr.,https://en.wikipedia.org/wiki/Richard_Maltby_Jr.
1992,46th Tony Awards,/wiki/46th_Tony_Awards,False,Metro,https://en.wikipedia.org/wiki/Metro_(musical),Janusz Stokłosa,https://en.wikipedia.org/wiki/Janusz_Stok%C5%82osa,"Agata, Maryna Miklaszewska & Mary Bracken Phillips",
1992,46th Tony Awards,/wiki/46th_Tony_Awards,False,Jelly's Last Jam,https://en.wikipedia.org/wiki/Jelly%27s_Last_Jam,Luther Henderson&Jelly Roll Morton,https://en.wikipedia.org/wiki/Luther_Henderson,Susan Birkenhead,https://en.wikipedia.org/wiki/Susan_Birkenhead
1992,46th Tony Awards,/wiki/46th_Tony_Awards,True,Falsettos,https://en.wikipedia.org/wiki/Falsettos,William Finn,https://en.wikipedia.org/wiki/William_Finn,William Finn,https://en.wikipedia.org/wiki/William_Finn
1993,47th Tony Awards,/wiki/47th_Tony_Awards,True,Kiss of the Spider Woman,https://en.wikipedia.org/wiki/Kiss_of_the_Spider_Woman_(musical),John Kander,https://en.wikipedia.org/wiki/John_Kander,Fred Ebb,https://en.wikipedia.org/wiki/Fred_Ebb
1993,47th Tony Awards,/wiki/47th_Tony_Awards,True,The Who's Tommy,https://en.wikipedia.org/wiki/The_Who%27s_Tommy,Pete Townshend,https://en.wikipedia.org/wiki/Pete_Townshend,Pete Townshend,https://en.wikipedia.org/wiki/Pete_Townshend
1993,47th Tony Awards,/wiki/47th_Tony_Awards,False,Anna Karenina,https://en.wikipedia.org/wiki/Anna_Karenina_(musical),Daniel Levine,https://en.wikipedia.org/wiki/Daniel_Levine_(composer),Peter Kellogg,https://en.wikipedia.org/wiki/Peter_Kellogg_(writer)
1993,47th Tony Awards,/wiki/47th_Tony_Awards,False,The Song of Jacob Zulu,https://en.wikipedia.org/wiki/The_Song_of_Jacob_Zulu,Ladysmith Black Mambazo,https://en.wikipedia.org/wiki/Ladysmith_Black_Mambazo,Ladysmith Black Mambazo &Tug Yourgrau,https://en.wikipedia.org/wiki/Tug_Yourgrau
1994,48th Tony Awards,/wiki/48th_Tony_Awards,True,Passion,https://en.wikipedia.org/wiki/Passion_(musical),Stephen Sondheim,https://en.wikipedia.org/wiki/Stephen_Sondheim,Stephen Sondheim,https://en.wikipedia.org/wiki/Stephen_Sondheim
1994,48th Tony Awards,/wiki/48th_Tony_Awards,False,Beauty and the Beast,https://en.wikipedia.org/wiki/Beauty_and_the_Beast_(musical),Alan Menken,https://en.wikipedia.org/wiki/Alan_Menken,Howard Ashman&Tim Rice,https://en.wikipedia.org/wiki/Howard_Ashman
1994,48th Tony Awards,/wiki/48th_Tony_Awards,False,Cyrano: The Musical,https://en.wikipedia.org/wiki/Cyrano:_The_Musical,Ad van Dijk,,"Sheldon Harnick, Peter Reeves & Koen van Dijk",https://en.wikipedia.org/wiki/Sheldon_Harnick
1995,49th Tony Awards,/wiki/49th_Tony_Awards,True,Sunset Boulevard,https://en.wikipedia.org/wiki/Sunset_Boulevard_(musical),Andrew Lloyd Webber,https://en.wikipedia.org/wiki/Andrew_Lloyd_Webber,Don Black&Christopher Hampton,https://en.wikipedia.org/wiki/Don_Black_(lyricist)
1996,50th Tony Awards,/wiki/50th_Tony_Awards,False,"Bring in 'da Noise, Bring in 'da Funk","https://en.wikipedia.org/wiki/Bring_in_%27da_Noise,_Bring_in_%27da_Funk","Ann Duquesnay, Zane Mark & Daryl Waters",https://en.wikipedia.org/wiki/Ann_Duquesnay,"Duquesnay, Reg E. Gaines &George C. Wolfe",https://en.wikipedia.org/wiki/George_C._Wolfe
1996,50th Tony Awards,/wiki/50th_Tony_Awards,False,State Fair,https://en.wikipedia.org/wiki/State_Fair_(musical),Richard Rodgers,https://en.wikipedia.org/wiki/Richard_Rodgers,Oscar Hammerstein II,https://en.wikipedia.org/wiki/Oscar_Hammerstein_II
1996,50th Tony Awards,/wiki/50th_Tony_Awards,True,Rent,https://en.wikipedia.org/wiki/Rent_(musical),Jonathan Larson,https://en.wikipedia.org/wiki/Jonathan_Larson,Jonathan Larson,https://en.wikipedia.org/wiki/Jonathan_Larson
1996,50th Tony Awards,/wiki/50th_Tony_Awards,False,Big: the musical,https://en.wikipedia.org/wiki/Big:_the_musical,David Shire,https://en.wikipedia.org/wiki/David_Shire,Richard Maltby Jr.,https://en.wikipedia.org/wiki/Richard_Maltby_Jr.
1997,51st Tony Awards,/wiki/51st_Tony_Awards,True,Titanic,https://en.wikipedia.org/wiki/Titanic_(musical),Maury Yeston,https://en.wikipedia.org/wiki/Maury_Yeston,Maury Yeston,https://en.wikipedia.org/wiki/Maury_Yeston
1997,51st Tony Awards,/wiki/51st_Tony_Awards,False,Juan Darién,https://en.wikipedia.org/wiki/Juan_Dari%C3%A9n:_A_Carnival_Mass_(score),Elliot Goldenthal,https://en.wikipedia.org/wiki/Elliot_Goldenthal,Elliot Goldenthal,https://en.wikipedia.org/wiki/Elliot_Goldenthal
1997,51st Tony Awards,/wiki/51st_Tony_Awards,False,The Life,https://en.wikipedia.org/wiki/The_Life_(musical),Cy Coleman,https://en.wikipedia.org/wiki/Cy_Coleman,Ira Gasman,https://en.wikipedia.org/wiki/Ira_Gasman
1997,51st Tony Awards,/wiki/51st_Tony_Awards,False,Steel Pier,https://en.wikipedia.org/wiki/Steel_Pier_(musical),John Kander,https://en.wikipedia.org/wiki/John_Kander,Fred Ebb,https://en.wikipedia.org/wiki/Fred_Ebb
1998,52nd Tony Awards,/wiki/52nd_Tony_Awards,True,Ragtime,https://en.wikipedia.org/wiki/Ragtime_(musical),Stephen Flaherty,https://en.wikipedia.org/wiki/Stephen_Flaherty,Lynn Ahrens,https://en.wikipedia.org/wiki/Lynn_Ahrens
1998,52nd Tony Awards,/wiki/52nd_Tony_Awards,False,The Capeman,https://en.wikipedia.org/wiki/The_Capeman,Paul Simon,https://en.wikipedia.org/wiki/Paul_Simon,Simon &Derek Walcott,https://en.wikipedia.org/wiki/Derek_Walcott
1998,52nd Tony Awards,/wiki/52nd_Tony_Awards,False,The Lion King,https://en.wikipedia.org/wiki/The_Lion_King_(musical),"Elton John,Lebo M.,Mark Mancina,Jay Rifkin&Hans Zimmer",https://en.wikipedia.org/wiki/Elton_John,"M., Mancina,Tim Rice, Rifkin &Julie Taymor",https://en.wikipedia.org/wiki/Tim_Rice
1998,52nd Tony Awards,/wiki/52nd_Tony_Awards,False,Side Show,https://en.wikipedia.org/wiki/Side_Show_(musical),Henry Krieger,https://en.wikipedia.org/wiki/Henry_Krieger,Bill Russell,https://en.wikipedia.org/wiki/Bill_Russell_(lyricist)
1999,53rd Tony Awards,/wiki/53rd_Tony_Awards,True,Parade,https://en.wikipedia.org/wiki/Parade_(musical),Jason Robert Brown,https://en.wikipedia.org/wiki/Jason_Robert_Brown,Jason Robert Brown,https://en.wikipedia.org/wiki/Jason_Robert_Brown
1999,53rd Tony Awards,/wiki/53rd_Tony_Awards,False,The Civil War,https://en.wikipedia.org/wiki/The_Civil_War_(musical),Frank Wildhorn,https://en.wikipedia.org/wiki/Frank_Wildhorn,Jack Murphy,
1999,53rd Tony Awards,/wiki/53rd_Tony_Awards,False,Footloose,https://en.wikipedia.org/wiki/Footloose_(musical),"Eric Carmen,Sammy Hagar,Kenny Loggins,Tom Snow&Jim Steinman",https://en.wikipedia.org/wiki/Eric_Carmen,"Carmen, Hagar, Loggins,Dean Pitchford& Steinman",https://en.wikipedia.org/wiki/Dean_Pitchford
1999,53rd Tony Awards,/wiki/53rd_Tony_Awards,False,Twelfth Night,https://en.wikipedia.org/wiki/Twelfth_Night,Jeanine Tesori,https://en.wikipedia.org/wiki/Jeanine_Tesori,,
2000,54th Tony Awards,/wiki/54th_Tony_Awards,False,The Wild Party,https://en.wikipedia.org/wiki/The_Wild_Party_(LaChiusa_musical),Michael John LaChiusa,https://en.wikipedia.org/wiki/Michael_John_LaChiusa,,
2000,54th Tony Awards,/wiki/54th_Tony_Awards,False,Marie Christine,https://en.wikipedia.org/wiki/Marie_Christine,Michael John LaChiusa,https://en.wikipedia.org/wiki/Michael_John_LaChiusa,Michael John LaChiusa,https://en.wikipedia.org/wiki/Michael_John_LaChiusa
2000,54th Tony Awards,/wiki/54th_Tony_Awards,False,James Joyce's The Dead,https://en.wikipedia.org/wiki/James_Joyce%27s_The_Dead,Shaun Davey,https://en.wikipedia.org/wiki/Shaun_Davey,Davey &Richard Nelson,https://en.wikipedia.org/wiki/Richard_Nelson_(playwright)
2000,54th Tony Awards,/wiki/54th_Tony_Awards,True,Aida,https://en.wikipedia.org/wiki/Aida_(musical),Elton John,https://en.wikipedia.org/wiki/Elton_John,Tim Rice,https://en.wikipedia.org/wiki/Tim_Rice
2001,55th Tony Awards,/wiki/55th_Tony_Awards,True,The Producers,https://en.wikipedia.org/wiki/The_Producers_(musical),Mel Brooks,https://en.wikipedia.org/wiki/Mel_Brooks,Mel Brooks,https://en.wikipedia.org/wiki/Mel_Brooks
2001,55th Tony Awards,/wiki/55th_Tony_Awards,False,A Class Act,https://en.wikipedia.org/wiki/A_Class_Act,Edward Kleban,https://en.wikipedia.org/wiki/Edward_Kleban,Edward Kleban,https://en.wikipedia.org/wiki/Edward_Kleban
2001,55th Tony Awards,/wiki/55th_Tony_Awards,False,The Full Monty,https://en.wikipedia.org/wiki/The_Full_Monty_(musical),David Yazbek,https://en.wikipedia.org/wiki/David_Yazbek,David Yazbek,https://en.wikipedia.org/wiki/David_Yazbek
2001,55th Tony Awards,/wiki/55th_Tony_Awards,False,Jane Eyre,https://en.wikipedia.org/wiki/Jane_Eyre_(musical),Paul Gordon,https://en.wikipedia.org/wiki/Paul_Gordon_(composer),John Caird& Gordon,https://en.wikipedia.org/wiki/John_Caird_(director)
2002,56th Tony Awards,/wiki/56th_Tony_Awards,True,Urinetown,https://en.wikipedia.org/wiki/Urinetown,Mark Hollmann,https://en.wikipedia.org/wiki/Mark_Hollmann,Hollmann &Greg Kotis,https://en.wikipedia.org/wiki/Greg_Kotis
2002,56th Tony Awards,/wiki/56th_Tony_Awards,False,Sweet Smell of Success,https://en.wikipedia.org/wiki/Sweet_Smell_of_Success_(musical),Marvin Hamlisch,https://en.wikipedia.org/wiki/Marvin_Hamlisch,Craig Carnelia,https://en.wikipedia.org/wiki/Craig_Carnelia
2002,56th Tony Awards,/wiki/56th_Tony_Awards,False,Thoroughly Modern Millie,https://en.wikipedia.org/wiki/Thoroughly_Modern_Millie_(musical),Jeanine Tesori,https://en.wikipedia.org/wiki/Jeanine_Tesori,Dick Scanlan,https://en.wikipedia.org/wiki/Dick_Scanlan
2002,56th Tony Awards,/wiki/56th_Tony_Awards,False,Thou Shalt Not,https://en.wikipedia.org/wiki/Thou_Shalt_Not_(musical),Harry Connick Jr.,https://en.wikipedia.org/wiki/Harry_Connick_Jr.,Harry Connick Jr.,https://en.wikipedia.org/wiki/Harry_Connick_Jr.
2003,57th Tony Awards,/wiki/57th_Tony_Awards,True,Hairspray,https://en.wikipedia.org/wiki/Hairspray_(musical),Marc Shaiman,https://en.wikipedia.org/wiki/Marc_Shaiman,Shaiman &Scott Wittman,https://en.wikipedia.org/wiki/Scott_Wittman
2003,57th Tony Awards,/wiki/57th_Tony_Awards,False,Amour,https://en.wikipedia.org/wiki/Amour_(musical),Michel Legrand,https://en.wikipedia.org/wiki/Michel_Legrand,Jeremy Sams&Didier Van Cauwelaert,https://en.wikipedia.org/wiki/Jeremy_Sams
2003,57th Tony Awards,/wiki/57th_Tony_Awards,False,Urban Cowboy,https://en.wikipedia.org/wiki/Urban_Cowboy_(musical),"Danny Arena,Clint Black,Jeff Blumenkrantz,Jason Robert Brown,Roger Brown, Carl L. Byrd, Pevin Byrd-Munoz,Jerry Chesnut, Tommy Conners, Tom Crain,Charlie Daniels,Taz DiGregorio,Ronnie Dunn, Fred Edwards,Skip Ewing,Wayland Holyfield, Bob Lee House,Marcus Hummon, Sara Light,Lauren Lucas,Martie Maguire, Wanda Mallette, Jim Marshall,Bob Morrison, James Hayden Nicholas, Luke Reed, Patti Ryan, Jerry Silverstein &Bob Stillman",https://en.wikipedia.org/wiki/Clint_Black,"Danny Arena,Clint Black,Jeff Blumenkrantz,Jason Robert Brown,Roger Brown, Carl L. Byrd, Pevin Byrd-Munoz,Jerry Chesnut, Tommy Conners, Tom Crain,Charlie Daniels,Taz DiGregorio,Ronnie Dunn, Fred Edwards,Skip Ewing,Wayland Holyfield, Bob Lee House,Marcus Hummon, Sara Light,Lauren Lucas,Martie Maguire, Wanda Mallette, Jim Marshall,Bob Morrison, James Hayden Nicholas, Luke Reed, Patti Ryan, Jerry Silverstein &Bob Stillman",https://en.wikipedia.org/wiki/Clint_Black
2003,57th Tony Awards,/wiki/57th_Tony_Awards,False,A Year with Frog and Toad,https://en.wikipedia.org/wiki/A_Year_with_Frog_and_Toad,Robert Reale,https://en.wikipedia.org/wiki/Robert_Reale,Willie Reale,https://en.wikipedia.org/wiki/Willie_Reale
2004,58th Tony Awards,/wiki/58th_Tony_Awards,False,Wicked,https://en.wikipedia.org/wiki/Wicked_(musical),Stephen Schwartz,https://en.wikipedia.org/wiki/Stephen_Schwartz_(composer),Stephen Schwartz,https://en.wikipedia.org/wiki/Stephen_Schwartz_(composer)
2004,58th Tony Awards,/wiki/58th_Tony_Awards,False,Taboo,https://en.wikipedia.org/wiki/Taboo_(musical),Boy George,https://en.wikipedia.org/wiki/Boy_George,Boy George,https://en.wikipedia.org/wiki/Boy_George
2004,58th Tony Awards,/wiki/58th_Tony_Awards,True,Avenue Q,https://en.wikipedia.org/wiki/Avenue_Q,Robert Lopez&Jeff Marx,https://en.wikipedia.org/wiki/Robert_Lopez,Robert Lopez&Jeff Marx,https://en.wikipedia.org/wiki/Robert_Lopez
2004,58th Tony Awards,/wiki/58th_Tony_Awards,False,"Caroline, or Change","https://en.wikipedia.org/wiki/Caroline,_or_Change",Jeanine Tesori,https://en.wikipedia.org/wiki/Jeanine_Tesori,Tony Kushner,https://en.wikipedia.org/wiki/Tony_Kushner
2005,59th Tony Awards,/wiki/59th_Tony_Awards,True,The Light in the Piazza,https://en.wikipedia.org/wiki/The_Light_in_the_Piazza_(musical),Adam Guettel,https://en.wikipedia.org/wiki/Adam_Guettel,Adam Guettel,https://en.wikipedia.org/wiki/Adam_Guettel
2005,59th Tony Awards,/wiki/59th_Tony_Awards,False,Dirty Rotten Scoundrels,https://en.wikipedia.org/wiki/Dirty_Rotten_Scoundrels_(musical),David Yazbek,https://en.wikipedia.org/wiki/David_Yazbek,David Yazbek,https://en.wikipedia.org/wiki/David_Yazbek
2005,59th Tony Awards,/wiki/59th_Tony_Awards,False,Spamalot,https://en.wikipedia.org/wiki/Spamalot,John Du Prez&Eric Idle,https://en.wikipedia.org/wiki/John_Du_Prez,Idle,
2005,59th Tony Awards,/wiki/59th_Tony_Awards,False,The 25th Annual Putnam County Spelling Bee,https://en.wikipedia.org/wiki/The_25th_Annual_Putnam_County_Spelling_Bee,William Finn,https://en.wikipedia.org/wiki/William_Finn,William Finn,https://en.wikipedia.org/wiki/William_Finn
2006,60th Tony Awards,/wiki/60th_Tony_Awards,True,The Drowsy Chaperone,https://en.wikipedia.org/wiki/The_Drowsy_Chaperone,Lisa Lambert&Greg Morrison,https://en.wikipedia.org/wiki/Lisa_Lambert,Lisa Lambert&Greg Morrison,https://en.wikipedia.org/wiki/Lisa_Lambert
2006,60th Tony Awards,/wiki/60th_Tony_Awards,False,The Color Purple,https://en.wikipedia.org/wiki/The_Color_Purple_(musical),"Stephen Bray,Brenda Russell&Allee Willis",https://en.wikipedia.org/wiki/Stephen_Bray,"Stephen Bray,Brenda Russell&Allee Willis",https://en.wikipedia.org/wiki/Stephen_Bray
2006,60th Tony Awards,/wiki/60th_Tony_Awards,False,The Wedding Singer,https://en.wikipedia.org/wiki/The_Wedding_Singer_(musical),Matthew Sklar,https://en.wikipedia.org/wiki/Matthew_Sklar,Chad Beguelin,https://en.wikipedia.org/wiki/Chad_Beguelin
2006,60th Tony Awards,/wiki/60th_Tony_Awards,False,The Woman in White,https://en.wikipedia.org/wiki/The_Woman_in_White_(musical),Andrew Lloyd Webber,https://en.wikipedia.org/wiki/Andrew_Lloyd_Webber,David Zippel,https://en.wikipedia.org/wiki/David_Zippel
2007,61st Tony Awards,/wiki/61st_Tony_Awards,False,Legally Blonde,https://en.wikipedia.org/wiki/Legally_Blonde_(musical),Nell Benjamin&Larry O'Keefe,https://en.wikipedia.org/wiki/Nell_Benjamin,Nell Benjamin&Larry O'Keefe,https://en.wikipedia.org/wiki/Nell_Benjamin
2007,61st Tony Awards,/wiki/61st_Tony_Awards,False,Grey Gardens,https://en.wikipedia.org/wiki/Grey_Gardens_(musical),Scott Frankel,https://en.wikipedia.org/wiki/Scott_Frankel,Michael Korie,https://en.wikipedia.org/wiki/Michael_Korie
2007,61st Tony Awards,/wiki/61st_Tony_Awards,True,Spring Awakening,https://en.wikipedia.org/wiki/Spring_Awakening_(musical),Duncan Sheik,https://en.wikipedia.org/wiki/Duncan_Sheik,Steven Sater,https://en.wikipedia.org/wiki/Steven_Sater
2007,61st Tony Awards,/wiki/61st_Tony_Awards,False,Curtains,https://en.wikipedia.org/wiki/Curtains_(musical),John Kander,https://en.wikipedia.org/wiki/John_Kander,Fred Ebb,https://en.wikipedia.org/wiki/Fred_Ebb
2008,62nd Tony Awards,/wiki/62nd_Tony_Awards,True,In the Heights,https://en.wikipedia.org/wiki/In_the_Heights,Lin-Manuel Miranda,https://en.wikipedia.org/wiki/Lin-Manuel_Miranda,Lin-Manuel Miranda,https://en.wikipedia.org/wiki/Lin-Manuel_Miranda
2008,62nd Tony Awards,/wiki/62nd_Tony_Awards,False,Cry-Baby,https://en.wikipedia.org/wiki/Cry-Baby_(musical),David Javerbaum&Adam Schlesinger,https://en.wikipedia.org/wiki/David_Javerbaum,David Javerbaum&Adam Schlesinger,https://en.wikipedia.org/wiki/David_Javerbaum
2008,62nd Tony Awards,/wiki/62nd_Tony_Awards,False,The Little Mermaid,https://en.wikipedia.org/wiki/The_Little_Mermaid_(musical),Alan Menken,https://en.wikipedia.org/wiki/Alan_Menken,Howard Ashman&Glenn Slater,https://en.wikipedia.org/wiki/Howard_Ashman
2008,62nd Tony Awards,/wiki/62nd_Tony_Awards,False,Passing Strange,https://en.wikipedia.org/wiki/Passing_Strange_(musical),Heidi Rodewald &Stew,https://en.wikipedia.org/wiki/Stew_(musician),Stew,
2009,63rd Tony Awards,/wiki/63rd_Tony_Awards,True,Next to Normal,https://en.wikipedia.org/wiki/Next_to_Normal,Tom Kitt,https://en.wikipedia.org/wiki/Tom_Kitt_(musician),Brian Yorkey,https://en.wikipedia.org/wiki/Brian_Yorkey
2009,63rd Tony Awards,/wiki/63rd_Tony_Awards,False,Billy Elliot the Musical,https://en.wikipedia.org/wiki/Billy_Elliot_the_Musical,Elton John,https://en.wikipedia.org/wiki/Elton_John,Lee Hall,https://en.wikipedia.org/wiki/Lee_Hall_(playwright)
2009,63rd Tony Awards,/wiki/63rd_Tony_Awards,False,Shrek the Musical,https://en.wikipedia.org/wiki/Shrek_the_Musical,Jeanine Tesori,https://en.wikipedia.org/wiki/Jeanine_Tesori,David Lindsay-Abaire,https://en.wikipedia.org/wiki/David_Lindsay-Abaire
2009,63rd Tony Awards,/wiki/63rd_Tony_Awards,False,9 to 5,https://en.wikipedia.org/wiki/9_to_5_(musical),Dolly Parton,https://en.wikipedia.org/wiki/Dolly_Parton,Dolly Parton,https://en.wikipedia.org/wiki/Dolly_Parton
2010,64th Tony Awards,/wiki/64th_Tony_Awards,True,Memphis,https://en.wikipedia.org/wiki/Memphis_(musical),David Bryan,https://en.wikipedia.org/wiki/David_Bryan,Bryan &Joe DiPietro,https://en.wikipedia.org/wiki/Joe_DiPietro
2010,64th Tony Awards,/wiki/64th_Tony_Awards,False,The Addams Family,https://en.wikipedia.org/wiki/The_Addams_Family_(musical),Andrew Lippa,https://en.wikipedia.org/wiki/Andrew_Lippa,Andrew Lippa,https://en.wikipedia.org/wiki/Andrew_Lippa
2010,64th Tony Awards,/wiki/64th_Tony_Awards,False,Enron,https://en.wikipedia.org/wiki/ENRON_(play),Adam Cork,,Lucy Prebble,https://en.wikipedia.org/wiki/Lucy_Prebble
2010,64th Tony Awards,/wiki/64th_Tony_Awards,False,Fences,https://en.wikipedia.org/wiki/Fences_(play),Branford Marsalis,https://en.wikipedia.org/wiki/Branford_Marsalis,,
2011,65th Tony Awards,/wiki/65th_Tony_Awards,False,Women on the Verge of a Nervous Breakdown,https://en.wikipedia.org/wiki/Women_on_the_Verge_of_a_Nervous_Breakdown_(musical),David Yazbek,https://en.wikipedia.org/wiki/David_Yazbek,David Yazbek,https://en.wikipedia.org/wiki/David_Yazbek
2011,65th Tony Awards,/wiki/65th_Tony_Awards,False,Sister Act,https://en.wikipedia.org/wiki/Sister_Act_(musical),Alan Menken,https://en.wikipedia.org/wiki/Alan_Menken,Glenn Slater,https://en.wikipedia.org/wiki/Glenn_Slater
2011,65th Tony Awards,/wiki/65th_Tony_Awards,True,The Book of Mormon,https://en.wikipedia.org/wiki/The_Book_of_Mormon_(musical),"Robert Lopez,Trey Parker&Matt Stone",https://en.wikipedia.org/wiki/Robert_Lopez,"Robert Lopez,Trey Parker&Matt Stone",https://en.wikipedia.org/wiki/Robert_Lopez
2011,65th Tony Awards,/wiki/65th_Tony_Awards,False,The Scottsboro Boys,https://en.wikipedia.org/wiki/The_Scottsboro_Boys_(musical),John Kander,https://en.wikipedia.org/wiki/John_Kander,Fred Ebb,https://en.wikipedia.org/wiki/Fred_Ebb
2012,66th Tony Awards,/wiki/66th_Tony_Awards,True,Newsies,https://en.wikipedia.org/wiki/Newsies_(musical),Alan Menken,https://en.wikipedia.org/wiki/Alan_Menken,Jack Feldman,https://en.wikipedia.org/wiki/Jack_Feldman_(songwriter)
2012,66th Tony Awards,/wiki/66th_Tony_Awards,False,Bonnie & Clyde,https://en.wikipedia.org/wiki/Bonnie_%26_Clyde_(musical),Frank Wildhorn,https://en.wikipedia.org/wiki/Frank_Wildhorn,Don Black,https://en.wikipedia.org/wiki/Don_Black_(lyricist)
2012,66th Tony Awards,/wiki/66th_Tony_Awards,False,"One Man, Two Guvnors","https://en.wikipedia.org/wiki/One_Man,_Two_Guvnors",Grant Olding,,Grant Olding,
2012,66th Tony Awards,/wiki/66th_Tony_Awards,False,Peter and the Starcatcher,https://en.wikipedia.org/wiki/Peter_and_the_Starcatcher,Wayne Barker,,Rick Elice,https://en.wikipedia.org/wiki/Rick_Elice
2013,67th Tony Awards,/wiki/67th_Tony_Awards,True,Kinky Boots,https://en.wikipedia.org/wiki/Kinky_Boots_(musical),Cyndi Lauper,https://en.wikipedia.org/wiki/Cyndi_Lauper,Cyndi Lauper,https://en.wikipedia.org/wiki/Cyndi_Lauper
2013,67th Tony Awards,/wiki/67th_Tony_Awards,False,A Christmas Story: The Musical,https://en.wikipedia.org/wiki/A_Christmas_Story:_The_Musical,Pasek & Paul,https://en.wikipedia.org/wiki/Pasek_and_Paul,Pasek & Paul,https://en.wikipedia.org/wiki/Pasek_and_Paul
2013,67th Tony Awards,/wiki/67th_Tony_Awards,False,Matilda the Musical,https://en.wikipedia.org/wiki/Matilda_the_Musical,Tim Minchin,https://en.wikipedia.org/wiki/Tim_Minchin,Tim Minchin,https://en.wikipedia.org/wiki/Tim_Minchin
2013,67th Tony Awards,/wiki/67th_Tony_Awards,False,Hands on a Hardbody,https://en.wikipedia.org/wiki/Hands_on_a_Hardbody_(musical),Trey Anastasio&Amanda Green,https://en.wikipedia.org/wiki/Trey_Anastasio,Green,
2014,68th Tony Awards,/wiki/68th_Tony_Awards,False,A Gentleman's Guide to Love and Murder,https://en.wikipedia.org/wiki/A_Gentleman%27s_Guide_to_Love_and_Murder,Steven Lutvak,https://en.wikipedia.org/wiki/Steven_Lutvak,Robert L. Freedman& Lutvak,https://en.wikipedia.org/wiki/Robert_L._Freedman
2014,68th Tony Awards,/wiki/68th_Tony_Awards,False,If/Then,https://en.wikipedia.org/wiki/If/Then,Tom Kitt,https://en.wikipedia.org/wiki/Tom_Kitt_(musician),Brian Yorkey,https://en.wikipedia.org/wiki/Brian_Yorkey
2014,68th Tony Awards,/wiki/68th_Tony_Awards,False,Aladdin,https://en.wikipedia.org/wiki/Aladdin_(2011_musical),Alan Menken,https://en.wikipedia.org/wiki/Alan_Menken,"Howard Ashman,Chad Beguelin&Tim Rice",https://en.wikipedia.org/wiki/Howard_Ashman
2014,68th Tony Awards,/wiki/68th_Tony_Awards,True,The Bridges of Madison County,https://en.wikipedia.org/wiki/The_Bridges_of_Madison_County_(musical),Jason Robert Brown,https://en.wikipedia.org/wiki/Jason_Robert_Brown,Jason Robert Brown,https://en.wikipedia.org/wiki/Jason_Robert_Brown
2015,69th Tony Awards,/wiki/69th_Tony_Awards,True,Fun Home,https://en.wikipedia.org/wiki/Fun_Home_(musical),Jeanine Tesori,https://en.wikipedia.org/wiki/Jeanine_Tesori,Lisa Kron,https://en.wikipedia.org/wiki/Lisa_Kron
2015,69th Tony Awards,/wiki/69th_Tony_Awards,False,The Last Ship,https://en.wikipedia.org/wiki/The_Last_Ship_(musical),Sting,https://en.wikipedia.org/wiki/Sting_(musician),Sting,https://en.wikipedia.org/wiki/Sting_(musician)
2015,69th Tony Awards,/wiki/69th_Tony_Awards,False,Something Rotten!,https://en.wikipedia.org/wiki/Something_Rotten!,Karey&Wayne Kirkpatrick,https://en.wikipedia.org/wiki/Karey_Kirkpatrick,Karey&Wayne Kirkpatrick,https://en.wikipedia.org/wiki/Karey_Kirkpatrick
2015,69th Tony Awards,/wiki/69th_Tony_Awards,False,The Visit,https://en.wikipedia.org/wiki/The_Visit_(musical),John Kander,https://en.wikipedia.org/wiki/John_Kander,Fred Ebb,https://en.wikipedia.org/wiki/Fred_Ebb
2016,70th Tony Awards,/wiki/70th_Tony_Awards,False,Waitress,https://en.wikipedia.org/wiki/Waitress_(musical),Sara Bareilles,https://en.wikipedia.org/wiki/Sara_Bareilles,Sara Bareilles,https://en.wikipedia.org/wiki/Sara_Bareilles
2016,70th Tony Awards,/wiki/70th_Tony_Awards,True,Hamilton,https://en.wikipedia.org/wiki/Hamilton_(musical),Lin-Manuel Miranda,https://en.wikipedia.org/wiki/Lin-Manuel_Miranda,Lin-Manuel Miranda,https://en.wikipedia.org/wiki/Lin-Manuel_Miranda
2016,70th Tony Awards,/wiki/70th_Tony_Awards,False,Bright Star,https://en.wikipedia.org/wiki/Bright_Star_(musical),Edie Brickell,https://en.wikipedia.org/wiki/Edie_Brickell,Brickell &Steve Martin,https://en.wikipedia.org/wiki/Steve_Martin
2016,70th Tony Awards,/wiki/70th_Tony_Awards,False,School of Rock,https://en.wikipedia.org/wiki/School_of_Rock_(musical),Andrew Lloyd Webber,https://en.wikipedia.org/wiki/Andrew_Lloyd_Webber,Glenn Slater,https://en.wikipedia.org/wiki/Glenn_Slater
2017,71st Tony Awards,/wiki/71st_Tony_Awards,False,"Natasha, Pierre & The Great Comet of 1812","https://en.wikipedia.org/wiki/Natasha,_Pierre_%26_The_Great_Comet_of_1812",Dave Malloy,https://en.wikipedia.org/wiki/Dave_Malloy,Dave Malloy,https://en.wikipedia.org/wiki/Dave_Malloy
2017,71st Tony Awards,/wiki/71st_Tony_Awards,False,Groundhog Day,https://en.wikipedia.org/wiki/Groundhog_Day_(musical),Tim Minchin,https://en.wikipedia.org/wiki/Tim_Minchin,Tim Minchin,https://en.wikipedia.org/wiki/Tim_Minchin
2017,71st Tony Awards,/wiki/71st_Tony_Awards,True,Dear Evan Hansen,https://en.wikipedia.org/wiki/Dear_Evan_Hansen,Pasek & Paul,https://en.wikipedia.org/wiki/Pasek_and_Paul,Pasek & Paul,https://en.wikipedia.org/wiki/Pasek_and_Paul
2017,71st Tony Awards,/wiki/71st_Tony_Awards,False,Come from Away,https://en.wikipedia.org/wiki/Come_from_Away,David Hein&Irene Sankoff,https://en.wikipedia.org/wiki/David_Hein,David Hein&Irene Sankoff,https://en.wikipedia.org/wiki/David_Hein
2018,72nd Tony Awards,/wiki/72nd_Tony_Awards,False,Mean Girls,https://en.wikipedia.org/wiki/Mean_Girls_(musical),Jeff Richmond,https://en.wikipedia.org/wiki/Jeff_Richmond,Nell Benjamin,https://en.wikipedia.org/wiki/Nell_Benjamin
2018,72nd Tony Awards,/wiki/72nd_Tony_Awards,True,The Band's Visit,https://en.wikipedia.org/wiki/The_Band%27s_Visit_(musical),David Yazbek,https://en.wikipedia.org/wiki/David_Yazbek,David Yazbek,https://en.wikipedia.org/wiki/David_Yazbek
2018,72nd Tony Awards,/wiki/72nd_Tony_Awards,False,Angels in America,https://en.wikipedia.org/wiki/Angels_in_America,Adrian Sutton,,,
2018,72nd Tony Awards,/wiki/72nd_Tony_Awards,False,Frozen,https://en.wikipedia.org/wiki/Frozen_(musical),Robert Lopez&Kristen Anderson-Lopez,https://en.wikipedia.org/wiki/Robert_Lopez,Robert Lopez&Kristen Anderson-Lopez,https://en.wikipedia.org/wiki/Robert_Lopez
2018,72nd Tony Awards,/wiki/72nd_Tony_Awards,False,SpongeBob SquarePants,https://en.wikipedia.org/wiki/SpongeBob_SquarePants_(musical),"Yolanda Adams,Sara Bareilles,Jonathan Coulton, Domani,Alex Ebert,The Flaming Lips,Rob Hyman,Lady Antebellum,Cyndi Lauper,John Legend,Lil'C,Panic! at the Disco,Plain White T's,Joe Perry,They Might Be Giants,T.I.&Steven Tyler",https://en.wikipedia.org/wiki/Yolanda_Adams,"Yolanda Adams,Sara Bareilles,Jonathan Coulton, Domani,Alex Ebert,The Flaming Lips,Rob Hyman,Lady Antebellum,Cyndi Lauper,John Legend,Lil'C,Panic! at the Disco,Plain White T's,Joe Perry,They Might Be Giants,T.I.&Steven Tyler",https://en.wikipedia.org/wiki/Yolanda_Adams
2019,73rd Tony Awards,/wiki/73rd_Tony_Awards,False,To Kill a Mockingbird,https://en.wikipedia.org/wiki/To_Kill_a_Mockingbird_(2018_play),Adam Guettel,https://en.wikipedia.org/wiki/Adam_Guettel,,
2019,73rd Tony Awards,/wiki/73rd_Tony_Awards,False,The Prom,https://en.wikipedia.org/wiki/The_Prom_(musical),Matthew Sklar,https://en.wikipedia.org/wiki/Matthew_Sklar,Chad Beguelin,https://en.wikipedia.org/wiki/Chad_Beguelin
2019,73rd Tony Awards,/wiki/73rd_Tony_Awards,False,Tootsie,https://en.wikipedia.org/wiki/Tootsie_(musical),David Yazbek,https://en.wikipedia.org/wiki/David_Yazbek,David Yazbek,https://en.wikipedia.org/wiki/David_Yazbek
2019,73rd Tony Awards,/wiki/73rd_Tony_Awards,False,Be More Chill,https://en.wikipedia.org/wiki/Be_More_Chill_(musical),Joe Iconis,https://en.wikipedia.org/wiki/Joe_Iconis,Joe Iconis,https://en.wikipedia.org/wiki/Joe_Iconis
2019,73rd Tony Awards,/wiki/73rd_Tony_Awards,True,Hadestown,https://en.wikipedia.org/wiki/Hadestown_(musical),Anaïs Mitchell,https://en.wikipedia.org/wiki/Ana%C3%AFs_Mitchell,Anaïs Mitchell,https://en.wikipedia.org/wiki/Ana%C3%AFs_Mitchell
2019,73rd Tony Awards,/wiki/73rd_Tony_Awards,False,Beetlejuice,https://en.wikipedia.org/wiki/Beetlejuice_(musical),Eddie Perfect,https://en.wikipedia.org/wiki/Eddie_Perfect,Eddie Perfect,https://en.wikipedia.org/wiki/Eddie_Perfect
2020,74th Tony Awards,/wiki/74th_Tony_Awards,False,The Rose Tattoo,https://en.wikipedia.org/wiki/The_Rose_Tattoo,Fitz Patton & Jason Michael Webb,,,
2020,74th Tony Awards,/wiki/74th_Tony_Awards,False,Slave Play,https://en.wikipedia.org/wiki/Slave_Play,Lindsay Jones,https://en.wikipedia.org/wiki/Lindsay_Jones_(composer),,
2020,74th Tony Awards,/wiki/74th_Tony_Awards,False,A Christmas Carol,https://en.wikipedia.org/wiki/A_Christmas_Carol_(2017_play),Christopher Nightingale,,,
2020,74th Tony Awards,/wiki/74th_Tony_Awards,False,The Inheritance,https://en.wikipedia.org/wiki/The_Inheritance_(play),Paul Englishby,https://en.wikipedia.org/wiki/Paul_Englishby,,
2020,74th Tony Awards,/wiki/74th_Tony_Awards,False,The Sound Inside,https://en.wikipedia.org/wiki/The_Sound_Inside_(play),Daniel Kluger,,,
