year,season,season_link,winner,production,production_link,author,author_link
1948,2nd Tony Awards,/wiki/2nd_Tony_Awards,True,Mister Roberts,https://en.wikipedia.org/wiki/Mister_Roberts_(play),Thomas Heggen&Joshua Logan,https://en.wikipedia.org/wiki/Thomas_Heggen
1949,3rd Tony Awards,/wiki/3rd_Tony_Awards,True,Death of a Salesman†,https://en.wikipedia.org/wiki/Death_of_a_Salesman,Arthur Miller,https://en.wikipedia.org/wiki/Arthur_Miller
1950,4th Tony Awards,/wiki/4th_Tony_Awards,True,The Cocktail Party,https://en.wikipedia.org/wiki/The_Cocktail_Party,T. S. Eliot,https://en.wikipedia.org/wiki/T._S._Eliot
1951,5th Tony Awards,/wiki/5th_Tony_Awards,True,The Rose Tattoo,https://en.wikipedia.org/wiki/The_Rose_Tattoo,Tennessee Williams,https://en.wikipedia.org/wiki/Tennessee_Williams
1952,6th Tony Awards,/wiki/6th_Tony_Awards,True,The Fourposter,https://en.wikipedia.org/wiki/The_Fourposter,Jan de Hartog,https://en.wikipedia.org/wiki/Jan_de_Hartog
1953,7th Tony Awards,/wiki/7th_Tony_Awards,True,The Crucible,https://en.wikipedia.org/wiki/The_Crucible,Arthur Miller,https://en.wikipedia.org/wiki/Arthur_Miller
1954,8th Tony Awards,/wiki/8th_Tony_Awards,True,The Teahouse of the August Moon†,https://en.wikipedia.org/wiki/The_Teahouse_of_the_August_Moon_(play),John Patrick,https://en.wikipedia.org/wiki/John_Patrick_(dramatist)
1955,9th Tony Awards,/wiki/9th_Tony_Awards,True,The Desperate Hours,https://en.wikipedia.org/wiki/The_Desperate_Hours_(play),Joseph Hayes,https://en.wikipedia.org/wiki/Joseph_Hayes_(author)
1956,10th Tony Awards,/wiki/10th_Tony_Awards,True,The Diary of Anne Frank†,https://en.wikipedia.org/wiki/The_Diary_of_Anne_Frank_(play),Frances Goodrich&Albert Hackett,https://en.wikipedia.org/wiki/Frances_Goodrich
1956,10th Tony Awards,/wiki/10th_Tony_Awards,False,Bus Stop,https://en.wikipedia.org/wiki/Bus_Stop_(play),William Inge,https://en.wikipedia.org/wiki/William_Inge
1956,10th Tony Awards,/wiki/10th_Tony_Awards,False,Cat on a Hot Tin Roof†,https://en.wikipedia.org/wiki/Cat_on_a_Hot_Tin_Roof,Tennessee Williams,https://en.wikipedia.org/wiki/Tennessee_Williams
1956,10th Tony Awards,/wiki/10th_Tony_Awards,False,Tiger at the Gates,https://en.wikipedia.org/wiki/Tiger_at_the_Gates,Jean Giraudoux,https://en.wikipedia.org/wiki/Jean_Giraudoux
1956,10th Tony Awards,/wiki/10th_Tony_Awards,False,The Chalk Garden,https://en.wikipedia.org/wiki/The_Chalk_Garden,Enid Bagnold,https://en.wikipedia.org/wiki/Enid_Bagnold
1957,11th Tony Awards,/wiki/11th_Tony_Awards,False,The Waltz of the Toreadors,https://en.wikipedia.org/wiki/The_Waltz_of_the_Toreadors,Jean Anouilh,https://en.wikipedia.org/wiki/Jean_Anouilh
1957,11th Tony Awards,/wiki/11th_Tony_Awards,False,The Potting Shed,https://en.wikipedia.org/wiki/The_Potting_Shed,Graham Greene,https://en.wikipedia.org/wiki/Graham_Greene
1957,11th Tony Awards,/wiki/11th_Tony_Awards,True,Long Day's Journey into Night†,https://en.wikipedia.org/wiki/Long_Day%27s_Journey_into_Night,Eugene O'Neill,https://en.wikipedia.org/wiki/Eugene_O%27Neill
1957,11th Tony Awards,/wiki/11th_Tony_Awards,False,Separate Tables,https://en.wikipedia.org/wiki/Separate_Tables,Terence Rattigan,https://en.wikipedia.org/wiki/Terence_Rattigan
1958,12th Tony Awards,/wiki/12th_Tony_Awards,False,Time Remembered,,Jean Anouilh,https://en.wikipedia.org/wiki/Jean_Anouilh
1958,12th Tony Awards,/wiki/12th_Tony_Awards,True,Sunrise at Campobello,https://en.wikipedia.org/wiki/Sunrise_at_Campobello_(play),Dore Schary,https://en.wikipedia.org/wiki/Dore_Schary
1958,12th Tony Awards,/wiki/12th_Tony_Awards,False,Look Back in Anger,https://en.wikipedia.org/wiki/Look_Back_in_Anger,John Osborne,https://en.wikipedia.org/wiki/John_Osborne
1958,12th Tony Awards,/wiki/12th_Tony_Awards,False,"Look Homeward, Angel†","https://en.wikipedia.org/wiki/Look_Homeward,_Angel_(play)",Ketti Frings,https://en.wikipedia.org/wiki/Ketti_Frings
1958,12th Tony Awards,/wiki/12th_Tony_Awards,False,Romanoff and Juliet,https://en.wikipedia.org/wiki/Romanoff_and_Juliet_(play),Peter Ustinov,https://en.wikipedia.org/wiki/Peter_Ustinov
1958,12th Tony Awards,/wiki/12th_Tony_Awards,False,The Dark at the Top of the Stairs,https://en.wikipedia.org/wiki/The_Dark_at_the_Top_of_the_Stairs,William Inge,https://en.wikipedia.org/wiki/William_Inge
1958,12th Tony Awards,/wiki/12th_Tony_Awards,False,The Rope Dancers,,Morton Wishengrad,
1958,12th Tony Awards,/wiki/12th_Tony_Awards,False,Two for the Seesaw,https://en.wikipedia.org/wiki/Two_for_the_Seesaw_(play),William Gibson,https://en.wikipedia.org/wiki/William_Gibson_(playwright)
1959,13th Tony Awards,/wiki/13th_Tony_Awards,True,J.B.†,https://en.wikipedia.org/wiki/J.B._(play),Archibald MacLeish,https://en.wikipedia.org/wiki/Archibald_MacLeish
1959,13th Tony Awards,/wiki/13th_Tony_Awards,False,A Touch of the Poet,https://en.wikipedia.org/wiki/A_Touch_of_the_Poet,Eugene O'Neill,https://en.wikipedia.org/wiki/Eugene_O%27Neill
1959,13th Tony Awards,/wiki/13th_Tony_Awards,False,Epitaph for George Dillon,https://en.wikipedia.org/wiki/Epitaph_for_George_Dillon,John Osborne,https://en.wikipedia.org/wiki/John_Osborne
1959,13th Tony Awards,/wiki/13th_Tony_Awards,False,The Disenchanted,https://en.wikipedia.org/wiki/The_Disenchanted,Harvey Breit&Budd Schulberg,https://en.wikipedia.org/wiki/Harvey_Breit
1959,13th Tony Awards,/wiki/13th_Tony_Awards,False,The Visit,https://en.wikipedia.org/wiki/The_Visit_(play),Friedrich Dürrenmatt,https://en.wikipedia.org/wiki/Friedrich_D%C3%BCrrenmatt
1960,14th Tony Awards,/wiki/14th_Tony_Awards,False,The Tenth Man,https://en.wikipedia.org/wiki/The_Tenth_Man_(Chayefsky_play),Paddy Chayefsky,https://en.wikipedia.org/wiki/Paddy_Chayefsky
1960,14th Tony Awards,/wiki/14th_Tony_Awards,False,The Best Man,https://en.wikipedia.org/wiki/The_Best_Man_(play),Gore Vidal,https://en.wikipedia.org/wiki/Gore_Vidal
1960,14th Tony Awards,/wiki/14th_Tony_Awards,False,Toys in the Attic,https://en.wikipedia.org/wiki/Toys_in_the_Attic_(play),Lillian Hellman,https://en.wikipedia.org/wiki/Lillian_Hellman
1960,14th Tony Awards,/wiki/14th_Tony_Awards,True,The Miracle Worker,https://en.wikipedia.org/wiki/The_Miracle_Worker_(play),William Gibson,https://en.wikipedia.org/wiki/William_Gibson_(playwright)
1960,14th Tony Awards,/wiki/14th_Tony_Awards,False,A Raisin in the Sun,https://en.wikipedia.org/wiki/A_Raisin_in_the_Sun,Lorraine Hansberry,https://en.wikipedia.org/wiki/Lorraine_Hansberry
1961,15th Tony Awards,/wiki/15th_Tony_Awards,True,Becket,https://en.wikipedia.org/wiki/Becket,Jean Anouilh,https://en.wikipedia.org/wiki/Jean_Anouilh
1961,15th Tony Awards,/wiki/15th_Tony_Awards,False,All the Way Home†,https://en.wikipedia.org/wiki/All_the_Way_Home_(play),Tad Mosel,https://en.wikipedia.org/wiki/Tad_Mosel
1961,15th Tony Awards,/wiki/15th_Tony_Awards,False,The Devil's Advocate,https://en.wikipedia.org/wiki/The_Devil%27s_Advocate_(Morris_West_novel),Dore Schary,https://en.wikipedia.org/wiki/Dore_Schary
1961,15th Tony Awards,/wiki/15th_Tony_Awards,False,The Hostage,https://en.wikipedia.org/wiki/The_Hostage_(play),Brendan Behan,https://en.wikipedia.org/wiki/Brendan_Behan
1962,16th Tony Awards,/wiki/16th_Tony_Awards,True,A Man for All Seasons,https://en.wikipedia.org/wiki/A_Man_for_All_Seasons,Robert Bolt,https://en.wikipedia.org/wiki/Robert_Bolt
1962,16th Tony Awards,/wiki/16th_Tony_Awards,False,Gideon,https://en.wikipedia.org/wiki/Gideon_(play),Paddy Chayefsky,https://en.wikipedia.org/wiki/Paddy_Chayefsky
1962,16th Tony Awards,/wiki/16th_Tony_Awards,False,The Caretaker,https://en.wikipedia.org/wiki/The_Caretaker,Harold Pinter,https://en.wikipedia.org/wiki/Harold_Pinter
1962,16th Tony Awards,/wiki/16th_Tony_Awards,False,The Night of the Iguana,https://en.wikipedia.org/wiki/The_Night_of_the_Iguana,Tennessee Williams,https://en.wikipedia.org/wiki/Tennessee_Williams
1963,17th Tony Awards,/wiki/17th_Tony_Awards,True,Who's Afraid of Virginia Woolf?,https://en.wikipedia.org/wiki/Who%27s_Afraid_of_Virginia_Woolf%3F,Edward Albee,https://en.wikipedia.org/wiki/Edward_Albee
1963,17th Tony Awards,/wiki/17th_Tony_Awards,False,A Thousand Clowns,https://en.wikipedia.org/wiki/A_Thousand_Clowns,Herb Gardner,https://en.wikipedia.org/wiki/Herb_Gardner
1963,17th Tony Awards,/wiki/17th_Tony_Awards,False,Mother Courage and Her Children,https://en.wikipedia.org/wiki/Mother_Courage_and_Her_Children,Bertolt Brecht,https://en.wikipedia.org/wiki/Bertolt_Brecht
1963,17th Tony Awards,/wiki/17th_Tony_Awards,False,Tchin-Tchin,https://en.wikipedia.org/wiki/Tchin-Tchin,Sidney Michaels,https://en.wikipedia.org/wiki/Sidney_Michaels
1964,18th Tony Awards,/wiki/18th_Tony_Awards,False,Dylan,https://en.wikipedia.org/wiki/Dylan_(1964_play),Sidney Michaels,https://en.wikipedia.org/wiki/Sidney_Michaels
1964,18th Tony Awards,/wiki/18th_Tony_Awards,False,The Ballad of the Sad Cafe,https://en.wikipedia.org/wiki/The_Ballad_of_the_Sad_Cafe,Edward Albee,https://en.wikipedia.org/wiki/Edward_Albee
1964,18th Tony Awards,/wiki/18th_Tony_Awards,True,Luther,https://en.wikipedia.org/wiki/Luther_(play),John Osborne,https://en.wikipedia.org/wiki/John_Osborne
1964,18th Tony Awards,/wiki/18th_Tony_Awards,False,Barefoot in the Park,https://en.wikipedia.org/wiki/Barefoot_in_the_Park,Neil Simon,https://en.wikipedia.org/wiki/Neil_Simon
1965,19th Tony Awards,/wiki/19th_Tony_Awards,True,The Subject Was Roses†,https://en.wikipedia.org/wiki/The_Subject_Was_Roses,Frank D. Gilroy,https://en.wikipedia.org/wiki/Frank_D._Gilroy
1965,19th Tony Awards,/wiki/19th_Tony_Awards,False,Luv,https://en.wikipedia.org/wiki/Luv_(play),Murray Schisgal,https://en.wikipedia.org/wiki/Murray_Schisgal
1965,19th Tony Awards,/wiki/19th_Tony_Awards,False,The Odd Couple,https://en.wikipedia.org/wiki/The_Odd_Couple_(play),Neil Simon,https://en.wikipedia.org/wiki/Neil_Simon
1965,19th Tony Awards,/wiki/19th_Tony_Awards,False,Tiny Alice,https://en.wikipedia.org/wiki/Tiny_Alice,Edward Albee,https://en.wikipedia.org/wiki/Edward_Albee
1966,20th Tony Awards,/wiki/20th_Tony_Awards,False,"Philadelphia, Here I Come!","https://en.wikipedia.org/wiki/Philadelphia,_Here_I_Come!",Brian Friel,https://en.wikipedia.org/wiki/Brian_Friel
1966,20th Tony Awards,/wiki/20th_Tony_Awards,False,The Right Honourable Gentleman,https://en.wikipedia.org/wiki/The_Right_Honourable_Gentleman,Michael Dyne,https://en.wikipedia.org/wiki/Michael_Dyne
1966,20th Tony Awards,/wiki/20th_Tony_Awards,True,Marat/Sade,https://en.wikipedia.org/wiki/Marat/Sade,Peter Weiss,https://en.wikipedia.org/wiki/Peter_Weiss
1966,20th Tony Awards,/wiki/20th_Tony_Awards,False,Inadmissible Evidence,https://en.wikipedia.org/wiki/Inadmissible_Evidence,John Osborne,https://en.wikipedia.org/wiki/John_Osborne
1967,21st Tony Awards,/wiki/21st_Tony_Awards,True,The Homecoming,https://en.wikipedia.org/wiki/The_Homecoming,Harold Pinter,https://en.wikipedia.org/wiki/Harold_Pinter
1967,21st Tony Awards,/wiki/21st_Tony_Awards,False,A Delicate Balance†,https://en.wikipedia.org/wiki/A_Delicate_Balance_(play),Edward Albee,https://en.wikipedia.org/wiki/Edward_Albee
1967,21st Tony Awards,/wiki/21st_Tony_Awards,False,Black Comedy,https://en.wikipedia.org/wiki/Black_Comedy_(play),Peter Shaffer,https://en.wikipedia.org/wiki/Peter_Shaffer
1967,21st Tony Awards,/wiki/21st_Tony_Awards,False,The Killing of Sister George,https://en.wikipedia.org/wiki/The_Killing_of_Sister_George,Frank Marcus,https://en.wikipedia.org/wiki/Frank_Marcus
1968,22nd Tony Awards,/wiki/22nd_Tony_Awards,True,Rosencrantz and Guildenstern Are Dead,https://en.wikipedia.org/wiki/Rosencrantz_and_Guildenstern_Are_Dead,Tom Stoppard,https://en.wikipedia.org/wiki/Tom_Stoppard
1968,22nd Tony Awards,/wiki/22nd_Tony_Awards,False,A Day in the Death of Joe Egg,https://en.wikipedia.org/wiki/A_Day_in_the_Death_of_Joe_Egg,Peter Nichols,https://en.wikipedia.org/wiki/Peter_Nichols_(playwright)
1968,22nd Tony Awards,/wiki/22nd_Tony_Awards,False,Plaza Suite,https://en.wikipedia.org/wiki/Plaza_Suite,Neil Simon,https://en.wikipedia.org/wiki/Neil_Simon
1968,22nd Tony Awards,/wiki/22nd_Tony_Awards,False,The Price,https://en.wikipedia.org/wiki/The_Price_(play),Arthur Miller,https://en.wikipedia.org/wiki/Arthur_Miller
1969,23rd Tony Awards,/wiki/23rd_Tony_Awards,False,The Man in the Glass Booth,https://en.wikipedia.org/wiki/The_Man_in_the_Glass_Booth,Robert Shaw,https://en.wikipedia.org/wiki/Robert_Shaw_(British_actor)
1969,23rd Tony Awards,/wiki/23rd_Tony_Awards,False,Lovers,https://en.wikipedia.org/wiki/Lovers_(play),Brian Friel,https://en.wikipedia.org/wiki/Brian_Friel
1969,23rd Tony Awards,/wiki/23rd_Tony_Awards,False,Hadrian VII,https://en.wikipedia.org/wiki/Hadrian_the_Seventh,Peter Luke,https://en.wikipedia.org/wiki/Peter_Luke
1969,23rd Tony Awards,/wiki/23rd_Tony_Awards,True,The Great White Hope†,https://en.wikipedia.org/wiki/The_Great_White_Hope,Howard Sackler,https://en.wikipedia.org/wiki/Howard_Sackler
1970,24th Tony Awards,/wiki/24th_Tony_Awards,True,Borstal Boy,https://en.wikipedia.org/wiki/Borstal_Boy_(play),Frank McMahon,https://en.wikipedia.org/wiki/Frank_McMahon_(author)
1970,24th Tony Awards,/wiki/24th_Tony_Awards,False,Child's Play,https://en.wikipedia.org/wiki/Child%27s_Play_(play),Robert Marasco,https://en.wikipedia.org/wiki/Robert_Marasco
1970,24th Tony Awards,/wiki/24th_Tony_Awards,False,Indians,https://en.wikipedia.org/wiki/Indians_(play),Arthur Kopit,https://en.wikipedia.org/wiki/Arthur_Kopit
1970,24th Tony Awards,/wiki/24th_Tony_Awards,False,The Last of the Red Hot Lovers,https://en.wikipedia.org/wiki/The_Last_of_the_Red_Hot_Lovers,Neil Simon,https://en.wikipedia.org/wiki/Neil_Simon
1971,25th Tony Awards,/wiki/25th_Tony_Awards,True,Sleuth,https://en.wikipedia.org/wiki/Sleuth_(play),Anthony Shaffer,https://en.wikipedia.org/wiki/Anthony_Shaffer_(writer)
1971,25th Tony Awards,/wiki/25th_Tony_Awards,False,Home,https://en.wikipedia.org/wiki/Home_(play),David Storey,https://en.wikipedia.org/wiki/David_Storey
1971,25th Tony Awards,/wiki/25th_Tony_Awards,False,Paul Sills' Story Theatre,https://en.wikipedia.org/wiki/Paul_Sills%27_Story_Theatre,Paul Sills,https://en.wikipedia.org/wiki/Paul_Sills
1971,25th Tony Awards,/wiki/25th_Tony_Awards,False,The Philanthropist,https://en.wikipedia.org/wiki/The_Philanthropist_(play),Christopher Hampton,https://en.wikipedia.org/wiki/Christopher_Hampton
1972,26th Tony Awards,/wiki/26th_Tony_Awards,True,Sticks and Bones,https://en.wikipedia.org/wiki/Sticks_and_Bones,David Rabe,https://en.wikipedia.org/wiki/David_Rabe
1972,26th Tony Awards,/wiki/26th_Tony_Awards,False,Old Times,https://en.wikipedia.org/wiki/Old_Times,Harold Pinter,https://en.wikipedia.org/wiki/Harold_Pinter
1972,26th Tony Awards,/wiki/26th_Tony_Awards,False,The Prisoner of Second Avenue,https://en.wikipedia.org/wiki/The_Prisoner_of_Second_Avenue,Neil Simon,https://en.wikipedia.org/wiki/Neil_Simon
1972,26th Tony Awards,/wiki/26th_Tony_Awards,False,Vivat! Vivat Regina!,https://en.wikipedia.org/wiki/Vivat!_Vivat_Regina!,Robert Bolt,https://en.wikipedia.org/wiki/Robert_Bolt
1973,27th Tony Awards,/wiki/27th_Tony_Awards,False,The Sunshine Boys,https://en.wikipedia.org/wiki/The_Sunshine_Boys,Neil Simon,https://en.wikipedia.org/wiki/Neil_Simon
1973,27th Tony Awards,/wiki/27th_Tony_Awards,False,The Changing Room,https://en.wikipedia.org/wiki/The_Changing_Room,David Storey,https://en.wikipedia.org/wiki/David_Storey
1973,27th Tony Awards,/wiki/27th_Tony_Awards,True,That Championship Season†,https://en.wikipedia.org/wiki/That_Championship_Season,Jason Miller,https://en.wikipedia.org/wiki/Jason_Miller_(playwright)
1973,27th Tony Awards,/wiki/27th_Tony_Awards,False,Butley,https://en.wikipedia.org/wiki/Butley_(play),Simon Gray,https://en.wikipedia.org/wiki/Simon_Gray
1974,28th Tony Awards,/wiki/28th_Tony_Awards,True,The River Niger,https://en.wikipedia.org/wiki/The_River_Niger,Joseph A. Walker,https://en.wikipedia.org/wiki/Joseph_A._Walker_(playwright)
1974,28th Tony Awards,/wiki/28th_Tony_Awards,False,In the Boom Boom Room,https://en.wikipedia.org/wiki/In_the_Boom_Boom_Room,David Rabe,https://en.wikipedia.org/wiki/David_Rabe
1974,28th Tony Awards,/wiki/28th_Tony_Awards,False,The Au Pair Man,,Hugh Leonard,https://en.wikipedia.org/wiki/Hugh_Leonard
1974,28th Tony Awards,/wiki/28th_Tony_Awards,False,Ulysses in Nighttown,https://en.wikipedia.org/wiki/Ulysses_in_Nighttown,Marjorie Barkentin,
1975,29th Tony Awards,/wiki/29th_Tony_Awards,False,Seascape†,https://en.wikipedia.org/wiki/Seascape_(play),Edward Albee,https://en.wikipedia.org/wiki/Edward_Albee
1975,29th Tony Awards,/wiki/29th_Tony_Awards,True,Equus,https://en.wikipedia.org/wiki/Equus_(play),Peter Shaffer,https://en.wikipedia.org/wiki/Peter_Shaffer
1975,29th Tony Awards,/wiki/29th_Tony_Awards,False,"Same Time, Next Year","https://en.wikipedia.org/wiki/Same_Time,_Next_Year_(play)",Bernard Slade,https://en.wikipedia.org/wiki/Bernard_Slade
1975,29th Tony Awards,/wiki/29th_Tony_Awards,False,Short Eyes,https://en.wikipedia.org/wiki/Short_Eyes_(play),Miguel Pinero,https://en.wikipedia.org/wiki/Miguel_Pinero
1975,29th Tony Awards,/wiki/29th_Tony_Awards,False,Sizwe Banzi Is Dead/The Island,https://en.wikipedia.org/wiki/Sizwe_Banzi_Is_Dead,"Athol Fugard,John Kani&Winston Ntshona",https://en.wikipedia.org/wiki/Athol_Fugard
1975,29th Tony Awards,/wiki/29th_Tony_Awards,False,The National Health,https://en.wikipedia.org/wiki/The_National_Health_(play),Peter Nichols,https://en.wikipedia.org/wiki/Peter_Nichols_(playwright)
1976,30th Tony Awards,/wiki/30th_Tony_Awards,False,Lamppost Reunion,,Louis La Russo,
1976,30th Tony Awards,/wiki/30th_Tony_Awards,False,The First Breeze of Summer,,Leslie Lee,https://en.wikipedia.org/wiki/Leslie_Lee_(playwright)
1976,30th Tony Awards,/wiki/30th_Tony_Awards,True,Travesties,https://en.wikipedia.org/wiki/Travesties,Tom Stoppard,https://en.wikipedia.org/wiki/Tom_Stoppard
1976,30th Tony Awards,/wiki/30th_Tony_Awards,False,Knock Knock,https://en.wikipedia.org/wiki/Knock_Knock_(play),Jules Feiffer,https://en.wikipedia.org/wiki/Jules_Feiffer
1977,31st Tony Awards,/wiki/31st_Tony_Awards,False,Streamers,https://en.wikipedia.org/wiki/Streamers_(play),David Rabe,https://en.wikipedia.org/wiki/David_Rabe
1977,31st Tony Awards,/wiki/31st_Tony_Awards,False,Otherwise Engaged,https://en.wikipedia.org/wiki/Otherwise_Engaged,Simon Gray,https://en.wikipedia.org/wiki/Simon_Gray
1977,31st Tony Awards,/wiki/31st_Tony_Awards,True,The Shadow Box†,https://en.wikipedia.org/wiki/The_Shadow_Box,Michael Cristofer,https://en.wikipedia.org/wiki/Michael_Cristofer
1977,31st Tony Awards,/wiki/31st_Tony_Awards,False,For Colored Girls Who Have Considered Suicide When the Rainbow Is Enuf,https://en.wikipedia.org/wiki/For_Colored_Girls_Who_Have_Considered_Suicide_When_the_Rainbow_Is_Enuf,Ntozake Shange,https://en.wikipedia.org/wiki/Ntozake_Shange
1978,32nd Tony Awards,/wiki/32nd_Tony_Awards,True,Da,https://en.wikipedia.org/wiki/Da_(play),Hugh Leonard,https://en.wikipedia.org/wiki/Hugh_Leonard
1978,32nd Tony Awards,/wiki/32nd_Tony_Awards,False,Chapter Two,https://en.wikipedia.org/wiki/Chapter_Two_(play),Neil Simon,https://en.wikipedia.org/wiki/Neil_Simon
1978,32nd Tony Awards,/wiki/32nd_Tony_Awards,False,Deathtrap,https://en.wikipedia.org/wiki/Deathtrap_(play),Ira Levin,https://en.wikipedia.org/wiki/Ira_Levin
1978,32nd Tony Awards,/wiki/32nd_Tony_Awards,False,The Gin Game†,https://en.wikipedia.org/wiki/The_Gin_Game,Donald L. Coburn,https://en.wikipedia.org/wiki/Donald_L._Coburn
1979,33rd Tony Awards,/wiki/33rd_Tony_Awards,True,The Elephant Man,https://en.wikipedia.org/wiki/The_Elephant_Man_(play),Bernard Pomerance,https://en.wikipedia.org/wiki/Bernard_Pomerance
1979,33rd Tony Awards,/wiki/33rd_Tony_Awards,False,Bedroom Farce,https://en.wikipedia.org/wiki/Bedroom_Farce_(play),Alan Ayckbourn,https://en.wikipedia.org/wiki/Alan_Ayckbourn
1979,33rd Tony Awards,/wiki/33rd_Tony_Awards,False,Whose Life Is It Anyway?,https://en.wikipedia.org/wiki/Whose_Life_Is_It_Anyway%3F_(play),Brian Clark,https://en.wikipedia.org/wiki/Brian_Clark_(writer)
1979,33rd Tony Awards,/wiki/33rd_Tony_Awards,False,Wings,https://en.wikipedia.org/wiki/Wings_(play),Arthur Kopit,https://en.wikipedia.org/wiki/Arthur_Kopit
1980,34th Tony Awards,/wiki/34th_Tony_Awards,True,Children of a Lesser God,https://en.wikipedia.org/wiki/Children_of_a_Lesser_God_(play),Mark Medoff,https://en.wikipedia.org/wiki/Mark_Medoff
1980,34th Tony Awards,/wiki/34th_Tony_Awards,False,Bent,https://en.wikipedia.org/wiki/Bent_(play),Martin Sherman,https://en.wikipedia.org/wiki/Martin_Sherman
1980,34th Tony Awards,/wiki/34th_Tony_Awards,False,Home,https://en.wikipedia.org/wiki/Home_(play),Samm-Art Williams,https://en.wikipedia.org/wiki/Samm-Art_Williams
1980,34th Tony Awards,/wiki/34th_Tony_Awards,False,Talley's Folly†,https://en.wikipedia.org/wiki/Talley%27s_Folly,Lanford Wilson,https://en.wikipedia.org/wiki/Lanford_Wilson
1981,35th Tony Awards,/wiki/35th_Tony_Awards,False,Fifth of July,https://en.wikipedia.org/wiki/Fifth_of_July,Lanford Wilson,https://en.wikipedia.org/wiki/Lanford_Wilson
1981,35th Tony Awards,/wiki/35th_Tony_Awards,False,A Life,https://en.wikipedia.org/wiki/A_Life_(play),Hugh Leonard,https://en.wikipedia.org/wiki/Hugh_Leonard
1981,35th Tony Awards,/wiki/35th_Tony_Awards,False,A Lesson from Aloes,https://en.wikipedia.org/wiki/A_Lesson_from_Aloes,Athol Fugard,https://en.wikipedia.org/wiki/Athol_Fugard
1981,35th Tony Awards,/wiki/35th_Tony_Awards,True,Amadeus,https://en.wikipedia.org/wiki/Amadeus_(play),Peter Shaffer,https://en.wikipedia.org/wiki/Peter_Shaffer
1982,36th Tony Awards,/wiki/36th_Tony_Awards,True,The Life and Adventures of Nicholas Nickleby,https://en.wikipedia.org/wiki/The_Life_and_Adventures_of_Nicholas_Nickleby_(play),David Edgar,https://en.wikipedia.org/wiki/David_Edgar_(playwright)
1982,36th Tony Awards,/wiki/36th_Tony_Awards,False,Crimes of the Heart†,https://en.wikipedia.org/wiki/Crimes_of_the_Heart,Beth Henley,https://en.wikipedia.org/wiki/Beth_Henley
1982,36th Tony Awards,/wiki/36th_Tony_Awards,False,"""Master Harold""...and the Boys",https://en.wikipedia.org/wiki/%22Master_Harold%22...and_the_Boys,Athol Fugard,https://en.wikipedia.org/wiki/Athol_Fugard
1982,36th Tony Awards,/wiki/36th_Tony_Awards,False,The Dresser,https://en.wikipedia.org/wiki/The_Dresser,Ronald Harwood,https://en.wikipedia.org/wiki/Ronald_Harwood
1983,37th Tony Awards,/wiki/37th_Tony_Awards,True,Torch Song Trilogy,https://en.wikipedia.org/wiki/Torch_Song_Trilogy,Harvey Fierstein,https://en.wikipedia.org/wiki/Harvey_Fierstein
1983,37th Tony Awards,/wiki/37th_Tony_Awards,False,Angels Fall,https://en.wikipedia.org/wiki/Angels_Fall,Lanford Wilson,https://en.wikipedia.org/wiki/Lanford_Wilson
1983,37th Tony Awards,/wiki/37th_Tony_Awards,False,Plenty,https://en.wikipedia.org/wiki/Plenty_(play),David Hare,https://en.wikipedia.org/wiki/David_Hare_(playwright)
1983,37th Tony Awards,/wiki/37th_Tony_Awards,False,"'night, Mother†","https://en.wikipedia.org/wiki/%27night,_Mother",Marsha Norman,https://en.wikipedia.org/wiki/Marsha_Norman
1984,38th Tony Awards,/wiki/38th_Tony_Awards,True,The Real Thing,https://en.wikipedia.org/wiki/The_Real_Thing_(play),Tom Stoppard,https://en.wikipedia.org/wiki/Tom_Stoppard
1984,38th Tony Awards,/wiki/38th_Tony_Awards,False,Glengarry Glen Ross†,https://en.wikipedia.org/wiki/Glengarry_Glen_Ross,David Mamet,https://en.wikipedia.org/wiki/David_Mamet
1984,38th Tony Awards,/wiki/38th_Tony_Awards,False,Noises Off,https://en.wikipedia.org/wiki/Noises_Off,Michael Frayn,https://en.wikipedia.org/wiki/Michael_Frayn
1984,38th Tony Awards,/wiki/38th_Tony_Awards,False,Play Memory,,Joanna Glass,https://en.wikipedia.org/wiki/Joanna_Glass
1985,39th Tony Awards,/wiki/39th_Tony_Awards,False,Hurlyburly,https://en.wikipedia.org/wiki/Hurlyburly,David Rabe,https://en.wikipedia.org/wiki/David_Rabe
1985,39th Tony Awards,/wiki/39th_Tony_Awards,False,Ma Rainey's Black Bottom,https://en.wikipedia.org/wiki/Ma_Rainey%27s_Black_Bottom,August Wilson,https://en.wikipedia.org/wiki/August_Wilson
1985,39th Tony Awards,/wiki/39th_Tony_Awards,True,Biloxi Blues,https://en.wikipedia.org/wiki/Biloxi_Blues,Neil Simon,https://en.wikipedia.org/wiki/Neil_Simon
1985,39th Tony Awards,/wiki/39th_Tony_Awards,False,As Is,https://en.wikipedia.org/wiki/As_Is_(play),William M. Hoffman,https://en.wikipedia.org/wiki/William_M._Hoffman
1986,40th Tony Awards,/wiki/40th_Tony_Awards,False,Blood Knot,https://en.wikipedia.org/wiki/Blood_Knot,Athol Fugard,https://en.wikipedia.org/wiki/Athol_Fugard
1986,40th Tony Awards,/wiki/40th_Tony_Awards,False,The House of Blue Leaves,https://en.wikipedia.org/wiki/The_House_of_Blue_Leaves,John Guare,https://en.wikipedia.org/wiki/John_Guare
1986,40th Tony Awards,/wiki/40th_Tony_Awards,True,I'm Not Rappaport,https://en.wikipedia.org/wiki/I%27m_Not_Rappaport,Herb Gardner,https://en.wikipedia.org/wiki/Herb_Gardner
1986,40th Tony Awards,/wiki/40th_Tony_Awards,False,Benefactors,https://en.wikipedia.org/wiki/Benefactors_(play),Michael Frayn,https://en.wikipedia.org/wiki/Michael_Frayn
1987,41st Tony Awards,/wiki/41st_Tony_Awards,True,Fences†,https://en.wikipedia.org/wiki/Fences_(play),August Wilson,https://en.wikipedia.org/wiki/August_Wilson
1987,41st Tony Awards,/wiki/41st_Tony_Awards,False,Broadway Bound*,https://en.wikipedia.org/wiki/Broadway_Bound,Neil Simon,https://en.wikipedia.org/wiki/Neil_Simon
1987,41st Tony Awards,/wiki/41st_Tony_Awards,False,Coastal Disturbances,https://en.wikipedia.org/wiki/Coastal_Disturbances,Tina Howe,https://en.wikipedia.org/wiki/Tina_Howe
1987,41st Tony Awards,/wiki/41st_Tony_Awards,False,Les Liaisons Dangereuses,https://en.wikipedia.org/wiki/Les_liaisons_dangereuses_(play),Christopher Hampton,https://en.wikipedia.org/wiki/Christopher_Hampton
1988,42nd Tony Awards,/wiki/42nd_Tony_Awards,True,M. Butterfly*,https://en.wikipedia.org/wiki/M._Butterfly,David Henry Hwang,https://en.wikipedia.org/wiki/David_Henry_Hwang
1988,42nd Tony Awards,/wiki/42nd_Tony_Awards,False,A Walk in the Woods*,https://en.wikipedia.org/wiki/A_Walk_in_the_Woods_(play),Lee Blessing,https://en.wikipedia.org/wiki/Lee_Blessing
1988,42nd Tony Awards,/wiki/42nd_Tony_Awards,False,Joe Turner's Come and Gone*,https://en.wikipedia.org/wiki/Joe_Turner%27s_Come_and_Gone,August Wilson,https://en.wikipedia.org/wiki/August_Wilson
1988,42nd Tony Awards,/wiki/42nd_Tony_Awards,False,Speed-the-Plow,https://en.wikipedia.org/wiki/Speed-the-Plow,David Mamet,https://en.wikipedia.org/wiki/David_Mamet
1989,43rd Tony Awards,/wiki/43rd_Tony_Awards,True,The Heidi Chronicles†,https://en.wikipedia.org/wiki/The_Heidi_Chronicles,Wendy Wasserstein,https://en.wikipedia.org/wiki/Wendy_Wasserstein
1989,43rd Tony Awards,/wiki/43rd_Tony_Awards,False,Largely New York,,Bill Irwin,https://en.wikipedia.org/wiki/Bill_Irwin
1989,43rd Tony Awards,/wiki/43rd_Tony_Awards,False,Lend Me a Tenor,https://en.wikipedia.org/wiki/Lend_Me_a_Tenor,Ken Ludwig,https://en.wikipedia.org/wiki/Ken_Ludwig
1989,43rd Tony Awards,/wiki/43rd_Tony_Awards,False,Shirley Valentine,https://en.wikipedia.org/wiki/Shirley_Valentine,Willy Russell,https://en.wikipedia.org/wiki/Willy_Russell
1990,44th Tony Awards,/wiki/44th_Tony_Awards,False,Prelude to a Kiss,https://en.wikipedia.org/wiki/Prelude_to_a_Kiss_(play),Craig Lucas,https://en.wikipedia.org/wiki/Craig_Lucas
1990,44th Tony Awards,/wiki/44th_Tony_Awards,False,The Piano Lesson†,https://en.wikipedia.org/wiki/The_Piano_Lesson,August Wilson,https://en.wikipedia.org/wiki/August_Wilson
1990,44th Tony Awards,/wiki/44th_Tony_Awards,True,The Grapes of Wrath,https://en.wikipedia.org/wiki/The_Grapes_of_Wrath_(play),Frank Galati,https://en.wikipedia.org/wiki/Frank_Galati
1990,44th Tony Awards,/wiki/44th_Tony_Awards,False,Lettice and Lovage,https://en.wikipedia.org/wiki/Lettice_and_Lovage,Peter Shaffer,https://en.wikipedia.org/wiki/Peter_Shaffer
1991,45th Tony Awards,/wiki/45th_Tony_Awards,False,Six Degrees of Separation*,https://en.wikipedia.org/wiki/Six_Degrees_of_Separation_(play),John Guare,https://en.wikipedia.org/wiki/John_Guare
1991,45th Tony Awards,/wiki/45th_Tony_Awards,False,Shadowlands,https://en.wikipedia.org/wiki/Shadowlands_(play),William Nicholson,https://en.wikipedia.org/wiki/William_Nicholson_(writer)
1991,45th Tony Awards,/wiki/45th_Tony_Awards,True,Lost in Yonkers†,https://en.wikipedia.org/wiki/Lost_in_Yonkers,Neil Simon,https://en.wikipedia.org/wiki/Neil_Simon
1991,45th Tony Awards,/wiki/45th_Tony_Awards,False,Our Country's Good,https://en.wikipedia.org/wiki/Our_Country%27s_Good,Timberlake Wertenbaker,https://en.wikipedia.org/wiki/Timberlake_Wertenbaker
1992,46th Tony Awards,/wiki/46th_Tony_Awards,True,Dancing at Lughnasa,https://en.wikipedia.org/wiki/Dancing_at_Lughnasa,Brian Friel,https://en.wikipedia.org/wiki/Brian_Friel
1992,46th Tony Awards,/wiki/46th_Tony_Awards,False,Four Baboons Adoring the Sun,,John Guare,https://en.wikipedia.org/wiki/John_Guare
1992,46th Tony Awards,/wiki/46th_Tony_Awards,False,Two Shakespearean Actors,,Richard Nelson,https://en.wikipedia.org/wiki/Richard_Nelson_(playwright)
1992,46th Tony Awards,/wiki/46th_Tony_Awards,False,Two Trains Running*,https://en.wikipedia.org/wiki/Two_Trains_Running,August Wilson,https://en.wikipedia.org/wiki/August_Wilson
1993,47th Tony Awards,/wiki/47th_Tony_Awards,True,Angels in America: Millennium Approaches†,https://en.wikipedia.org/wiki/Angels_in_America:_A_Gay_Fantasia_on_National_Themes,Tony Kushner,https://en.wikipedia.org/wiki/Tony_Kushner
1993,47th Tony Awards,/wiki/47th_Tony_Awards,False,Someone Who'll Watch Over Me,https://en.wikipedia.org/wiki/Someone_Who%27ll_Watch_Over_Me,Frank McGuinness,https://en.wikipedia.org/wiki/Frank_McGuinness
1993,47th Tony Awards,/wiki/47th_Tony_Awards,False,The Sisters Rosensweig,https://en.wikipedia.org/wiki/The_Sisters_Rosensweig,Wendy Wasserstein,https://en.wikipedia.org/wiki/Wendy_Wasserstein
1993,47th Tony Awards,/wiki/47th_Tony_Awards,False,The Song of Jacob Zulu,https://en.wikipedia.org/wiki/The_Song_of_Jacob_Zulu,Tug Yourgrau,https://en.wikipedia.org/wiki/Tug_Yourgrau
1994,48th Tony Awards,/wiki/48th_Tony_Awards,True,Angels in America: Perestroika,https://en.wikipedia.org/wiki/Angels_in_America:_A_Gay_Fantasia_on_National_Themes,Tony Kushner,https://en.wikipedia.org/wiki/Tony_Kushner
1994,48th Tony Awards,/wiki/48th_Tony_Awards,False,Broken Glass,https://en.wikipedia.org/wiki/Broken_Glass_(play),Arthur Miller,https://en.wikipedia.org/wiki/Arthur_Miller
1994,48th Tony Awards,/wiki/48th_Tony_Awards,False,The Kentucky Cycle†,https://en.wikipedia.org/wiki/The_Kentucky_Cycle,Robert Schenkkan,https://en.wikipedia.org/wiki/Robert_Schenkkan
1994,48th Tony Awards,/wiki/48th_Tony_Awards,False,"Twilight: Los Angeles, 1992","https://en.wikipedia.org/wiki/Twilight:_Los_Angeles,_1992",Anna Deavere Smith,https://en.wikipedia.org/wiki/Anna_Deavere_Smith
1995,49th Tony Awards,/wiki/49th_Tony_Awards,False,Indiscretions,https://en.wikipedia.org/wiki/Les_Parents_terribles,Jean Cocteau,https://en.wikipedia.org/wiki/Jean_Cocteau
1995,49th Tony Awards,/wiki/49th_Tony_Awards,False,Having Our Say,https://en.wikipedia.org/wiki/Having_Our_Say,Emily Mann,https://en.wikipedia.org/wiki/Emily_Mann_(director)
1995,49th Tony Awards,/wiki/49th_Tony_Awards,False,Arcadia,https://en.wikipedia.org/wiki/Arcadia_(play),Tom Stoppard,https://en.wikipedia.org/wiki/Tom_Stoppard
1995,49th Tony Awards,/wiki/49th_Tony_Awards,True,Love! Valour! Compassion!,https://en.wikipedia.org/wiki/Love!_Valour!_Compassion!,Terrence McNally,https://en.wikipedia.org/wiki/Terrence_McNally
1996,50th Tony Awards,/wiki/50th_Tony_Awards,True,Master Class,https://en.wikipedia.org/wiki/Master_Class,Terrence McNally,https://en.wikipedia.org/wiki/Terrence_McNally
1996,50th Tony Awards,/wiki/50th_Tony_Awards,False,Buried Child,https://en.wikipedia.org/wiki/Buried_Child,Sam Shepard,https://en.wikipedia.org/wiki/Sam_Shepard
1996,50th Tony Awards,/wiki/50th_Tony_Awards,False,Racing Demon,https://en.wikipedia.org/wiki/Racing_Demon_(play),David Hare,https://en.wikipedia.org/wiki/David_Hare_(playwright)
1996,50th Tony Awards,/wiki/50th_Tony_Awards,False,Seven Guitars*,https://en.wikipedia.org/wiki/Seven_Guitars,August Wilson,https://en.wikipedia.org/wiki/August_Wilson
1997,51st Tony Awards,/wiki/51st_Tony_Awards,True,The Last Night of Ballyhoo*,https://en.wikipedia.org/wiki/The_Last_Night_of_Ballyhoo,Alfred Uhry,https://en.wikipedia.org/wiki/Alfred_Uhry
1997,51st Tony Awards,/wiki/51st_Tony_Awards,False,Skylight,https://en.wikipedia.org/wiki/Skylight_(play),David Hare,https://en.wikipedia.org/wiki/David_Hare_(playwright)
1997,51st Tony Awards,/wiki/51st_Tony_Awards,False,Stanley,https://en.wikipedia.org/wiki/Stanley_(play),Pam Gems,https://en.wikipedia.org/wiki/Pam_Gems
1997,51st Tony Awards,/wiki/51st_Tony_Awards,False,The Young Man From Atlanta†,https://en.wikipedia.org/wiki/The_Young_Man_From_Atlanta,Horton Foote,https://en.wikipedia.org/wiki/Horton_Foote
1998,52nd Tony Awards,/wiki/52nd_Tony_Awards,True,'Art',https://en.wikipedia.org/wiki/Art_(play),Yasmina Reza,https://en.wikipedia.org/wiki/Yasmina_Reza
1998,52nd Tony Awards,/wiki/52nd_Tony_Awards,False,Freak,https://en.wikipedia.org/wiki/Freak_(play),John Leguizamo,https://en.wikipedia.org/wiki/John_Leguizamo
1998,52nd Tony Awards,/wiki/52nd_Tony_Awards,False,Golden Child,https://en.wikipedia.org/wiki/Golden_Child_(play),David Henry Hwang,https://en.wikipedia.org/wiki/David_Henry_Hwang
1998,52nd Tony Awards,/wiki/52nd_Tony_Awards,False,The Beauty Queen of Leenane,https://en.wikipedia.org/wiki/The_Beauty_Queen_of_Leenane,Martin McDonagh,https://en.wikipedia.org/wiki/Martin_McDonagh
1999,53rd Tony Awards,/wiki/53rd_Tony_Awards,False,Not About Nightingales,https://en.wikipedia.org/wiki/Not_About_Nightingales,Tennessee Williams,https://en.wikipedia.org/wiki/Tennessee_Williams
1999,53rd Tony Awards,/wiki/53rd_Tony_Awards,False,The Lonesome West,https://en.wikipedia.org/wiki/The_Lonesome_West,Martin McDonagh,https://en.wikipedia.org/wiki/Martin_McDonagh
1999,53rd Tony Awards,/wiki/53rd_Tony_Awards,True,Side Man*,https://en.wikipedia.org/wiki/Side_Man,Warren Leight,https://en.wikipedia.org/wiki/Warren_Leight
1999,53rd Tony Awards,/wiki/53rd_Tony_Awards,False,Closer,https://en.wikipedia.org/wiki/Closer_(play),Patrick Marber,https://en.wikipedia.org/wiki/Patrick_Marber
2000,54th Tony Awards,/wiki/54th_Tony_Awards,False,True West,https://en.wikipedia.org/wiki/True_West_(play),Sam Shepard,https://en.wikipedia.org/wiki/Sam_Shepard
2000,54th Tony Awards,/wiki/54th_Tony_Awards,False,The Ride Down Mt. Morgan,https://en.wikipedia.org/wiki/The_Ride_Down_Mt._Morgan,Arthur Miller,https://en.wikipedia.org/wiki/Arthur_Miller
2000,54th Tony Awards,/wiki/54th_Tony_Awards,True,Copenhagen,https://en.wikipedia.org/wiki/Copenhagen_(play),Michael Frayn,https://en.wikipedia.org/wiki/Michael_Frayn
2000,54th Tony Awards,/wiki/54th_Tony_Awards,False,Dirty Blonde,https://en.wikipedia.org/wiki/Dirty_Blonde_(play),Claudia Shear,https://en.wikipedia.org/wiki/Claudia_Shear
2001,55th Tony Awards,/wiki/55th_Tony_Awards,True,Proof†,https://en.wikipedia.org/wiki/Proof_(play),David Auburn,https://en.wikipedia.org/wiki/David_Auburn
2001,55th Tony Awards,/wiki/55th_Tony_Awards,False,King Hedley II*,https://en.wikipedia.org/wiki/King_Hedley_II,August Wilson,https://en.wikipedia.org/wiki/August_Wilson
2001,55th Tony Awards,/wiki/55th_Tony_Awards,False,The Invention of Love,https://en.wikipedia.org/wiki/The_Invention_of_Love,Tom Stoppard,https://en.wikipedia.org/wiki/Tom_Stoppard
2001,55th Tony Awards,/wiki/55th_Tony_Awards,False,The Tale of the Allergist's Wife,https://en.wikipedia.org/wiki/The_Tale_of_the_Allergist%27s_Wife,Charles Busch,https://en.wikipedia.org/wiki/Charles_Busch
2002,56th Tony Awards,/wiki/56th_Tony_Awards,True,"The Goat, or Who Is Sylvia?*","https://en.wikipedia.org/wiki/The_Goat,_or_Who_Is_Sylvia%3F",Edward Albee,https://en.wikipedia.org/wiki/Edward_Albee
2002,56th Tony Awards,/wiki/56th_Tony_Awards,False,Fortune's Fool,https://en.wikipedia.org/wiki/Fortune%27s_Fool,Mike Poulton,https://en.wikipedia.org/wiki/Mike_Poulton
2002,56th Tony Awards,/wiki/56th_Tony_Awards,False,Metamorphoses,https://en.wikipedia.org/wiki/Metamorphoses_(play),Mary Zimmerman,https://en.wikipedia.org/wiki/Mary_Zimmerman
2002,56th Tony Awards,/wiki/56th_Tony_Awards,False,Topdog/Underdog†,https://en.wikipedia.org/wiki/Topdog/Underdog,Suzan-Lori Parks,https://en.wikipedia.org/wiki/Suzan-Lori_Parks
2003,57th Tony Awards,/wiki/57th_Tony_Awards,False,"Say Goodnight, Gracie","https://en.wikipedia.org/wiki/Say_Goodnight,_Gracie",Rupert Holmes,https://en.wikipedia.org/wiki/Rupert_Holmes
2003,57th Tony Awards,/wiki/57th_Tony_Awards,True,Take Me Out*,https://en.wikipedia.org/wiki/Take_Me_Out_(play),Richard Greenberg,https://en.wikipedia.org/wiki/Richard_Greenberg
2003,57th Tony Awards,/wiki/57th_Tony_Awards,False,Enchanted April,https://en.wikipedia.org/wiki/Enchanted_April_(2003_play),Matthew Barber,
2003,57th Tony Awards,/wiki/57th_Tony_Awards,False,Vincent in Brixton,https://en.wikipedia.org/wiki/Vincent_in_Brixton,Nicholas Wright,https://en.wikipedia.org/wiki/Nicholas_Wright_(playwright)
2004,58th Tony Awards,/wiki/58th_Tony_Awards,False,The Retreat from Moscow,https://en.wikipedia.org/wiki/The_Retreat_from_Moscow,William Nicholson,https://en.wikipedia.org/wiki/William_Nicholson_(writer)
2004,58th Tony Awards,/wiki/58th_Tony_Awards,False,Frozen,https://en.wikipedia.org/wiki/Frozen_(play),Bryony Lavery,https://en.wikipedia.org/wiki/Bryony_Lavery
2004,58th Tony Awards,/wiki/58th_Tony_Awards,True,I Am My Own Wife†,https://en.wikipedia.org/wiki/I_Am_My_Own_Wife,Doug Wright,https://en.wikipedia.org/wiki/Doug_Wright
2004,58th Tony Awards,/wiki/58th_Tony_Awards,False,Anna in the Tropics†,https://en.wikipedia.org/wiki/Anna_in_the_Tropics,Nilo Cruz,https://en.wikipedia.org/wiki/Nilo_Cruz
2005,59th Tony Awards,/wiki/59th_Tony_Awards,True,Doubt†,https://en.wikipedia.org/wiki/Doubt:_A_Parable,John Patrick Shanley,https://en.wikipedia.org/wiki/John_Patrick_Shanley
2005,59th Tony Awards,/wiki/59th_Tony_Awards,False,Democracy,https://en.wikipedia.org/wiki/Democracy_(play),Michael Frayn,https://en.wikipedia.org/wiki/Michael_Frayn
2005,59th Tony Awards,/wiki/59th_Tony_Awards,False,Gem of the Ocean,https://en.wikipedia.org/wiki/Gem_of_the_Ocean,August Wilson,https://en.wikipedia.org/wiki/August_Wilson
2005,59th Tony Awards,/wiki/59th_Tony_Awards,False,The Pillowman,https://en.wikipedia.org/wiki/The_Pillowman,Martin McDonagh,https://en.wikipedia.org/wiki/Martin_McDonagh
2006,60th Tony Awards,/wiki/60th_Tony_Awards,True,The History Boys,https://en.wikipedia.org/wiki/The_History_Boys,Alan Bennett,https://en.wikipedia.org/wiki/Alan_Bennett
2006,60th Tony Awards,/wiki/60th_Tony_Awards,False,Rabbit Hole†,https://en.wikipedia.org/wiki/Rabbit_Hole,David Lindsay-Abaire,https://en.wikipedia.org/wiki/David_Lindsay-Abaire
2006,60th Tony Awards,/wiki/60th_Tony_Awards,False,Shining City,https://en.wikipedia.org/wiki/Shining_City,Conor McPherson,https://en.wikipedia.org/wiki/Conor_McPherson
2006,60th Tony Awards,/wiki/60th_Tony_Awards,False,The Lieutenant of Inishmore,https://en.wikipedia.org/wiki/The_Lieutenant_of_Inishmore,Martin McDonagh,https://en.wikipedia.org/wiki/Martin_McDonagh
2007,61st Tony Awards,/wiki/61st_Tony_Awards,False,Radio Golf,https://en.wikipedia.org/wiki/Radio_Golf,August Wilson,https://en.wikipedia.org/wiki/August_Wilson
2007,61st Tony Awards,/wiki/61st_Tony_Awards,False,The Little Dog Laughed,https://en.wikipedia.org/wiki/The_Little_Dog_Laughed_(play),Douglas Carter Beane,https://en.wikipedia.org/wiki/Douglas_Carter_Beane
2007,61st Tony Awards,/wiki/61st_Tony_Awards,True,The Coast of Utopia,https://en.wikipedia.org/wiki/The_Coast_of_Utopia,Tom Stoppard,https://en.wikipedia.org/wiki/Tom_Stoppard
2007,61st Tony Awards,/wiki/61st_Tony_Awards,False,Frost/Nixon,https://en.wikipedia.org/wiki/Frost/Nixon_(play),Peter Morgan,https://en.wikipedia.org/wiki/Peter_Morgan
2008,62nd Tony Awards,/wiki/62nd_Tony_Awards,True,August: Osage County†,https://en.wikipedia.org/wiki/August:_Osage_County,Tracy Letts,https://en.wikipedia.org/wiki/Tracy_Letts
2008,62nd Tony Awards,/wiki/62nd_Tony_Awards,False,Rock 'n' Roll,https://en.wikipedia.org/wiki/Rock_%27n%27_Roll_(play),Tom Stoppard,https://en.wikipedia.org/wiki/Tom_Stoppard
2008,62nd Tony Awards,/wiki/62nd_Tony_Awards,False,The 39 Steps,https://en.wikipedia.org/wiki/The_39_Steps_(play),Patrick Barlow,https://en.wikipedia.org/wiki/Patrick_Barlow
2008,62nd Tony Awards,/wiki/62nd_Tony_Awards,False,The Seafarer,https://en.wikipedia.org/wiki/The_Seafarer_(play),Conor McPherson,https://en.wikipedia.org/wiki/Conor_McPherson
2009,63rd Tony Awards,/wiki/63rd_Tony_Awards,False,reasons to be pretty,https://en.wikipedia.org/wiki/Reasons_to_be_pretty,Neil LaBute,https://en.wikipedia.org/wiki/Neil_LaBute
2009,63rd Tony Awards,/wiki/63rd_Tony_Awards,False,Dividing the Estate,https://en.wikipedia.org/wiki/Dividing_the_Estate,Horton Foote,https://en.wikipedia.org/wiki/Horton_Foote
2009,63rd Tony Awards,/wiki/63rd_Tony_Awards,True,God of Carnage,https://en.wikipedia.org/wiki/God_of_Carnage,Yasmina Reza,https://en.wikipedia.org/wiki/Yasmina_Reza
2009,63rd Tony Awards,/wiki/63rd_Tony_Awards,False,33 Variations,https://en.wikipedia.org/wiki/33_Variations,Moisés Kaufman,https://en.wikipedia.org/wiki/Mois%C3%A9s_Kaufman
2010,64th Tony Awards,/wiki/64th_Tony_Awards,True,Red,https://en.wikipedia.org/wiki/Red_(play),John Logan,https://en.wikipedia.org/wiki/John_Logan_(writer)
2010,64th Tony Awards,/wiki/64th_Tony_Awards,False,In the Next Room (or The Vibrator Play)*,https://en.wikipedia.org/wiki/In_the_Next_Room_(or_The_Vibrator_Play),Sarah Ruhl,https://en.wikipedia.org/wiki/Sarah_Ruhl
2010,64th Tony Awards,/wiki/64th_Tony_Awards,False,Next Fall,https://en.wikipedia.org/wiki/Next_Fall,Geoffrey Nauffts,
2010,64th Tony Awards,/wiki/64th_Tony_Awards,False,Time Stands Still,https://en.wikipedia.org/wiki/Time_Stands_Still_(play),Donald Margulies,https://en.wikipedia.org/wiki/Donald_Margulies
2011,65th Tony Awards,/wiki/65th_Tony_Awards,True,War Horse,https://en.wikipedia.org/wiki/War_Horse_(play),Nick Stafford,https://en.wikipedia.org/wiki/Nick_Stafford
2011,65th Tony Awards,/wiki/65th_Tony_Awards,False,Good People,https://en.wikipedia.org/wiki/Good_People_(play),David Lindsay-Abaire,https://en.wikipedia.org/wiki/David_Lindsay-Abaire
2011,65th Tony Awards,/wiki/65th_Tony_Awards,False,Jerusalem,https://en.wikipedia.org/wiki/Jerusalem_(play),Jez Butterworth,https://en.wikipedia.org/wiki/Jez_Butterworth
2011,65th Tony Awards,/wiki/65th_Tony_Awards,False,The Motherfucker with the Hat,https://en.wikipedia.org/wiki/The_Motherfucker_with_the_Hat,Stephen Adly Guirgis,https://en.wikipedia.org/wiki/Stephen_Adly_Guirgis
2012,66th Tony Awards,/wiki/66th_Tony_Awards,True,Clybourne Park†,https://en.wikipedia.org/wiki/Clybourne_Park,Bruce Norris,https://en.wikipedia.org/wiki/Bruce_Norris_(playwright)
2012,66th Tony Awards,/wiki/66th_Tony_Awards,False,Other Desert Cities*,https://en.wikipedia.org/wiki/Other_Desert_Cities,Jon Robin Baitz,https://en.wikipedia.org/wiki/Jon_Robin_Baitz
2012,66th Tony Awards,/wiki/66th_Tony_Awards,False,Peter and the Starcatcher,https://en.wikipedia.org/wiki/Peter_and_the_Starcatcher,Rick Elice,https://en.wikipedia.org/wiki/Rick_Elice
2012,66th Tony Awards,/wiki/66th_Tony_Awards,False,Venus in Fur,https://en.wikipedia.org/wiki/Venus_in_Fur,David Ives,https://en.wikipedia.org/wiki/David_Ives
2013,67th Tony Awards,/wiki/67th_Tony_Awards,False,The Assembled Parties,https://en.wikipedia.org/wiki/The_Assembled_Parties,Richard Greenberg,https://en.wikipedia.org/wiki/Richard_Greenberg
2013,67th Tony Awards,/wiki/67th_Tony_Awards,False,The Testament of Mary,https://en.wikipedia.org/wiki/The_Testament_of_Mary_(play),Colm Toibin,https://en.wikipedia.org/wiki/Colm_Toibin
2013,67th Tony Awards,/wiki/67th_Tony_Awards,False,Lucky Guy,https://en.wikipedia.org/wiki/Lucky_Guy_(play),Nora Ephron,https://en.wikipedia.org/wiki/Nora_Ephron
2013,67th Tony Awards,/wiki/67th_Tony_Awards,True,Vanya and Sonia and Masha and Spike,https://en.wikipedia.org/wiki/Vanya_and_Sonia_and_Masha_and_Spike,Christopher Durang,https://en.wikipedia.org/wiki/Christopher_Durang
2014,68th Tony Awards,/wiki/68th_Tony_Awards,True,All the Way,https://en.wikipedia.org/wiki/All_the_Way_(play),Robert Schenkkan,https://en.wikipedia.org/wiki/Robert_Schenkkan
2014,68th Tony Awards,/wiki/68th_Tony_Awards,False,Act One,https://en.wikipedia.org/wiki/Act_One_(play),James Lapine,https://en.wikipedia.org/wiki/James_Lapine
2014,68th Tony Awards,/wiki/68th_Tony_Awards,False,Casa Valentina,https://en.wikipedia.org/wiki/Casa_Valentina,Harvey Fierstein,https://en.wikipedia.org/wiki/Harvey_Fierstein
2014,68th Tony Awards,/wiki/68th_Tony_Awards,False,Mothers and Sons,https://en.wikipedia.org/wiki/Mothers_and_Sons_(play),Terrence McNally,https://en.wikipedia.org/wiki/Terrence_McNally
2014,68th Tony Awards,/wiki/68th_Tony_Awards,False,Outside Mullingar,https://en.wikipedia.org/wiki/Outside_Mullingar,John Patrick Shanley,https://en.wikipedia.org/wiki/John_Patrick_Shanley
2015,69th Tony Awards,/wiki/69th_Tony_Awards,True,The Curious Incident of the Dog in the Night-Time,https://en.wikipedia.org/wiki/The_Curious_Incident_of_the_Dog_in_the_Night-Time_(play),Simon Stephens,https://en.wikipedia.org/wiki/Simon_Stephens
2015,69th Tony Awards,/wiki/69th_Tony_Awards,False,Disgraced†,https://en.wikipedia.org/wiki/Disgraced,Ayad Akhtar,https://en.wikipedia.org/wiki/Ayad_Akhtar
2015,69th Tony Awards,/wiki/69th_Tony_Awards,False,Hand to God,https://en.wikipedia.org/wiki/Hand_to_God_(play),Robert Askins,
2015,69th Tony Awards,/wiki/69th_Tony_Awards,False,"Wolf Hall, Parts One & Two",https://en.wikipedia.org/wiki/Wolf_Hall_(play),Hilary Mantel&Mike Poulton,https://en.wikipedia.org/wiki/Hilary_Mantel
2016,70th Tony Awards,/wiki/70th_Tony_Awards,False,King Charles III,https://en.wikipedia.org/wiki/King_Charles_III_(play),Mike Bartlett,https://en.wikipedia.org/wiki/Mike_Bartlett_(playwright)
2016,70th Tony Awards,/wiki/70th_Tony_Awards,True,The Humans*,https://en.wikipedia.org/wiki/The_Humans_(play),Stephen Karam,https://en.wikipedia.org/wiki/Stephen_Karam
2016,70th Tony Awards,/wiki/70th_Tony_Awards,False,Eclipsed,https://en.wikipedia.org/wiki/Eclipsed_(play),Danai Gurira,https://en.wikipedia.org/wiki/Danai_Gurira
2016,70th Tony Awards,/wiki/70th_Tony_Awards,False,The Father,https://en.wikipedia.org/wiki/Le_P%C3%A8re,Florian Zeller,https://en.wikipedia.org/wiki/Florian_Zeller
2017,71st Tony Awards,/wiki/71st_Tony_Awards,False,Sweat†,https://en.wikipedia.org/wiki/Sweat_(play),Lynn Nottage,https://en.wikipedia.org/wiki/Lynn_Nottage
2017,71st Tony Awards,/wiki/71st_Tony_Awards,False,Indecent,https://en.wikipedia.org/wiki/Indecent_(play),Paula Vogel,https://en.wikipedia.org/wiki/Paula_Vogel
2017,71st Tony Awards,/wiki/71st_Tony_Awards,True,Oslo,https://en.wikipedia.org/wiki/Oslo_(play),J. T. Rogers,https://en.wikipedia.org/wiki/J._T._Rogers
2017,71st Tony Awards,/wiki/71st_Tony_Awards,False,"A Doll's House, Part 2","https://en.wikipedia.org/wiki/A_Doll%27s_House,_Part_2",Lucas Hnath,https://en.wikipedia.org/wiki/Lucas_Hnath
2018,72nd Tony Awards,/wiki/72nd_Tony_Awards,True,Harry Potter and the Cursed Child,https://en.wikipedia.org/wiki/Harry_Potter_and_the_Cursed_Child,Jack Thorne,https://en.wikipedia.org/wiki/Jack_Thorne
2018,72nd Tony Awards,/wiki/72nd_Tony_Awards,False,The Children,https://en.wikipedia.org/wiki/The_Children_(play),Lucy Kirkwood,https://en.wikipedia.org/wiki/Lucy_Kirkwood
2018,72nd Tony Awards,/wiki/72nd_Tony_Awards,False,Farinelli and the King,https://en.wikipedia.org/wiki/Farinelli_and_the_King,Claire van Kampen,https://en.wikipedia.org/wiki/Claire_van_Kampen
2018,72nd Tony Awards,/wiki/72nd_Tony_Awards,False,Junk,https://en.wikipedia.org/wiki/Junk:_The_Golden_Age_of_Debt,Ayad Akhtar,https://en.wikipedia.org/wiki/Ayad_Akhtar
2018,72nd Tony Awards,/wiki/72nd_Tony_Awards,False,Latin History for Morons,,John Leguizamo,https://en.wikipedia.org/wiki/John_Leguizamo
2019,73rd Tony Awards,/wiki/73rd_Tony_Awards,False,Ink,https://en.wikipedia.org/wiki/Ink_(play),James Graham,https://en.wikipedia.org/wiki/James_Graham_(playwright)
2019,73rd Tony Awards,/wiki/73rd_Tony_Awards,False,Gary: A Sequel to Titus Andronicus,https://en.wikipedia.org/wiki/Gary:_A_Sequel_to_Titus_Andronicus,Taylor Mac,https://en.wikipedia.org/wiki/Taylor_Mac
2019,73rd Tony Awards,/wiki/73rd_Tony_Awards,False,What the Constitution Means to Me*,https://en.wikipedia.org/wiki/What_the_Constitution_Means_to_Me,Heidi Schreck,https://en.wikipedia.org/wiki/Heidi_Schreck
2019,73rd Tony Awards,/wiki/73rd_Tony_Awards,True,The Ferryman,https://en.wikipedia.org/wiki/The_Ferryman_(play),Jez Butterworth,https://en.wikipedia.org/wiki/Jez_Butterworth
2019,73rd Tony Awards,/wiki/73rd_Tony_Awards,False,Choir Boy,https://en.wikipedia.org/wiki/Choir_Boy,Tarell Alvin McCraney,https://en.wikipedia.org/wiki/Tarell_Alvin_McCraney
2020,74th Tony Awards,/wiki/74th_Tony_Awards,False,Sea Wall/A Life,,Simon StephensandNick Payne,https://en.wikipedia.org/wiki/Simon_Stephens
2020,74th Tony Awards,/wiki/74th_Tony_Awards,False,Slave Play,https://en.wikipedia.org/wiki/Slave_Play,Jeremy O. Harris,https://en.wikipedia.org/wiki/Jeremy_O._Harris
2020,74th Tony Awards,/wiki/74th_Tony_Awards,False,Grand Horizons,,Bess Wohl,https://en.wikipedia.org/wiki/Bess_Wohl
2020,74th Tony Awards,/wiki/74th_Tony_Awards,False,The Inheritance,https://en.wikipedia.org/wiki/The_Inheritance_(play),Matthew Lopez,https://en.wikipedia.org/wiki/Matthew_Lopez_(playwright)
2020,74th Tony Awards,/wiki/74th_Tony_Awards,False,The Sound Inside,https://en.wikipedia.org/wiki/The_Sound_Inside_(play),Adam Rapp,https://en.wikipedia.org/wiki/Adam_Rapp
