year,season,season_link,actor,actor_link,role,role_link,production,production_link,winner
1947,1st tony awards,/wiki/1st_Tony_Awards,Patricia Neal,https://en.wikipedia.org/wiki/Patricia_Neal,Regina Hubbard,,Another Part of the Forest,https://en.wikipedia.org/wiki/Another_Part_of_the_Forest,True
1949,3rd tony awards,/wiki/3rd_Tony_Awards,Shirley Booth,https://en.wikipedia.org/wiki/Shirley_Booth,Grace Woods,,"Goodbye, My Fancy","https://en.wikipedia.org/wiki/Goodbye,_My_Fancy",True
1951,5th tony awards,/wiki/5th_Tony_Awards,Maureen Stapleton,https://en.wikipedia.org/wiki/Maureen_Stapleton,Serafina Delle Rose,,The Rose Tattoo,https://en.wikipedia.org/wiki/The_Rose_Tattoo,True
1952,6th tony awards,/wiki/6th_Tony_Awards,Marian Winters,https://en.wikipedia.org/wiki/Marian_Winters,Natalia Landauer,,I Am a Camera,https://en.wikipedia.org/wiki/I_Am_a_Camera,True
1953,7th tony awards,/wiki/7th_Tony_Awards,Beatrice Straight,https://en.wikipedia.org/wiki/Beatrice_Straight,Elizabeth Proctor,,The Crucible,https://en.wikipedia.org/wiki/The_Crucible,True
1954,8th tony awards,/wiki/8th_Tony_Awards,Jo Van Fleet,https://en.wikipedia.org/wiki/Jo_Van_Fleet,Jessie Mae Watts,,The Trip to Bountiful,https://en.wikipedia.org/wiki/The_Trip_to_Bountiful,True
1955,9th tony awards,/wiki/9th_Tony_Awards,Patricia Jessel,https://en.wikipedia.org/wiki/Patricia_Jessel,Romaine,,Witness for the Prosecution,https://en.wikipedia.org/wiki/Witness_for_the_Prosecution_(play),True
1956,10th tony awards,/wiki/10th_Tony_Awards,Una Merkel,https://en.wikipedia.org/wiki/Una_Merkel,Edna Earle Ponder,,The Ponder Heart,https://en.wikipedia.org/wiki/The_Ponder_Heart,True
1956,10th tony awards,/wiki/10th_Tony_Awards,Diane Cilento,https://en.wikipedia.org/wiki/Diane_Cilento,Helen of Troy,https://en.wikipedia.org/wiki/Helen_of_Troy,Tiger at the Gates,https://en.wikipedia.org/wiki/Tiger_at_the_Gates,False
1956,10th tony awards,/wiki/10th_Tony_Awards,Anne Jackson,https://en.wikipedia.org/wiki/Anne_Jackson,The Daughter,,Middle of the Night,https://en.wikipedia.org/wiki/Middle_of_the_Night,False
1956,10th tony awards,/wiki/10th_Tony_Awards,Elaine Stritch,https://en.wikipedia.org/wiki/Elaine_Stritch,Grace Hoylard,,Bus Stop,https://en.wikipedia.org/wiki/Bus_Stop_(play),False
1957,11th tony awards,/wiki/11th_Tony_Awards,Diana Van der Vlis,https://en.wikipedia.org/wiki/Diana_Van_der_Vlis,Cordelia Biddle,,The Happiest Millionaire,https://en.wikipedia.org/wiki/The_Happiest_Millionaire,False
1957,11th tony awards,/wiki/11th_Tony_Awards,Terry,,Mrs. Railton-Bell,,Separate Tables,,False
1957,11th tony awards,/wiki/11th_Tony_Awards,Mildred Natwick,https://en.wikipedia.org/wiki/Mildred_Natwick,Mme. St. Pé,,The Waltz of the Toreadors,https://en.wikipedia.org/wiki/The_Waltz_of_the_Toreadors,False
1957,11th tony awards,/wiki/11th_Tony_Awards,Beryl Measor,https://en.wikipedia.org/wiki/Beryl_Measor,Pat Cooper,,Separate Tables,https://en.wikipedia.org/wiki/Separate_Tables,False
1957,11th tony awards,/wiki/11th_Tony_Awards,Anna Massey,https://en.wikipedia.org/wiki/Anna_Massey,Jane Broadbent,,The Reluctant Debutante,https://en.wikipedia.org/wiki/The_Reluctant_Debutante_(play),False
1957,11th tony awards,/wiki/11th_Tony_Awards,Peggy Cass,https://en.wikipedia.org/wiki/Peggy_Cass,Agnes Gooch,,Auntie Mame,https://en.wikipedia.org/wiki/Auntie_Mame,True
1958,12th tony awards,/wiki/12th_Tony_Awards,Anne Bancroft,https://en.wikipedia.org/wiki/Anne_Bancroft,Gittel Mosca,,Two for the Seesaw,https://en.wikipedia.org/wiki/Two_for_the_Seesaw,True
1958,12th tony awards,/wiki/12th_Tony_Awards,Brenda De Banzie,https://en.wikipedia.org/wiki/Brenda_De_Banzie,Phoebe Rice,,The Entertainer,https://en.wikipedia.org/wiki/The_Entertainer_(play),False
1958,12th tony awards,/wiki/12th_Tony_Awards,Joan Blondell,https://en.wikipedia.org/wiki/Joan_Blondell,Mrs. Farrow,,The Rope Dancers,,False
1958,12th tony awards,/wiki/12th_Tony_Awards,Mary Fickett,https://en.wikipedia.org/wiki/Mary_Fickett,Eleanor Roosevelt,https://en.wikipedia.org/wiki/Eleanor_Roosevelt,Sunrise at Campobello,https://en.wikipedia.org/wiki/Sunrise_at_Campobello_(play),False
1958,12th tony awards,/wiki/12th_Tony_Awards,Eileen Heckart,https://en.wikipedia.org/wiki/Eileen_Heckart,Lottie Lacey,,The Dark at the Top of the Stairs,https://en.wikipedia.org/wiki/The_Dark_at_the_Top_of_the_Stairs,False
1959,13th tony awards,/wiki/13th_Tony_Awards,Julie Newmar,https://en.wikipedia.org/wiki/Julie_Newmar,Katrin Sveg,,The Marriage-Go-Round,https://en.wikipedia.org/wiki/The_Marriage-Go-Round,True
1959,13th tony awards,/wiki/13th_Tony_Awards,Maureen Delany,https://en.wikipedia.org/wiki/Maureen_Delany,Carrie Donovan,,God and Kate Murphy,,False
1959,13th tony awards,/wiki/13th_Tony_Awards,Dolores Hart,https://en.wikipedia.org/wiki/Dolores_Hart,Jessica Poole,,The Pleasure of His Company,https://en.wikipedia.org/wiki/The_Pleasure_of_His_Company,False
1959,13th tony awards,/wiki/13th_Tony_Awards,Nan Martin,https://en.wikipedia.org/wiki/Nan_Martin,Sarah,,J.B.,https://en.wikipedia.org/wiki/J.B._(play),False
1959,13th tony awards,/wiki/13th_Tony_Awards,Bertice Reading,https://en.wikipedia.org/wiki/Bertice_Reading,Nancy Mannigoe,,Requiem for a Nun,https://en.wikipedia.org/wiki/Requiem_for_a_Nun,False
1960,14th tony awards,/wiki/14th_Tony_Awards,Anne Revere,https://en.wikipedia.org/wiki/Anne_Revere,Anna Berniers,,Toys in the Attic,https://en.wikipedia.org/wiki/Toys_in_the_Attic_(play),True
1960,14th tony awards,/wiki/14th_Tony_Awards,Juliet Mills,https://en.wikipedia.org/wiki/Juliet_Mills,Pamela Harrington,,Five Finger Exercise,https://en.wikipedia.org/wiki/Five_Finger_Exercise,False
1960,14th tony awards,/wiki/14th_Tony_Awards,Sarah Marshall,https://en.wikipedia.org/wiki/Sarah_Marshall_(British_film_actress),Rusty Mayerling,,"Goodbye, Charlie",https://en.wikipedia.org/wiki/Goodbye_Charlie,False
1960,14th tony awards,/wiki/14th_Tony_Awards,Jane Fonda,https://en.wikipedia.org/wiki/Jane_Fonda,Toni Newton,,There Was a Little Girl,,False
1960,14th tony awards,/wiki/14th_Tony_Awards,Leora Dana,https://en.wikipedia.org/wiki/Leora_Dana,Alice Russell,,The Best Man,https://en.wikipedia.org/wiki/The_Best_Man_(play),False
1961,15th tony awards,/wiki/15th_Tony_Awards,Rosemary Murphy,https://en.wikipedia.org/wiki/Rosemary_Murphy,Dorothea Bates,,Period of Adjustment,https://en.wikipedia.org/wiki/Period_of_Adjustment,False
1961,15th tony awards,/wiki/15th_Tony_Awards,Tresa Hughes,https://en.wikipedia.org/wiki/Tresa_Hughes,Nina Sanduzzi,,The Devil's Advocate,,False
1961,15th tony awards,/wiki/15th_Tony_Awards,Colleen Dewhurst,https://en.wikipedia.org/wiki/Colleen_Dewhurst,Mary Follet,,All the Way Home,https://en.wikipedia.org/wiki/All_the_Way_Home_(play),True
1961,15th tony awards,/wiki/15th_Tony_Awards,Eileen Heckart,https://en.wikipedia.org/wiki/Eileen_Heckart,DeeDee Grogan,,Invitation to a March,,False
1962,16th tony awards,/wiki/16th_Tony_Awards,Zohra Lampert,https://en.wikipedia.org/wiki/Zohra_Lampert,Jennifer Lewison,,Look: We've Come Through,,False
1962,16th tony awards,/wiki/16th_Tony_Awards,Janet Margolin,https://en.wikipedia.org/wiki/Janet_Margolin,Anna Albertini,,Daughter of Silence,,False
1962,16th tony awards,/wiki/16th_Tony_Awards,Pat Stanley in Sunday,,Eileen Taylor,,Sunday in New York,https://en.wikipedia.org/wiki/Sunday_in_New_York,False
1962,16th tony awards,/wiki/16th_Tony_Awards,Elizabeth Ashley,https://en.wikipedia.org/wiki/Elizabeth_Ashley,Mollie Michaelson,,"Take Her, She's Mine","https://en.wikipedia.org/wiki/Take_Her,_She%27s_Mine",True
1963,17th tony awards,/wiki/17th_Tony_Awards,Melinda Dillon,https://en.wikipedia.org/wiki/Melinda_Dillon,Honey,,Who's Afraid of Virginia Woolf?,https://en.wikipedia.org/wiki/Who%27s_Afraid_of_Virginia_Woolf%3F,False
1963,17th tony awards,/wiki/17th_Tony_Awards,Alice Ghostley,https://en.wikipedia.org/wiki/Alice_Ghostley,Various Characters,,The Beauty Part,https://en.wikipedia.org/wiki/The_Beauty_Part,False
1963,17th tony awards,/wiki/17th_Tony_Awards,Zohra Lampert,https://en.wikipedia.org/wiki/Zohra_Lampert,Kattrin,,Mother Courage and Her Children,https://en.wikipedia.org/wiki/Mother_Courage_and_Her_Children,False
1963,17th tony awards,/wiki/17th_Tony_Awards,Sandy Dennis,https://en.wikipedia.org/wiki/Sandy_Dennis,Sandra Markowitz,,A Thousand Clowns,https://en.wikipedia.org/wiki/A_Thousand_Clowns,True
1964,18th tony awards,/wiki/18th_Tony_Awards,Rosemary Murphy,https://en.wikipedia.org/wiki/Rosemary_Murphy,Dorothea Cleves,,Any Wednesday,https://en.wikipedia.org/wiki/Any_Wednesday,False
1964,18th tony awards,/wiki/18th_Tony_Awards,Kate Reid,https://en.wikipedia.org/wiki/Kate_Reid,Caitlin Thomas,https://en.wikipedia.org/wiki/Caitlin_Thomas,Dylan,https://en.wikipedia.org/wiki/Dylan_(1964_play),False
1964,18th tony awards,/wiki/18th_Tony_Awards,Barbara Loden,https://en.wikipedia.org/wiki/Barbara_Loden,Maggie,,After the Fall,https://en.wikipedia.org/wiki/After_the_Fall_(play),True
1964,18th tony awards,/wiki/18th_Tony_Awards,Diana Sands,https://en.wikipedia.org/wiki/Diana_Sands,Juanita,,Blues for Mister Charlie,https://en.wikipedia.org/wiki/Blues_for_Mister_Charlie,False
1965,19th tony awards,/wiki/19th_Tony_Awards,Carolan Daniels,,Rosie,,Slow Dance on the Killing Ground,,False
1965,19th tony awards,/wiki/19th_Tony_Awards,Alexandra Berlin in All,,Violet Fitton,,All in Good Time,https://en.wikipedia.org/wiki/All_in_Good_Time_(play),False
1965,19th tony awards,/wiki/19th_Tony_Awards,Rae Allen,https://en.wikipedia.org/wiki/Rae_Allen,Juliette,,Traveller Without Luggage,https://en.wikipedia.org/wiki/Le_voyageur_sans_bagage,False
1965,19th tony awards,/wiki/19th_Tony_Awards,Alice Ghostley,https://en.wikipedia.org/wiki/Alice_Ghostley,Mavis Parodus Bryson,,The Sign in Sidney Brustein's Window,https://en.wikipedia.org/wiki/The_Sign_in_Sidney_Brustein%27s_Window,True
1966,20th tony awards,/wiki/20th_Tony_Awards,Glenda Jackson,https://en.wikipedia.org/wiki/Glenda_Jackson,Charlotte Corday,https://en.wikipedia.org/wiki/Charlotte_Corday,Marat/Sade,https://en.wikipedia.org/wiki/Marat/Sade,False
1966,20th tony awards,/wiki/20th_Tony_Awards,Sullivan,,Madge Mulhern,,"Philadelphia, Here I Come!","https://en.wikipedia.org/wiki/Philadelphia,_Here_I_Come!",False
1966,20th tony awards,/wiki/20th_Tony_Awards,Brenda Vaccaro,https://en.wikipedia.org/wiki/Brenda_Vaccaro,Toni Simmons,,Cactus Flower,https://en.wikipedia.org/wiki/Cactus_Flower_(play),False
1966,20th tony awards,/wiki/20th_Tony_Awards,Zoe Caldwell,https://en.wikipedia.org/wiki/Zoe_Caldwell,Polly[b],https://en.wikipedia.org#cite_note-27,Slapstick Tragedy,,True
1967,21st tony awards,/wiki/21st_Tony_Awards,Marian Seldes,https://en.wikipedia.org/wiki/Marian_Seldes,Julia,,A Delicate Balance,https://en.wikipedia.org/wiki/A_Delicate_Balance_(play),True
1967,21st tony awards,/wiki/21st_Tony_Awards,Camila Ashland,https://en.wikipedia.org/wiki/Camila_Ashland,Miss. Furnival,,Black Comedy,https://en.wikipedia.org/wiki/Black_Comedy_(play),False
1967,21st tony awards,/wiki/21st_Tony_Awards,Brenda Forbes,https://en.wikipedia.org/wiki/Brenda_Forbes,Trilbe Costello,,The Loves of Cass McGuire,,False
1967,21st tony awards,/wiki/21st_Tony_Awards,Maria Tucci,https://en.wikipedia.org/wiki/Maria_Tucci,Rose Dell Rose,,The Rose Tattoo,https://en.wikipedia.org/wiki/The_Rose_Tattoo,False
1968,22nd tony awards,/wiki/22nd_Tony_Awards,Zena Walker,https://en.wikipedia.org/wiki/Zena_Walker,Sheila,,A Day in the Death of Joe Egg,https://en.wikipedia.org/wiki/A_Day_in_the_Death_of_Joe_Egg,True
1968,22nd tony awards,/wiki/22nd_Tony_Awards,Ruth White,https://en.wikipedia.org/wiki/Ruth_White_(actress),Meg,,The Birthday Party,https://en.wikipedia.org/wiki/The_Birthday_Party_(play),False
1968,22nd tony awards,/wiki/22nd_Tony_Awards,Pert Kelton,https://en.wikipedia.org/wiki/Pert_Kelton,Mrs. Punck,,Spofford,https://en.wikipedia.org/wiki/Spofford_(play),False
1968,22nd tony awards,/wiki/22nd_Tony_Awards,Eleanor Wilson,https://en.wikipedia.org/wiki/Eleanor_D._Wilson,Mrs. Andrews,,Weekend,https://en.wikipedia.org/wiki/Weekend_(play),False
1969,23rd tony awards,/wiki/23rd_Tony_Awards,Lauren Jones,,Linda,,Does a Tiger Wear a Necktie?,https://en.wikipedia.org/wiki/Does_a_Tiger_Wear_a_Necktie%3F,False
1969,23rd tony awards,/wiki/23rd_Tony_Awards,Anna Manahan,https://en.wikipedia.org/wiki/Anna_Manahan,Hanna Wilson,,Lovers,https://en.wikipedia.org/wiki/Lovers_(play),False
1969,23rd tony awards,/wiki/23rd_Tony_Awards,Jane Alexander,https://en.wikipedia.org/wiki/Jane_Alexander,Eleanor Bachman,,The Great White Hope,https://en.wikipedia.org/wiki/The_Great_White_Hope,True
1969,23rd tony awards,/wiki/23rd_Tony_Awards,Diane Keaton,https://en.wikipedia.org/wiki/Diane_Keaton,Linda Christie,,"Play It Again, Sam","https://en.wikipedia.org/wiki/Play_It_Again,_Sam_(1972_film)",False
1970,24th tony awards,/wiki/24th_Tony_Awards,Alice Drummond,https://en.wikipedia.org/wiki/Alice_Drummond,Mrs. Lee,,The Chinese and Dr. Fish,,False
1970,24th tony awards,/wiki/24th_Tony_Awards,Eileen Heckart,https://en.wikipedia.org/wiki/Eileen_Heckart,Mrs. Baker,,Butterflies Are Free,https://en.wikipedia.org/wiki/Butterflies_Are_Free_(play),False
1970,24th tony awards,/wiki/24th_Tony_Awards,Linda Lavin,https://en.wikipedia.org/wiki/Linda_Lavin,Elaine Navazio,,Last of the Red Hot Lovers,https://en.wikipedia.org/wiki/Last_of_the_Red_Hot_Lovers,False
1970,24th tony awards,/wiki/24th_Tony_Awards,Blythe Danner,https://en.wikipedia.org/wiki/Blythe_Danner,Jill Tanner,,Butterflies Are Free,https://en.wikipedia.org/wiki/Butterflies_Are_Free_(play),True
1971,25th tony awards,/wiki/25th_Tony_Awards,Mona Washbourne,https://en.wikipedia.org/wiki/Mona_Washbourne,Marian,,Home,https://en.wikipedia.org/wiki/Home_(play),False
1971,25th tony awards,/wiki/25th_Tony_Awards,Lili Darvas,https://en.wikipedia.org/wiki/Lili_Darvas,Madame Neilsen,,Les Blancs,https://en.wikipedia.org/wiki/Les_Blancs,False
1971,25th tony awards,/wiki/25th_Tony_Awards,Joan Van Ark,https://en.wikipedia.org/wiki/Joan_Van_Ark,Agnes,,The School for Wives,https://en.wikipedia.org/wiki/The_School_for_Wives,False
1971,25th tony awards,/wiki/25th_Tony_Awards,Rae Allen,https://en.wikipedia.org/wiki/Rae_Allen,Fleur Stein,,And Miss Reardon Drinks A Little,https://en.wikipedia.org/wiki/And_Miss_Reardon_Drinks_A_Little,True
1972,26th tony awards,/wiki/26th_Tony_Awards,Elizabeth Wilson,https://en.wikipedia.org/wiki/Elizabeth_Wilson,Harriet,,Sticks and Bones,https://en.wikipedia.org/wiki/Sticks_and_Bones,True
1972,26th tony awards,/wiki/26th_Tony_Awards,MacCormick,,Shelly,,Moonchildren,https://en.wikipedia.org/wiki/Moonchildren,False
1972,26th tony awards,/wiki/26th_Tony_Awards,Frances Sternhagen in The Sign,,Lucy Lake,,The Sign in Sidney Brustein's Window,https://en.wikipedia.org/wiki/The_Sign_in_Sidney_Brustein%27s_Window,False
1972,26th tony awards,/wiki/26th_Tony_Awards,Mercedes McCambridge,https://en.wikipedia.org/wiki/Mercedes_McCambridge,Mavis Parodus Bryson,,The Love Suicide at Schofield Barracks,,False
1973,27th tony awards,/wiki/27th_Tony_Awards,Maya Angelou,https://en.wikipedia.org/wiki/Maya_Angelou,Elizabeth Keckley,https://en.wikipedia.org/wiki/Elizabeth_Keckley,Look Away,,False
1973,27th tony awards,/wiki/27th_Tony_Awards,Katherine Helmond,https://en.wikipedia.org/wiki/Katherine_Helmond,Margaret,,The Great God Brown,https://en.wikipedia.org/wiki/The_Great_God_Brown,False
1973,27th tony awards,/wiki/27th_Tony_Awards,Penelope Windust,https://en.wikipedia.org/wiki/Penelope_Windust,Elizabeth I,https://en.wikipedia.org/wiki/Elizabeth_I_of_England,Elizabeth I,https://en.wikipedia.org/wiki/Elizabeth_I_of_England,False
1973,27th tony awards,/wiki/27th_Tony_Awards,Leora Dana,https://en.wikipedia.org/wiki/Leora_Dana,Elizabeth Edwards,,The Last of Mrs. Lincoln,https://en.wikipedia.org/wiki/The_Last_of_Mrs._Lincoln,True
1974,28th tony awards,/wiki/28th_Tony_Awards,Regina Baff,https://en.wikipedia.org/wiki/Regina_Baff,Susan,,Veronica's Room,https://en.wikipedia.org/wiki/Veronica%27s_Room_(play),False
1974,28th tony awards,/wiki/28th_Tony_Awards,Fionnula Flanagan in Ulysses,,Various Characters,,Ulysses in Nighttown,https://en.wikipedia.org/wiki/Ulysses_in_Nighttown,False
1974,28th tony awards,/wiki/28th_Tony_Awards,Charlotte Moore,,Sophie,,Chemin de Fer,,False
1974,28th tony awards,/wiki/28th_Tony_Awards,Roxie Roker,https://en.wikipedia.org/wiki/Roxie_Roker,Mattie Williams,,The River Niger,https://en.wikipedia.org/wiki/The_River_Niger,False
1974,28th tony awards,/wiki/28th_Tony_Awards,Frances Sternhagen,https://en.wikipedia.org/wiki/Frances_Sternhagen,Multiple[c],https://en.wikipedia.org#cite_note-38,The Good Doctor,https://en.wikipedia.org/wiki/The_Good_Doctor_(play),True
1975,29th tony awards,/wiki/29th_Tony_Awards,Geraldine Page,https://en.wikipedia.org/wiki/Geraldine_Page,Marion,,Absurd Person Singular,https://en.wikipedia.org/wiki/Absurd_Person_Singular,False
1975,29th tony awards,/wiki/29th_Tony_Awards,Rita Moreno,https://en.wikipedia.org/wiki/Rita_Moreno,Googie Gomez,,The Ritz,https://en.wikipedia.org/wiki/The_Ritz_(play),True
1975,29th tony awards,/wiki/29th_Tony_Awards,Linda Miller,https://en.wikipedia.org/wiki/Linda_Miller_(actress),Jane,,Black Picture Show,,False
1975,29th tony awards,/wiki/29th_Tony_Awards,Frances Sternhagen,https://en.wikipedia.org/wiki/Frances_Sternhagen,Dora Strang,,Equus,https://en.wikipedia.org/wiki/Equus_(play),False
1975,29th tony awards,/wiki/29th_Tony_Awards,Elizabeth Spriggs,https://en.wikipedia.org/wiki/Elizabeth_Spriggs,Lady Gay Spanker,,London Assurance,https://en.wikipedia.org/wiki/London_Assurance,False
1975,29th tony awards,/wiki/29th_Tony_Awards,Carole Shelley,https://en.wikipedia.org/wiki/Carole_Shelley,Jane,,Absurd Person Singular,,False
1976,30th tony awards,/wiki/30th_Tony_Awards,Meryl Streep,https://en.wikipedia.org/wiki/Meryl_Streep,Flora Meighan,,27 Wagons Full of Cotton / A Memory of Two Mondays,,False
1976,30th tony awards,/wiki/30th_Tony_Awards,Lois Nettleton,https://en.wikipedia.org/wiki/Lois_Nettleton,Amy,,They Knew What They Wanted,https://en.wikipedia.org/wiki/They_Knew_What_They_Wanted_(play),False
1976,30th tony awards,/wiki/30th_Tony_Awards,Mary Beth Hurt,https://en.wikipedia.org/wiki/Mary_Beth_Hurt,Rose Trewlawny,,Trelawny of the 'Wells',https://en.wikipedia.org/wiki/Trelawny_of_the_%27Wells%27,False
1976,30th tony awards,/wiki/30th_Tony_Awards,Shirley Knight,https://en.wikipedia.org/wiki/Shirley_Knight,Carla,,Kennedy's Children,https://en.wikipedia.org/wiki/Kennedy%27s_Children,True
1977,31st tony awards,/wiki/31st_Tony_Awards,Mary McCarty,https://en.wikipedia.org/wiki/Mary_McCarty_(actress),Marthy Owen,,Anna Christie,https://en.wikipedia.org/wiki/Anna_Christie,False
1977,31st tony awards,/wiki/31st_Tony_Awards,Rose Gregorio,https://en.wikipedia.org/wiki/Rose_Gregorio,Agnes,,The Shadow Box,,False
1977,31st tony awards,/wiki/31st_Tony_Awards,Patricia Elliott,https://en.wikipedia.org/wiki/Patricia_Elliott,Beverly,,The Shadow Box,https://en.wikipedia.org/wiki/The_Shadow_Box,False
1977,31st tony awards,/wiki/31st_Tony_Awards,Trazana Beverley,https://en.wikipedia.org/wiki/Trazana_Beverley,Lady in Red,,For Colored Girls Who Have Considered Suicide When the Rainbow Is Enuf,https://en.wikipedia.org/wiki/For_Colored_Girls_Who_Have_Considered_Suicide_When_the_Rainbow_Is_Enuf,True
1978,32nd tony awards,/wiki/32nd_Tony_Awards,Swoosie Kurtz,https://en.wikipedia.org/wiki/Swoosie_Kurtz,Mariane,,Tartuffe,https://en.wikipedia.org/wiki/Tartuffe,False
1978,32nd tony awards,/wiki/32nd_Tony_Awards,Starletta DuPois,,Rita,,The Mighty Gents,,False
1978,32nd tony awards,/wiki/32nd_Tony_Awards,Marian Seldes,https://en.wikipedia.org/wiki/Marian_Seldes,Myra Bruhl,,Deathtrap,https://en.wikipedia.org/wiki/Deathtrap_(play),False
1978,32nd tony awards,/wiki/32nd_Tony_Awards,Ann Wedgeworth,https://en.wikipedia.org/wiki/Ann_Wedgeworth,Faye Medwick,,Chapter Two,https://en.wikipedia.org/wiki/Chapter_Two_(play),True
1979,33rd tony awards,/wiki/33rd_Tony_Awards,Joan Hickson,https://en.wikipedia.org/wiki/Joan_Hickson,Delia,,Bedroom Farce,https://en.wikipedia.org/wiki/Bedroom_Farce_(play),True
1979,33rd tony awards,/wiki/33rd_Tony_Awards,Laurie Kennedy,,Violet Robinson,,Man and Superman,https://en.wikipedia.org/wiki/Man_and_Superman,False
1979,33rd tony awards,/wiki/33rd_Tony_Awards,Susan Littler,https://en.wikipedia.org/wiki/Susan_Littler,Kate,,Bedroom Farce,https://en.wikipedia.org/wiki/Bedroom_Farce_(play),False
1979,33rd tony awards,/wiki/33rd_Tony_Awards,Joan Negro,,Amy,,Wings,https://en.wikipedia.org/wiki/Wings_(play),False
1980,34th tony awards,/wiki/34th_Tony_Awards,Dinah Manoff,https://en.wikipedia.org/wiki/Dinah_Manoff,Libby Tucker,,I Ought to be in Pictures,https://en.wikipedia.org/wiki/I_Ought_to_be_in_Pictures,True
1980,34th tony awards,/wiki/34th_Tony_Awards,Maureen Anderman,https://en.wikipedia.org/wiki/Maureen_Anderman,Carol,,The Lady from Dubuque,https://en.wikipedia.org/wiki/The_Lady_from_Dubuque,False
1980,34th tony awards,/wiki/34th_Tony_Awards,Pamela Burrell,,Various Characters,,Strider,,False
1980,34th tony awards,/wiki/34th_Tony_Awards,Lois de Banzie,https://en.wikipedia.org/wiki/Lois_de_Banzie,Myrtle Brown,,Morning's at Seven,https://en.wikipedia.org/wiki/Morning%27s_at_Seven,False
1981,35th tony awards,/wiki/35th_Tony_Awards, Wanamaker,,Tione,,Piaf,https://en.wikipedia.org/wiki/Piaf_(play),False
1981,35th tony awards,/wiki/35th_Tony_Awards,Swoosie Kurtz,https://en.wikipedia.org/wiki/Swoosie_Kurtz,Gwen Landis,,Fifth of July,https://en.wikipedia.org/wiki/Fifth_of_July,True
1981,35th tony awards,/wiki/35th_Tony_Awards,Maureen Stapleton,https://en.wikipedia.org/wiki/Maureen_Stapleton,Birdie Hubbard,,The Little Foxes,https://en.wikipedia.org/wiki/The_Little_Foxes,False
1981,35th tony awards,/wiki/35th_Tony_Awards,Jessica Tandy,https://en.wikipedia.org/wiki/Jessica_Tandy,Rose's mother,,Rose,,False
1982,36th tony awards,/wiki/36th_Tony_Awards,Judith Anderson,https://en.wikipedia.org/wiki/Judith_Anderson,The Nurse,,Medea,https://en.wikipedia.org/wiki/Medea_(play),False
1982,36th tony awards,/wiki/36th_Tony_Awards,Mia Dillon,https://en.wikipedia.org/wiki/Mia_Dillon,Babe MaGrath Botrelle,,Crimes of the Heart,https://en.wikipedia.org/wiki/Crimes_of_the_Heart,False
1982,36th tony awards,/wiki/36th_Tony_Awards,Amanda Plummer,https://en.wikipedia.org/wiki/Amanda_Plummer,Agnes,,Agnes of God,https://en.wikipedia.org/wiki/Agnes_of_God,True
1982,36th tony awards,/wiki/36th_Tony_Awards,Mary Beth Hurt,https://en.wikipedia.org/wiki/Mary_Beth_Hurt,Meg MaGrath,,Crimes of the Heart,,False
1983,37th tony awards,/wiki/37th_Tony_Awards,Elizabeth Franz,https://en.wikipedia.org/wiki/Elizabeth_Franz,Kate Jerome,,Brighton Beach Memoirs,https://en.wikipedia.org/wiki/Brighton_Beach_Memoirs,False
1983,37th tony awards,/wiki/37th_Tony_Awards,Roxanne Hart,https://en.wikipedia.org/wiki/Roxanne_Hart,Kate,,Passion,https://en.wikipedia.org/wiki/Passion_Play_(Nichols_play),False
1983,37th tony awards,/wiki/37th_Tony_Awards,Judith Ivey,https://en.wikipedia.org/wiki/Judith_Ivey,Josie,,Steaming,https://en.wikipedia.org/wiki/Steaming_(play),True
1983,37th tony awards,/wiki/37th_Tony_Awards,Margaret Tyzack,https://en.wikipedia.org/wiki/Margaret_Tyzack,Countess of Rossillion,,All's Well That Ends Well,https://en.wikipedia.org/wiki/All%27s_Well_That_Ends_Well,False
1984,38th tony awards,/wiki/38th_Tony_Awards,Deborah Rush,https://en.wikipedia.org/wiki/Deborah_Rush,Brooke Ashton,,Noises Off,https://en.wikipedia.org/wiki/Noises_Off,False
1984,38th tony awards,/wiki/38th_Tony_Awards,Christine Baranski,https://en.wikipedia.org/wiki/Christine_Baranski,Charlotte,,The Real Thing,https://en.wikipedia.org/wiki/The_Real_Thing_(play),True
1984,38th tony awards,/wiki/38th_Tony_Awards,Jo Henderson,,Ruth MacMillan,,Play Memory,,False
1984,38th tony awards,/wiki/38th_Tony_Awards,Dana Ivey,https://en.wikipedia.org/wiki/Dana_Ivey,Lady Utterword,,Heartbreak House,https://en.wikipedia.org/wiki/Heartbreak_House,False
1985,39th tony awards,/wiki/39th_Tony_Awards,Joanna Gleason in A Day,,Pam,,A Day in the Death of Joe Egg,https://en.wikipedia.org/wiki/A_Day_in_the_Death_of_Joe_Egg,False
1985,39th tony awards,/wiki/39th_Tony_Awards,Theresa Merritt,https://en.wikipedia.org/wiki/Theresa_Merritt,Ma Rainey,https://en.wikipedia.org/wiki/Ma_Rainey,Ma Rainey's Black Bottom,https://en.wikipedia.org/wiki/Ma_Rainey%27s_Black_Bottom,False
1985,39th tony awards,/wiki/39th_Tony_Awards,Sigourney Weaver,https://en.wikipedia.org/wiki/Sigourney_Weaver,Darlene,,Hurlyburly,https://en.wikipedia.org/wiki/Hurlyburly,False
1985,39th tony awards,/wiki/39th_Tony_Awards,Judith Ivey,https://en.wikipedia.org/wiki/Judith_Ivey,Bonnie,,Hurlyburly,https://en.wikipedia.org/wiki/Hurlyburly,True
1986,40th tony awards,/wiki/40th_Tony_Awards,Bethel Leslie,https://en.wikipedia.org/wiki/Bethel_Leslie,Mary Tyrone,,Long Day's Journey into Night,https://en.wikipedia.org/wiki/Long_Day%27s_Journey_into_Night,False
1986,40th tony awards,/wiki/40th_Tony_Awards, Wanamaker,,Fay,,Loot,https://en.wikipedia.org/wiki/Loot_(play),False
1986,40th tony awards,/wiki/40th_Tony_Awards,Swoosie Kurtz,https://en.wikipedia.org/wiki/Swoosie_Kurtz,Bananas Shaughnessy,,The House of Blue Leaves,https://en.wikipedia.org/wiki/The_House_of_Blue_Leaves,True
1986,40th tony awards,/wiki/40th_Tony_Awards,Stockard Channing,https://en.wikipedia.org/wiki/Stockard_Channing,Bunny Flingus,,The House of Blue Leaves,https://en.wikipedia.org/wiki/The_House_of_Blue_Leaves,False
1987,41st tony awards,/wiki/41st_Tony_Awards,Annette Bening,https://en.wikipedia.org/wiki/Annette_Bening,Holly Dancer,,Coastal Disturbances,https://en.wikipedia.org/wiki/Coastal_Disturbances,False
1987,41st tony awards,/wiki/41st_Tony_Awards,Phyllis Newman,https://en.wikipedia.org/wiki/Phyllis_Newman,Blanche Morton,,Broadway Bound,https://en.wikipedia.org/wiki/Broadway_Bound,False
1987,41st tony awards,/wiki/41st_Tony_Awards,Mary Alice,https://en.wikipedia.org/wiki/Mary_Alice,Rose Maxson,,Fences,https://en.wikipedia.org/wiki/Fences_(play),True
1987,41st tony awards,/wiki/41st_Tony_Awards,Carole Shelley,https://en.wikipedia.org/wiki/Carole_Shelley,Maxine,,Stepping Out,https://en.wikipedia.org/wiki/Stepping_Out_(play),False
1988,42nd tony awards,/wiki/42nd_Tony_Awards,Kate Nelligan,https://en.wikipedia.org/wiki/Kate_Nelligan,Various Characters,,Serious Money,https://en.wikipedia.org/wiki/Serious_Money,False
1988,42nd tony awards,/wiki/42nd_Tony_Awards,Kimberleigh Aarn,,Mattie Cambell,,Joe Turner's Come and Gone,https://en.wikipedia.org/wiki/Joe_Turner%27s_Come_and_Gone,False
1988,42nd tony awards,/wiki/42nd_Tony_Awards,L. Scott Caldwell,https://en.wikipedia.org/wiki/L._Scott_Caldwell,Bertha Holly,,Joe Turner's Come and Gone,https://en.wikipedia.org/wiki/Joe_Turner%27s_Come_and_Gone,True
1988,42nd tony awards,/wiki/42nd_Tony_Awards,Kimberly Scott,https://en.wikipedia.org/wiki/Kimberly_Scott,Molly Cunningham,,Joe Turner's Come and Gone,,False
1989,43rd tony awards,/wiki/43rd_Tony_Awards,Christine Baranski,https://en.wikipedia.org/wiki/Christine_Baranski,Chris Gorman,,Rumors,https://en.wikipedia.org/wiki/Rumors,True
1989,43rd tony awards,/wiki/43rd_Tony_Awards,Joanne Camp,,Various Characters,,The Heidi Chronicles,https://en.wikipedia.org/wiki/The_Heidi_Chronicles,False
1989,43rd tony awards,/wiki/43rd_Tony_Awards,Tovah Feldshuh,https://en.wikipedia.org/wiki/Tovah_Feldshuh,Maria Merelli,,Lend Me a Tenor,https://en.wikipedia.org/wiki/Lend_Me_a_Tenor,False
1989,43rd tony awards,/wiki/43rd_Tony_Awards,Penelope Ann Miller,https://en.wikipedia.org/wiki/Penelope_Ann_Miller,Emily Webb,,Our Town,https://en.wikipedia.org/wiki/Our_Town,False
1990,44th tony awards,/wiki/44th_Tony_Awards,Margaret Tyzack,https://en.wikipedia.org/wiki/Margaret_Tyzack,Lotte Schoen,,Lettice and Lovage,https://en.wikipedia.org/wiki/Lettice_and_Lovage,True
1990,44th tony awards,/wiki/44th_Tony_Awards,Lois Smith,https://en.wikipedia.org/wiki/Lois_Smith,Ma Joad,,The Grapes of Wrath,https://en.wikipedia.org/wiki/The_Grapes_of_Wrath_(play),False
1990,44th tony awards,/wiki/44th_Tony_Awards, Epatha Merkerson,,Berniece,,The Piano Lesson,https://en.wikipedia.org/wiki/The_Piano_Lesson,False
1990,44th tony awards,/wiki/44th_Tony_Awards,Polly Holliday,https://en.wikipedia.org/wiki/Polly_Holliday,Big Mama Polllitt,,Cat on a Hot Tin Roof,https://en.wikipedia.org/wiki/Cat_on_a_Hot_Tin_Roof,False
1991,45th tony awards,/wiki/45th_Tony_Awards,Cameron,,Various Characters,,Our Country's Good,,False
1991,45th tony awards,/wiki/45th_Tony_Awards,Amelia Campbell,https://en.wikipedia.org/wiki/Amelia_Campbell,Various Characters,,Our Country's Good,https://en.wikipedia.org/wiki/Our_Country%27s_Good,False
1991,45th tony awards,/wiki/45th_Tony_Awards,Kathryn Erbe,https://en.wikipedia.org/wiki/Kathryn_Erbe,Mary,,The Speed of Darkness,https://en.wikipedia.org/wiki/The_Speed_of_Darkness_(play),False
1991,45th tony awards,/wiki/45th_Tony_Awards,Irene Worth,https://en.wikipedia.org/wiki/Irene_Worth,Grandma Kurnitz,,Lost in Yonkers,https://en.wikipedia.org/wiki/Lost_in_Yonkers,True
1992,46th tony awards,/wiki/46th_Tony_Awards,Brid Brennan,https://en.wikipedia.org/wiki/Brid_Brennan,Agnes,,Dancing at Lughnasa,https://en.wikipedia.org/wiki/Dancing_at_Lughnasa,True
1992,46th tony awards,/wiki/46th_Tony_Awards,Rosaleen Linehan,https://en.wikipedia.org/wiki/Rosaleen_Linehan,Kate Mundy,,Dancing at Lughnasa,https://en.wikipedia.org/wiki/Dancing_at_Lughnasa,False
1992,46th tony awards,/wiki/46th_Tony_Awards,Cynthia Martells,,Risa,,Two Trains Running,https://en.wikipedia.org/wiki/Two_Trains_Running,False
1992,46th tony awards,/wiki/46th_Tony_Awards,Dearbhla Molloy,https://en.wikipedia.org/wiki/Dearbhla_Molloy,Maggie Mundy,,Dancing at Lughnasa,,False
1993,47th tony awards,/wiki/47th_Tony_Awards,Anne Meara,https://en.wikipedia.org/wiki/Anne_Meara,Marthy Owen,,Anna Christie,https://en.wikipedia.org/wiki/Anna_Christie,False
1993,47th tony awards,/wiki/47th_Tony_Awards,Debra Monk,https://en.wikipedia.org/wiki/Debra_Monk,Geneva,,Redwood Curtain,https://en.wikipedia.org/wiki/Redwood_Curtain,True
1993,47th tony awards,/wiki/47th_Tony_Awards,Kathleen Chalfant in Angels,,Various Characters,,Angels in America: Millennium Approaches,https://en.wikipedia.org/wiki/Angels_in_America:_Millennium_Approaches,False
1993,47th tony awards,/wiki/47th_Tony_Awards,Marcia Gay Harden in Angels,,Various Characters,,Angels in America: Millennium Approaches,,False
1994,48th tony awards,/wiki/48th_Tony_Awards,Anne Pitoniak,https://en.wikipedia.org/wiki/Anne_Pitoniak,Helen Potts,,Picnic,,False
1994,48th tony awards,/wiki/48th_Tony_Awards,Jeanne Paulsen,https://en.wikipedia.org/wiki/Jeanne_Paulsen,Various Characters,,The Kentucky Cycle,https://en.wikipedia.org/wiki/The_Kentucky_Cycle,False
1994,48th tony awards,/wiki/48th_Tony_Awards,Jane Adams,https://en.wikipedia.org/wiki/Jane_Adams_(actress),Sheila Birling,,An Inspector Calls,https://en.wikipedia.org/wiki/An_Inspector_Calls,True
1994,48th tony awards,/wiki/48th_Tony_Awards,Debra Monk,https://en.wikipedia.org/wiki/Debra_Monk,Rosemary Sydney,,Picnic,https://en.wikipedia.org/wiki/Picnic_(play),False
1995,49th tony awards,/wiki/49th_Tony_Awards,Frances Sternhagen,https://en.wikipedia.org/wiki/Frances_Sternhagen,Lavinia Penniman,,The Heiress,https://en.wikipedia.org/wiki/The_Heiress_(1947_play),True
1995,49th tony awards,/wiki/49th_Tony_Awards,Cynthia Nixon,https://en.wikipedia.org/wiki/Cynthia_Nixon,Madeleine Ozeray,https://en.wikipedia.org/wiki/Madeleine_Ozeray,Indiscretions,https://en.wikipedia.org/wiki/Les_Parents_terribles,False
1995,49th tony awards,/wiki/49th_Tony_Awards,Mercedes Ruehl,https://en.wikipedia.org/wiki/Mercedes_Ruehl,Beverly,,The Shadow Box,https://en.wikipedia.org/wiki/The_Shadow_Box,False
1995,49th tony awards,/wiki/49th_Tony_Awards,Suzanne Bertish,https://en.wikipedia.org/wiki/Suzanne_Bertish,Lisette,,The Molière Comedies,,False
1996,50th tony awards,/wiki/50th_Tony_Awards,Viola Davis,https://en.wikipedia.org/wiki/Viola_Davis,Vera,,Seven Guitars,https://en.wikipedia.org/wiki/Seven_Guitars,False
1996,50th tony awards,/wiki/50th_Tony_Awards,Lois Smith,https://en.wikipedia.org/wiki/Lois_Smith,Hallie,,Buried Child,https://en.wikipedia.org/wiki/Buried_Child,False
1996,50th tony awards,/wiki/50th_Tony_Awards,Michele Shay,,Louise,,Seven Guitars,,False
1996,50th tony awards,/wiki/50th_Tony_Awards,Audra McDonald,https://en.wikipedia.org/wiki/Audra_McDonald,Sharon Graham,,Master Class,https://en.wikipedia.org/wiki/Master_Class,True
1997,51st tony awards,/wiki/51st_Tony_Awards,Lynne Thigpen,https://en.wikipedia.org/wiki/Lynne_Thigpen,Dr. Judith B. Kaufman,,An American Daughter,https://en.wikipedia.org/wiki/An_American_Daughter,True
1997,51st tony awards,/wiki/51st_Tony_Awards,Dana Ivey,https://en.wikipedia.org/wiki/Dana_Ivey,Boo Levy,,The Last Night of Ballyhoo,https://en.wikipedia.org/wiki/The_Last_Night_of_Ballyhoo,False
1997,51st tony awards,/wiki/51st_Tony_Awards,Celia Weston,https://en.wikipedia.org/wiki/Celia_Weston,Reba Freitag,,The Last Night of Ballyhoo,,False
1997,51st tony awards,/wiki/51st_Tony_Awards,Helen Carey,,Lady Gay Spanker,,London Assurance,https://en.wikipedia.org/wiki/London_Assurance,False
1998,52nd tony awards,/wiki/52nd_Tony_Awards,Anna Manahan,https://en.wikipedia.org/wiki/Anna_Manahan,Mags Folan,,The Beauty Queen of Leenane,https://en.wikipedia.org/wiki/The_Beauty_Queen_of_Leenane,True
1998,52nd tony awards,/wiki/52nd_Tony_Awards,Enid Graham,,Sophie,,Honour,https://en.wikipedia.org/wiki/Honour_(Murray-Smith_play),False
1998,52nd tony awards,/wiki/52nd_Tony_Awards,Linda Lavin,https://en.wikipedia.org/wiki/Linda_Lavin,Petronella van Daan,,The Diary of Anne Frank,https://en.wikipedia.org/wiki/The_Diary_of_Anne_Frank_(play),False
1998,52nd tony awards,/wiki/52nd_Tony_Awards,Julyana Soelistyo,https://en.wikipedia.org/wiki/Julyana_Soelistyo,Eng Ahn,,Golden Child,https://en.wikipedia.org/wiki/Golden_Child_(play),False
1999,53rd tony awards,/wiki/53rd_Tony_Awards,Elizabeth Franz,https://en.wikipedia.org/wiki/Elizabeth_Franz,Linda Loman,,Death of a Salesman,https://en.wikipedia.org/wiki/Death_of_a_Salesman,True
1999,53rd tony awards,/wiki/53rd_Tony_Awards,Dawn Bradfield,,Girleen Kelleher,,The Lonesome West,https://en.wikipedia.org/wiki/The_Lonesome_West,False
1999,53rd tony awards,/wiki/53rd_Tony_Awards,Samantha Bond,https://en.wikipedia.org/wiki/Samantha_Bond,Amy Thomas,,Amy's View,https://en.wikipedia.org/wiki/Amy%27s_View,False
1999,53rd tony awards,/wiki/53rd_Tony_Awards,Claire Bloom,https://en.wikipedia.org/wiki/Claire_Bloom,Clytemnestra,https://en.wikipedia.org/wiki/Clytemnestra,Electra,https://en.wikipedia.org/wiki/Electra_(Sophocles),False
2000,54th tony awards,/wiki/54th_Tony_Awards,Frances Conroy,https://en.wikipedia.org/wiki/Frances_Conroy,Theo,,The Ride Down Mt. Morgan,https://en.wikipedia.org/wiki/The_Ride_Down_Mt._Morgan,False
2000,54th tony awards,/wiki/54th_Tony_Awards,Helen Stenborg in Waiting,,Sarita Myrtle,,Waiting in the Wings,https://en.wikipedia.org/wiki/Waiting_in_the_Wings_(play),False
2000,54th tony awards,/wiki/54th_Tony_Awards,Sarah Woodward,https://en.wikipedia.org/wiki/Sarah_Woodward,Charlotte,,The Real Thing,https://en.wikipedia.org/wiki/The_Real_Thing_(play),False
2000,54th tony awards,/wiki/54th_Tony_Awards,Blair Brown,https://en.wikipedia.org/wiki/Blair_Brown,Margrethe Bohr,,Copenhagen,https://en.wikipedia.org/wiki/Copenhagen_(play),True
2000,54th tony awards,/wiki/54th_Tony_Awards,Amy Ryan,https://en.wikipedia.org/wiki/Amy_Ryan,Sonya Serebryakova,,Uncle Vanya,https://en.wikipedia.org/wiki/Uncle_Vanya,False
2001,55th tony awards,/wiki/55th_Tony_Awards,Johanna Day,https://en.wikipedia.org/wiki/Johanna_Day,Claire,,Proof,https://en.wikipedia.org/wiki/Proof_(play),False
2001,55th tony awards,/wiki/55th_Tony_Awards,Michele Lee,https://en.wikipedia.org/wiki/Michele_Lee,Lee Green,,The Tale of the Allergist's Wife,https://en.wikipedia.org/wiki/The_Tale_of_the_Allergist%27s_Wife,False
2001,55th tony awards,/wiki/55th_Tony_Awards,Marthe Keller,https://en.wikipedia.org/wiki/Marthe_Keller,Mme. Bertholt,,Judgment at Nuremberg,https://en.wikipedia.org/wiki/Judgment_at_Nuremberg,False
2001,55th tony awards,/wiki/55th_Tony_Awards,Viola Davis,https://en.wikipedia.org/wiki/Viola_Davis,Tonya,,King Hedley II,https://en.wikipedia.org/wiki/King_Hedley_II,True
2001,55th tony awards,/wiki/55th_Tony_Awards,Penny Fuller,https://en.wikipedia.org/wiki/Penny_Fuller,Gabrielle Buonocelli,,The Dinner Party,https://en.wikipedia.org/wiki/The_Dinner_Party_(play),False
2002,56th tony awards,/wiki/56th_Tony_Awards,Estelle Parsons,https://en.wikipedia.org/wiki/Estelle_Parsons,Cora Swanson,,Morning's at Seven,,False
2002,56th tony awards,/wiki/56th_Tony_Awards,Katie Finneran,https://en.wikipedia.org/wiki/Katie_Finneran,Brooke Ashton,,Noises Off,https://en.wikipedia.org/wiki/Noises_Off,True
2002,56th tony awards,/wiki/56th_Tony_Awards,Frances Sternhagen,https://en.wikipedia.org/wiki/Frances_Sternhagen,Ida Bolton,,Morning's at Seven,,False
2002,56th tony awards,/wiki/56th_Tony_Awards,Kate Burton,https://en.wikipedia.org/wiki/Kate_Burton_(actress),Madge Kendal,https://en.wikipedia.org/wiki/Madge_Kendal,The Elephant Man,https://en.wikipedia.org/wiki/The_Elephant_Man_(play),False
2002,56th tony awards,/wiki/56th_Tony_Awards,Elizabeth Franz,https://en.wikipedia.org/wiki/Elizabeth_Franz,Aaronetta Gibbs,,Morning's at Seven,https://en.wikipedia.org/wiki/Morning%27s_at_Seven,False
2003,57th tony awards,/wiki/57th_Tony_Awards,Kathryn Meisle,,Elmire,,Tartuffe,https://en.wikipedia.org/wiki/Tartuffe,False
2003,57th tony awards,/wiki/57th_Tony_Awards,Marian Seldes,https://en.wikipedia.org/wiki/Marian_Seldes,Carlotta Vance,,Dinner at Eight,,False
2003,57th tony awards,/wiki/57th_Tony_Awards,Christine Ebersole,https://en.wikipedia.org/wiki/Christine_Ebersole,Millicent Jordan,,Dinner at Eight,https://en.wikipedia.org/wiki/Dinner_at_Eight_(play),False
2003,57th tony awards,/wiki/57th_Tony_Awards,Michele Pawk,https://en.wikipedia.org/wiki/Michele_Pawk,Louise,,Hollywood Arms,https://en.wikipedia.org/wiki/Hollywood_Arms,True
2003,57th tony awards,/wiki/57th_Tony_Awards,Linda Emond,https://en.wikipedia.org/wiki/Linda_Emond,Inez,,Life x 3,https://en.wikipedia.org/wiki/Life_x_3,False
2004,58th tony awards,/wiki/58th_Tony_Awards,Essie Davis,https://en.wikipedia.org/wiki/Essie_Davis,Dotty,,Jumpers,https://en.wikipedia.org/wiki/Jumpers_(play),False
2004,58th tony awards,/wiki/58th_Tony_Awards,Sanaa Lathan in A Raisin,,Beneatha Younger,,A Raisin in the Sun,https://en.wikipedia.org/wiki/A_Raisin_in_the_Sun,False
2004,58th tony awards,/wiki/58th_Tony_Awards,Vega in Anna,,Conchita,,Anna in the Tropics,https://en.wikipedia.org/wiki/Anna_in_the_Tropics,False
2004,58th tony awards,/wiki/58th_Tony_Awards,Audra McDonald,https://en.wikipedia.org/wiki/Audra_McDonald,Ruth Younger,,A Raisin in the Sun,https://en.wikipedia.org/wiki/A_Raisin_in_the_Sun,True
2004,58th tony awards,/wiki/58th_Tony_Awards,Margo Martindale,https://en.wikipedia.org/wiki/Margo_Martindale,Big Momma Pollitt,,Cat on a Hot Tin Roof,https://en.wikipedia.org/wiki/Cat_on_a_Hot_Tin_Roof,False
2005,59th tony awards,/wiki/59th_Tony_Awards,Mireille Enos,https://en.wikipedia.org/wiki/Mireille_Enos,Honey,,Who's Afraid of Virginia Woolf?,https://en.wikipedia.org/wiki/Who%27s_Afraid_of_Virginia_Woolf%3F,False
2005,59th tony awards,/wiki/59th_Tony_Awards,Dana Ivey,https://en.wikipedia.org/wiki/Dana_Ivey,Mrs. Malaprop,,The Rivals,https://en.wikipedia.org/wiki/The_Rivals,False
2005,59th tony awards,/wiki/59th_Tony_Awards,Amy Ryan,https://en.wikipedia.org/wiki/Amy_Ryan,Stella Kowalski,https://en.wikipedia.org/wiki/Stella_Kowalski,A Streetcar Named Desire,https://en.wikipedia.org/wiki/A_Streetcar_Named_Desire_(play),False
2005,59th tony awards,/wiki/59th_Tony_Awards,Heather Goldenhersh,https://en.wikipedia.org/wiki/Heather_Goldenhersh,Sister James,,Doubt: A Parable,https://en.wikipedia.org/wiki/Doubt:_A_Parable,False
2005,59th tony awards,/wiki/59th_Tony_Awards,Adriane Lenox,https://en.wikipedia.org/wiki/Adriane_Lenox,Mrs. Muller,,Doubt: A Parable,https://en.wikipedia.org/wiki/Doubt:_A_Parable,True
2006,60th tony awards,/wiki/60th_Tony_Awards, Wanamaker,,Bessie Berger,,Awake and Sing!,https://en.wikipedia.org/wiki/Awake_and_Sing!,False
2006,60th tony awards,/wiki/60th_Tony_Awards,Alison Pill,https://en.wikipedia.org/wiki/Alison_Pill,Mairead,,The Lieutenant of Inishmore,https://en.wikipedia.org/wiki/The_Lieutenant_of_Inishmore,False
2006,60th tony awards,/wiki/60th_Tony_Awards,Jayne Houdyshell,https://en.wikipedia.org/wiki/Jayne_Houdyshell,Ann Kron,,Well,https://en.wikipedia.org/wiki/Well_(play),False
2006,60th tony awards,/wiki/60th_Tony_Awards,Tyne Daly,https://en.wikipedia.org/wiki/Tyne_Daly,Nat,,Rabbit Hole,https://en.wikipedia.org/wiki/Rabbit_Hole,False
2006,60th tony awards,/wiki/60th_Tony_Awards,Frances de la Tour,https://en.wikipedia.org/wiki/Frances_de_la_Tour,Mrs. Lintott,,The History Boys,https://en.wikipedia.org/wiki/The_History_Boys,True
2007,61st tony awards,/wiki/61st_Tony_Awards,Martha Plimpton,https://en.wikipedia.org/wiki/Martha_Plimpton,Various Characters,,The Coast of Utopia,https://en.wikipedia.org/wiki/The_Coast_of_Utopia,False
2007,61st tony awards,/wiki/61st_Tony_Awards,Dana Ivey,https://en.wikipedia.org/wiki/Dana_Ivey,Edna Shaft,,Butley,https://en.wikipedia.org/wiki/Butley_(play),False
2007,61st tony awards,/wiki/61st_Tony_Awards,Xanthe Elbrick,https://en.wikipedia.org/wiki/Xanthe_Elbrick,Various Characters,,Coram Boy,https://en.wikipedia.org/wiki/Coram_Boy_(play),False
2007,61st tony awards,/wiki/61st_Tony_Awards,Jennifer Ehle,https://en.wikipedia.org/wiki/Jennifer_Ehle,Multiple[d],https://en.wikipedia.org#cite_note-72,The Coast of Utopia,https://en.wikipedia.org/wiki/The_Coast_of_Utopia,True
2007,61st tony awards,/wiki/61st_Tony_Awards,Jan Maxwell,https://en.wikipedia.org/wiki/Jan_Maxwell,Various Characters,,Coram Boy,,False
2008,62nd tony awards,/wiki/62nd_Tony_Awards,ad Cusack,,Eleanor,,Rock 'n' Roll,https://en.wikipedia.org/wiki/Rock_%27n%27_Roll_(play),False
2008,62nd tony awards,/wiki/62nd_Tony_Awards,Rondi Reed,https://en.wikipedia.org/wiki/Rondi_Reed,Mattie Fae Aiken,,August: Osage County,https://en.wikipedia.org/wiki/August:_Osage_County,True
2008,62nd tony awards,/wiki/62nd_Tony_Awards,Mary McCormack,https://en.wikipedia.org/wiki/Mary_McCormack,Gretchen,,Boeing-Boeing,https://en.wikipedia.org/wiki/Boeing-Boeing_(play),False
2008,62nd tony awards,/wiki/62nd_Tony_Awards,Laurie Metcalf,https://en.wikipedia.org/wiki/Laurie_Metcalf,Clarice Bernstein,,November,https://en.wikipedia.org/wiki/November_(play),False
2008,62nd tony awards,/wiki/62nd_Tony_Awards,Martha Plimpton,https://en.wikipedia.org/wiki/Martha_Plimpton,Angie,,Top Girls,https://en.wikipedia.org/wiki/Top_Girls,False
2009,63rd tony awards,/wiki/63rd_Tony_Awards,Hallie Foote,https://en.wikipedia.org/wiki/Hallie_Foote,Mary Jo Gordon,,Dividing the Estate,https://en.wikipedia.org/wiki/Dividing_the_Estate,False
2009,63rd tony awards,/wiki/63rd_Tony_Awards,Jessica Hynes,https://en.wikipedia.org/wiki/Jessica_Hynes,Annie,,The Norman Conquests,https://en.wikipedia.org/wiki/The_Norman_Conquests,False
2009,63rd tony awards,/wiki/63rd_Tony_Awards,Marin Ireland,https://en.wikipedia.org/wiki/Marin_Ireland,Steph,,reasons to be pretty,https://en.wikipedia.org/wiki/Reasons_to_be_pretty,False
2009,63rd tony awards,/wiki/63rd_Tony_Awards,Amanda Root,https://en.wikipedia.org/wiki/Amanda_Root,Sarah,,The Norman Conquests,,False
2009,63rd tony awards,/wiki/63rd_Tony_Awards,Angela Lansbury,https://en.wikipedia.org/wiki/Angela_Lansbury,Madame Arcati,,Blithe Spirit,https://en.wikipedia.org/wiki/Blithe_Spirit_(play),True
2010,64th tony awards,/wiki/64th_Tony_Awards,Rosemary Harris,https://en.wikipedia.org/wiki/Rosemary_Harris,Fanny Cavendish,,The Royal Family,https://en.wikipedia.org/wiki/The_Royal_Family_(play),False
2010,64th tony awards,/wiki/64th_Tony_Awards,Jan Maxwell,https://en.wikipedia.org/wiki/Jan_Maxwell,Maria Merelli,,Lend Me a Tenor,https://en.wikipedia.org/wiki/Lend_Me_a_Tenor,False
2010,64th tony awards,/wiki/64th_Tony_Awards,Jessica Hecht,https://en.wikipedia.org/wiki/Jessica_Hecht,Beatrice Carbone,,A View from the Bridge,https://en.wikipedia.org/wiki/A_View_from_the_Bridge,False
2010,64th tony awards,/wiki/64th_Tony_Awards,Maria Dizzia,https://en.wikipedia.org/wiki/Maria_Dizzia,Mrs. Daldry,,In the Next Room (or The Vibrator Play),https://en.wikipedia.org/wiki/In_the_Next_Room_(or_The_Vibrator_Play),False
2010,64th tony awards,/wiki/64th_Tony_Awards,Scarlett Johansson,https://en.wikipedia.org/wiki/Scarlett_Johansson,Catherine,,A View from the Bridge,https://en.wikipedia.org/wiki/A_View_from_the_Bridge,True
2011,65th tony awards,/wiki/65th_Tony_Awards,Ellen Barkin,https://en.wikipedia.org/wiki/Ellen_Barkin,Dr. Emma Brookner,,The Normal Heart,https://en.wikipedia.org/wiki/The_Normal_Heart,True
2011,65th tony awards,/wiki/65th_Tony_Awards,Elizabeth Rodriguez,https://en.wikipedia.org/wiki/Elizabeth_Rodriguez,Veronica,,The Motherfucker with the Hat,https://en.wikipedia.org/wiki/The_Motherfucker_with_the_Hat,False
2011,65th tony awards,/wiki/65th_Tony_Awards,Edie Falco,https://en.wikipedia.org/wiki/Edie_Falco,Bananas Shaughnessy,,The House of Blue Leaves,https://en.wikipedia.org/wiki/The_House_of_Blue_Leaves,False
2011,65th tony awards,/wiki/65th_Tony_Awards,Judith Light,https://en.wikipedia.org/wiki/Judith_Light,Marie Lombardi,https://en.wikipedia.org/wiki/Vince_Lombardi,Lombardi,https://en.wikipedia.org/wiki/Lombardi_(play),False
2011,65th tony awards,/wiki/65th_Tony_Awards,Joanna Lumley,https://en.wikipedia.org/wiki/Joanna_Lumley,The Princess,,La Bête,https://en.wikipedia.org/wiki/La_B%C3%AAte_(play),False
2012,66th tony awards,/wiki/66th_Tony_Awards,Judith Light,https://en.wikipedia.org/wiki/Judith_Light,Silda Grauman,,Other Desert Cities,https://en.wikipedia.org/wiki/Other_Desert_Cities,True
2012,66th tony awards,/wiki/66th_Tony_Awards,d,,Cheryl,,Stick Fly,https://en.wikipedia.org/wiki/Stick_Fly,False
2012,66th tony awards,/wiki/66th_Tony_Awards,Bolger,,Molly Aster,,Peter and the Starcatcher,https://en.wikipedia.org/wiki/Peter_and_the_Starcatcher_(play),False
2012,66th tony awards,/wiki/66th_Tony_Awards,Spencer Kayden,https://en.wikipedia.org/wiki/Spencer_Kayden,Suzette,,Don't Dress for Dinner,https://en.wikipedia.org/wiki/Don%27t_Dress_for_Dinner,False
2012,66th tony awards,/wiki/66th_Tony_Awards,Linda Emond,https://en.wikipedia.org/wiki/Linda_Emond,Linda Loman,,Arthur Miller's Death of a Salesman,,False
2013,67th tony awards,/wiki/67th_Tony_Awards,Condola Rashad,https://en.wikipedia.org/wiki/Condola_Rashad,Thelma,,The Trip to Bountiful,https://en.wikipedia.org/wiki/The_Trip_to_Bountiful_(play),False
2013,67th tony awards,/wiki/67th_Tony_Awards,Judith Ivey,https://en.wikipedia.org/wiki/Judith_Ivey,Lavinia Penniman,,The Heiress,https://en.wikipedia.org/wiki/The_Heiress_(1947_play),False
2013,67th tony awards,/wiki/67th_Tony_Awards,Carrie Coon,https://en.wikipedia.org/wiki/Carrie_Coon,Honey,,Who's Afraid of Virginia Woolf?,https://en.wikipedia.org/wiki/Who%27s_Afraid_of_Virginia_Woolf%3F,False
2013,67th tony awards,/wiki/67th_Tony_Awards,Shalita Grant,https://en.wikipedia.org/wiki/Shalita_Grant,Cassandra,,Vanya and Sonia and Masha and Spike,https://en.wikipedia.org/wiki/Vanya_and_Sonia_and_Masha_and_Spike,False
2013,67th tony awards,/wiki/67th_Tony_Awards,Judith Light,https://en.wikipedia.org/wiki/Judith_Light,Faye,,The Assembled Parties,https://en.wikipedia.org/wiki/The_Assembled_Parties,True
2014,68th tony awards,/wiki/68th_Tony_Awards,Anika Noni Rose in A Raisin,,Beneatha Younger,,A Raisin in the Sun,https://en.wikipedia.org/wiki/A_Raisin_in_the_Sun,False
2014,68th tony awards,/wiki/68th_Tony_Awards,Mare Winningham,https://en.wikipedia.org/wiki/Mare_Winningham,Rita,,Casa Valentina,https://en.wikipedia.org/wiki/Casa_Valentina,False
2014,68th tony awards,/wiki/68th_Tony_Awards,Bolger,,Laura Wingfield,,The Glass Menagerie,https://en.wikipedia.org/wiki/The_Glass_Menagerie,False
2014,68th tony awards,/wiki/68th_Tony_Awards,Sophie Okonedo,https://en.wikipedia.org/wiki/Sophie_Okonedo,Ruth Younger,,A Raisin in the Sun,https://en.wikipedia.org/wiki/A_Raisin_in_the_Sun,True
2014,68th tony awards,/wiki/68th_Tony_Awards,Sarah Greene,https://en.wikipedia.org/wiki/Sarah_Greene_(actress),Helen McCormack,,The Cripple of Inishmaan,https://en.wikipedia.org/wiki/The_Cripple_of_Inishmaan,False
2015,69th tony awards,/wiki/69th_Tony_Awards,Julie White,https://en.wikipedia.org/wiki/Julie_White,Tanya,,Airline Highway,https://en.wikipedia.org/wiki/Airline_Highway_(play),False
2015,69th tony awards,/wiki/69th_Tony_Awards,Sarah Stiles,https://en.wikipedia.org/wiki/Sarah_Stiles,Jessica,,Hand to God,https://en.wikipedia.org/wiki/Hand_to_God_(play),False
2015,69th tony awards,/wiki/69th_Tony_Awards,Lydia Leonard,https://en.wikipedia.org/wiki/Lydia_Leonard,Anne Boleyn,https://en.wikipedia.org/wiki/Anne_Boleyn,Wolf Hall Parts One & Two,https://en.wikipedia.org/wiki/Wolf_Hall_Parts_One_%26_Two,False
2015,69th tony awards,/wiki/69th_Tony_Awards,Patricia Clarkson,https://en.wikipedia.org/wiki/Patricia_Clarkson,Madge Kendal,https://en.wikipedia.org/wiki/Madge_Kendal,The Elephant Man,https://en.wikipedia.org/wiki/The_Elephant_Man_(play),False
2015,69th tony awards,/wiki/69th_Tony_Awards,Annaleigh Ashford,https://en.wikipedia.org/wiki/Annaleigh_Ashford,Essie Carmichael,,You Can't Take It with You,https://en.wikipedia.org/wiki/You_Can%27t_Take_It_with_You_(play),True
2016,70th tony awards,/wiki/70th_Tony_Awards,Saycon Sengbloh,https://en.wikipedia.org/wiki/Saycon_Sengbloh,Helena,,Eclipsed,https://en.wikipedia.org/wiki/Eclipsed_(play),False
2016,70th tony awards,/wiki/70th_Tony_Awards,Jayne Houdyshell,https://en.wikipedia.org/wiki/Jayne_Houdyshell,Deirdre Blake,,The Humans,https://en.wikipedia.org/wiki/The_Humans_(play),True
2016,70th tony awards,/wiki/70th_Tony_Awards,Pascale Armand,,Bessie,,Eclipsed,https://en.wikipedia.org/wiki/Eclipsed_(play),False
2016,70th tony awards,/wiki/70th_Tony_Awards,Megan Hilty,https://en.wikipedia.org/wiki/Megan_Hilty,Brooke Ashton,,Noises Off,https://en.wikipedia.org/wiki/Noises_Off,False
2016,70th tony awards,/wiki/70th_Tony_Awards,Andrea Martin,https://en.wikipedia.org/wiki/Andrea_Martin,Dotty Otley,,Noises Off,,False
2017,71st tony awards,/wiki/71st_Tony_Awards,d,,Emmy Helmer,,"A Doll's House, Part 2",,False
2017,71st tony awards,/wiki/71st_Tony_Awards,Cynthia Nixon,https://en.wikipedia.org/wiki/Cynthia_Nixon,Birdie Hubbard,,The Little Foxes,https://en.wikipedia.org/wiki/The_Little_Foxes,True
2017,71st tony awards,/wiki/71st_Tony_Awards,Michelle Wilson,,Cynthia,,Sweat,https://en.wikipedia.org/wiki/Sweat_(play),False
2017,71st tony awards,/wiki/71st_Tony_Awards,Jayne Houdyshell,https://en.wikipedia.org/wiki/Jayne_Houdyshell,Anne Marie,,"A Doll's House, Part 2","https://en.wikipedia.org/wiki/A_Doll%27s_House,_Part_2",False
2017,71st tony awards,/wiki/71st_Tony_Awards,Johanna Day,https://en.wikipedia.org/wiki/Johanna_Day,Tracey,,Sweat,https://en.wikipedia.org/wiki/Sweat_(play),False
2018,72nd tony awards,/wiki/72nd_Tony_Awards,Laurie Metcalf,https://en.wikipedia.org/wiki/Laurie_Metcalf,B,,Three Tall Women,https://en.wikipedia.org/wiki/Three_Tall_Women,True
2018,72nd tony awards,/wiki/72nd_Tony_Awards,Denise Gough in Angels,,"Harper Pitt, et al.",,Angels in America,,False
2018,72nd tony awards,/wiki/72nd_Tony_Awards,Susan Brown in Angels,,"Hannah Pitt, et al.",,Angels in America,https://en.wikipedia.org/wiki/Angels_in_America,False
2018,72nd tony awards,/wiki/72nd_Tony_Awards,Deborah Findlay,https://en.wikipedia.org/wiki/Deborah_Findlay,Hazel,,The Children,https://en.wikipedia.org/wiki/The_Children_(play),False
2018,72nd tony awards,/wiki/72nd_Tony_Awards,Noma Dumezweni,https://en.wikipedia.org/wiki/Noma_Dumezweni,Hermione Granger,https://en.wikipedia.org/wiki/Hermione_Granger,Harry Potter and the Cursed Child,https://en.wikipedia.org/wiki/Harry_Potter_and_the_Cursed_Child,False
2019,73rd tony awards,/wiki/73rd_Tony_Awards,Julie White,https://en.wikipedia.org/wiki/Julie_White,Carol,,Gary: A Sequel to Titus Andronicus,,False
2019,73rd tony awards,/wiki/73rd_Tony_Awards,Ruth Wilson,https://en.wikipedia.org/wiki/Ruth_Wilson,Cordelia/Fool,,King Lear,https://en.wikipedia.org/wiki/King_Lear,False
2019,73rd tony awards,/wiki/73rd_Tony_Awards,Kristine Nielsen,https://en.wikipedia.org/wiki/Kristine_Nielsen,Janice,,Gary: A Sequel to Titus Andronicus,https://en.wikipedia.org/wiki/Gary:_A_Sequel_to_Titus_Andronicus,False
2019,73rd tony awards,/wiki/73rd_Tony_Awards,Celia Keenan-Bolger,https://en.wikipedia.org/wiki/Celia_Keenan-Bolger,Scout Finch,https://en.wikipedia.org/wiki/List_of_To_Kill_a_Mockingbird_characters#Scout_Finch,To Kill a Mockingbird,https://en.wikipedia.org/wiki/To_Kill_a_Mockingbird_(2018_play),True
2019,73rd tony awards,/wiki/73rd_Tony_Awards,Fionnula Flanagan,https://en.wikipedia.org/wiki/Fionnula_Flanagan,Aunt Maggie Far Away,,The Ferryman,https://en.wikipedia.org/wiki/The_Ferryman_(play),False
2020,74th tony awards,/wiki/74th_Tony_Awards,TBA,https://en.wikipedia.org/wiki/TBA,TBA,https://en.wikipedia.org/wiki/TBA,TBA,https://en.wikipedia.org/wiki/TBA,True
2020,74th tony awards,/wiki/74th_Tony_Awards,Lois Smith,https://en.wikipedia.org/wiki/Lois_Smith,Margaret,,The Inheritance,https://en.wikipedia.org/wiki/The_Inheritance_(play),False
2020,74th tony awards,/wiki/74th_Tony_Awards,Jane Alexander,https://en.wikipedia.org/wiki/Jane_Alexander,Nancy,,Grand Horizons,,False
2020,74th tony awards,/wiki/74th_Tony_Awards,Chalia La Tour,,Teá,,Slave Play,https://en.wikipedia.org/wiki/Slave_Play,False
2020,74th tony awards,/wiki/74th_Tony_Awards,Annie McNamara,,Alana,,Slave Play,,False
2020,74th tony awards,/wiki/74th_Tony_Awards,Cora Vander Broek,https://en.wikipedia.org/wiki/Cora_Vander_Broek,Jules,,Linda Vista,,False
