year,season,season_link,winner,choreographer,choreographer_link,production,production_link
1947,1st Tony Awards,/wiki/1st_Tony_Awards,True,Agnes de Mille,https://en.wikipedia.org/wiki/Agnes_de_Mille,Brigadoon,https://en.wikipedia.org/wiki/Brigadoon
1947,1st Tony Awards,/wiki/1st_Tony_Awards,True,Michael Kidd,https://en.wikipedia.org/wiki/Michael_Kidd,Finian's Rainbow,https://en.wikipedia.org/wiki/Finian%27s_Rainbow
1948,2nd Tony Awards,/wiki/2nd_Tony_Awards,True,Jerome Robbins,https://en.wikipedia.org/wiki/Jerome_Robbins,High Button Shoes,https://en.wikipedia.org/wiki/High_Button_Shoes
1949,3rd Tony Awards,/wiki/3rd_Tony_Awards,True,Gower Champion,https://en.wikipedia.org/wiki/Gower_Champion,Lend An Ear,https://en.wikipedia.org/wiki/Lend_an_Ear
1950,4th Tony Awards,/wiki/4th_Tony_Awards,True,Helen Tamiris,https://en.wikipedia.org/wiki/Helen_Tamiris,Touch and Go,
1951,5th Tony Awards,/wiki/5th_Tony_Awards,True,Michael Kidd,https://en.wikipedia.org/wiki/Michael_Kidd,Guys and Dolls,https://en.wikipedia.org/wiki/Guys_and_Dolls
1952,6th Tony Awards,/wiki/6th_Tony_Awards,True,Robert Alton,https://en.wikipedia.org/wiki/Robert_Alton,Pal Joey,https://en.wikipedia.org/wiki/Pal_Joey_(musical)
1953,7th Tony Awards,/wiki/7th_Tony_Awards,True,Donald Saddler,https://en.wikipedia.org/wiki/Donald_Saddler,Wonderful Town,https://en.wikipedia.org/wiki/Wonderful_Town
1954,8th Tony Awards,/wiki/8th_Tony_Awards,True,Michael Kidd,https://en.wikipedia.org/wiki/Michael_Kidd,Can-Can,https://en.wikipedia.org/wiki/Can-Can_(musical)
1955,9th Tony Awards,/wiki/9th_Tony_Awards,True,Bob Fosse,https://en.wikipedia.org/wiki/Bob_Fosse,The Pajama Game,https://en.wikipedia.org/wiki/The_Pajama_Game
1956,10th Tony Awards,/wiki/10th_Tony_Awards,True,Bob Fosse,https://en.wikipedia.org/wiki/Bob_Fosse,Damn Yankees,https://en.wikipedia.org/wiki/Damn_Yankees
1956,10th Tony Awards,/wiki/10th_Tony_Awards,False,Robert Alton,https://en.wikipedia.org/wiki/Robert_Alton,The Vamp,https://en.wikipedia.org/wiki/The_Vamp
1956,10th Tony Awards,/wiki/10th_Tony_Awards,False,Boris Runanin,,Phoenix '55,
1956,10th Tony Awards,/wiki/10th_Tony_Awards,False,Boris Runanin,,Pipe Dream,https://en.wikipedia.org/wiki/Pipe_Dream_(musical)
1956,10th Tony Awards,/wiki/10th_Tony_Awards,False,Anna Sokolow,https://en.wikipedia.org/wiki/Anna_Sokolow,Red Roses for Me,https://en.wikipedia.org/wiki/Red_Roses_for_Me_(play)
1957,11th Tony Awards,/wiki/11th_Tony_Awards,False,Bob FosseandJerome Robbins,https://en.wikipedia.org/wiki/Bob_Fosse,Bells Are Ringing,https://en.wikipedia.org/wiki/Bells_Are_Ringing_(musical)
1957,11th Tony Awards,/wiki/11th_Tony_Awards,False,Dania Krupska,https://en.wikipedia.org/wiki/Dania_Krupska,The Most Happy Fella,https://en.wikipedia.org/wiki/The_Most_Happy_Fella
1957,11th Tony Awards,/wiki/11th_Tony_Awards,True,Michael Kidd,https://en.wikipedia.org/wiki/Michael_Kidd,Li'l Abner,https://en.wikipedia.org/wiki/Li%27l_Abner_(musical)
1957,11th Tony Awards,/wiki/11th_Tony_Awards,False,Hanya Holm,https://en.wikipedia.org/wiki/Hanya_Holm,My Fair Lady,https://en.wikipedia.org/wiki/My_Fair_Lady
1958,12th Tony Awards,/wiki/12th_Tony_Awards,True,Jerome Robbins,https://en.wikipedia.org/wiki/Jerome_Robbins,West Side Story,https://en.wikipedia.org/wiki/West_Side_Story
1958,12th Tony Awards,/wiki/12th_Tony_Awards,False,Bob Fosse,https://en.wikipedia.org/wiki/Bob_Fosse,New Girl in Town,https://en.wikipedia.org/wiki/New_Girl_in_Town
1958,12th Tony Awards,/wiki/12th_Tony_Awards,False,Onna White,https://en.wikipedia.org/wiki/Onna_White,The Music Man,https://en.wikipedia.org/wiki/The_Music_Man
1959,13th Tony Awards,/wiki/13th_Tony_Awards,True,Bob Fosse,https://en.wikipedia.org/wiki/Bob_Fosse,Redhead,https://en.wikipedia.org/wiki/Redhead_(musical)
1959,13th Tony Awards,/wiki/13th_Tony_Awards,False,Agnes de Mille,https://en.wikipedia.org/wiki/Agnes_de_Mille,Goldilocks,https://en.wikipedia.org/wiki/Goldilocks_(musical)
1959,13th Tony Awards,/wiki/13th_Tony_Awards,False,Carol Haney,https://en.wikipedia.org/wiki/Carol_Haney,Flower Drum Song,https://en.wikipedia.org/wiki/Flower_Drum_Song
1959,13th Tony Awards,/wiki/13th_Tony_Awards,False,Onna White,https://en.wikipedia.org/wiki/Onna_White,Whoop-Up,https://en.wikipedia.org/wiki/Whoop-Up
1960,14th Tony Awards,/wiki/14th_Tony_Awards,False,Lee Scot,,Happy Town,https://en.wikipedia.org/wiki/Happy_Town_(musical)
1960,14th Tony Awards,/wiki/14th_Tony_Awards,True,Michael Kidd,https://en.wikipedia.org/wiki/Michael_Kidd,Destry Rides Again,https://en.wikipedia.org/wiki/Destry_Rides_Again_(musical)
1960,14th Tony Awards,/wiki/14th_Tony_Awards,False,Peter Gennaro,https://en.wikipedia.org/wiki/Peter_Gennaro,Fiorello!,https://en.wikipedia.org/wiki/Fiorello!
1960,14th Tony Awards,/wiki/14th_Tony_Awards,False,Joe Layton,https://en.wikipedia.org/wiki/Joe_Layton,Greenwillow,https://en.wikipedia.org/wiki/Greenwillow
1960,14th Tony Awards,/wiki/14th_Tony_Awards,False,Onna White,https://en.wikipedia.org/wiki/Onna_White,Take Me Along,https://en.wikipedia.org/wiki/Take_Me_Along
1961,15th Tony Awards,/wiki/15th_Tony_Awards,False,Onna White,https://en.wikipedia.org/wiki/Onna_White,Irma La Douce,https://en.wikipedia.org/wiki/Irma_La_Douce_(musical)
1961,15th Tony Awards,/wiki/15th_Tony_Awards,True,Gower Champion,https://en.wikipedia.org/wiki/Gower_Champion,Bye Bye Birdie,https://en.wikipedia.org/wiki/Bye_Bye_Birdie
1962,16th Tony Awards,/wiki/16th_Tony_Awards,True,Agnes de Mille,https://en.wikipedia.org/wiki/Agnes_de_Mille,Kwamina,https://en.wikipedia.org/wiki/Kwamina
1962,16th Tony Awards,/wiki/16th_Tony_Awards,True,Joe Layton,https://en.wikipedia.org/wiki/Joe_Layton,No Strings,https://en.wikipedia.org/wiki/No_Strings
1962,16th Tony Awards,/wiki/16th_Tony_Awards,False,Michael Kidd,https://en.wikipedia.org/wiki/Michael_Kidd,Subways Are for Sleeping,https://en.wikipedia.org/wiki/Subways_Are_for_Sleeping
1962,16th Tony Awards,/wiki/16th_Tony_Awards,False,Dania Krupska,https://en.wikipedia.org/wiki/Dania_Krupska,The Happiest Girl in the World,https://en.wikipedia.org/wiki/The_Happiest_Girl_in_the_World
1963,17th Tony Awards,/wiki/17th_Tony_Awards,True,Bob Fosse,https://en.wikipedia.org/wiki/Bob_Fosse,Little Me,https://en.wikipedia.org/wiki/Little_Me_(musical)
1963,17th Tony Awards,/wiki/17th_Tony_Awards,False,Carol Haney,https://en.wikipedia.org/wiki/Carol_Haney,Bravo Giovanni,https://en.wikipedia.org/wiki/Bravo_Giovanni
1964,18th Tony Awards,/wiki/18th_Tony_Awards,False,Herbert Ross,https://en.wikipedia.org/wiki/Herbert_Ross,Anyone Can Whistle,https://en.wikipedia.org/wiki/Anyone_Can_Whistle
1964,18th Tony Awards,/wiki/18th_Tony_Awards,False,Carol Haney,https://en.wikipedia.org/wiki/Carol_Haney,Funny Girl,https://en.wikipedia.org/wiki/Funny_Girl_(musical)
1964,18th Tony Awards,/wiki/18th_Tony_Awards,False,Danny Daniels,https://en.wikipedia.org/wiki/Danny_Daniels,High Spirits,https://en.wikipedia.org/wiki/High_Spirits_(musical)
1964,18th Tony Awards,/wiki/18th_Tony_Awards,True,Gower Champion,https://en.wikipedia.org/wiki/Gower_Champion,"Hello, Dolly!","https://en.wikipedia.org/wiki/Hello,_Dolly!_(musical)"
1965,19th Tony Awards,/wiki/19th_Tony_Awards,True,Jerome Robbins,https://en.wikipedia.org/wiki/Jerome_Robbins,Fiddler on the Roof,https://en.wikipedia.org/wiki/Fiddler_on_the_Roof
1965,19th Tony Awards,/wiki/19th_Tony_Awards,False,Peter Gennaro,https://en.wikipedia.org/wiki/Peter_Gennaro,Bajour,https://en.wikipedia.org/wiki/Bajour_(musical)
1965,19th Tony Awards,/wiki/19th_Tony_Awards,False,Donald McKayle,https://en.wikipedia.org/wiki/Donald_McKayle,Golden Boy,https://en.wikipedia.org/wiki/Golden_Boy_(musical)
1965,19th Tony Awards,/wiki/19th_Tony_Awards,False,Onna White,https://en.wikipedia.org/wiki/Onna_White,Half a Sixpence,https://en.wikipedia.org/wiki/Half_a_Sixpence
1966,20th Tony Awards,/wiki/20th_Tony_Awards,False,Onna White,https://en.wikipedia.org/wiki/Onna_White,Mame,https://en.wikipedia.org/wiki/Mame_(musical)
1966,20th Tony Awards,/wiki/20th_Tony_Awards,False,Michael Kidd,https://en.wikipedia.org/wiki/Michael_Kidd,Skyscraper,https://en.wikipedia.org/wiki/Skyscraper_(musical)
1966,20th Tony Awards,/wiki/20th_Tony_Awards,False,Jack Cole,https://en.wikipedia.org/wiki/Jack_Cole_(choreographer),Man of La Mancha,https://en.wikipedia.org/wiki/Man_of_La_Mancha
1966,20th Tony Awards,/wiki/20th_Tony_Awards,True,Bob Fosse,https://en.wikipedia.org/wiki/Bob_Fosse,Sweet Charity,https://en.wikipedia.org/wiki/Sweet_Charity
1967,21st Tony Awards,/wiki/21st_Tony_Awards,True,Ron Field,https://en.wikipedia.org/wiki/Ron_Field,Cabaret,https://en.wikipedia.org/wiki/Cabaret_(musical)
1967,21st Tony Awards,/wiki/21st_Tony_Awards,False,Michael Bennett,https://en.wikipedia.org/wiki/Michael_Bennett_(theater),A Joyful Noise,https://en.wikipedia.org/wiki/A_Joyful_Noise
1967,21st Tony Awards,/wiki/21st_Tony_Awards,False,Danny Daniels,https://en.wikipedia.org/wiki/Danny_Daniels,Annie Get Your Gun,https://en.wikipedia.org/wiki/Annie_Get_Your_Gun_(musical)
1967,21st Tony Awards,/wiki/21st_Tony_Awards,False,Danny Daniels,https://en.wikipedia.org/wiki/Danny_Daniels,Walking Happy,https://en.wikipedia.org/wiki/Walking_Happy
1967,21st Tony Awards,/wiki/21st_Tony_Awards,False,Lee Theodore,https://en.wikipedia.org/wiki/Lee_Theodore,The Apple Tree,https://en.wikipedia.org/wiki/The_Apple_Tree
1968,22nd Tony Awards,/wiki/22nd_Tony_Awards,False,Onna White,https://en.wikipedia.org/wiki/Onna_White,Illya Darling,https://en.wikipedia.org/wiki/Illya_Darling
1968,22nd Tony Awards,/wiki/22nd_Tony_Awards,True,Gower Champion,https://en.wikipedia.org/wiki/Gower_Champion,The Happy Time,https://en.wikipedia.org/wiki/The_Happy_Time_(musical)
1968,22nd Tony Awards,/wiki/22nd_Tony_Awards,False,Michael Bennett,https://en.wikipedia.org/wiki/Michael_Bennett_(theater),"Henry, Sweet Henry","https://en.wikipedia.org/wiki/Henry,_Sweet_Henry"
1968,22nd Tony Awards,/wiki/22nd_Tony_Awards,False,Kevin Carlisle,,"Hallelujah, Baby!","https://en.wikipedia.org/wiki/Hallelujah,_Baby!"
1969,23rd Tony Awards,/wiki/23rd_Tony_Awards,False,Michael Bennett,https://en.wikipedia.org/wiki/Michael_Bennett_(theater),"Promises, Promises","https://en.wikipedia.org/wiki/Promises,_Promises_(musical)"
1969,23rd Tony Awards,/wiki/23rd_Tony_Awards,False,Ron Field,https://en.wikipedia.org/wiki/Ron_Field,Zorba,https://en.wikipedia.org/wiki/Zorba_(musical)
1969,23rd Tony Awards,/wiki/23rd_Tony_Awards,True,Joe Layton,https://en.wikipedia.org/wiki/Joe_Layton,George M!,https://en.wikipedia.org/wiki/George_M!
1969,23rd Tony Awards,/wiki/23rd_Tony_Awards,False,Sammy Bayes,,Canterbury Tales,https://en.wikipedia.org/wiki/Canterbury_Tales_(musical)
1970,24th Tony Awards,/wiki/24th_Tony_Awards,False,Louis Johnson,,Purlie,https://en.wikipedia.org/wiki/Purlie
1970,24th Tony Awards,/wiki/24th_Tony_Awards,False,Grover Dale,https://en.wikipedia.org/wiki/Grover_Dale,Billy,https://en.wikipedia.org/wiki/Billy_(musical)
1970,24th Tony Awards,/wiki/24th_Tony_Awards,False,Michael Bennett,https://en.wikipedia.org/wiki/Michael_Bennett_(theater),Coco,https://en.wikipedia.org/wiki/Coco_(musical)
1970,24th Tony Awards,/wiki/24th_Tony_Awards,True,Ron Field,https://en.wikipedia.org/wiki/Ron_Field,Applause,https://en.wikipedia.org/wiki/Applause_(musical)
1971,25th Tony Awards,/wiki/25th_Tony_Awards,True,Donald Saddler,https://en.wikipedia.org/wiki/Donald_Saddler,"No, No, Nanette","https://en.wikipedia.org/wiki/No,_No,_Nanette"
1971,25th Tony Awards,/wiki/25th_Tony_Awards,False,Michael Bennett,https://en.wikipedia.org/wiki/Michael_Bennett_(theater),Company,https://en.wikipedia.org/wiki/Company_(musical)
1971,25th Tony Awards,/wiki/25th_Tony_Awards,False,Michael Kidd,https://en.wikipedia.org/wiki/Michael_Kidd,The Rothschilds,https://en.wikipedia.org/wiki/The_Rothschilds_(musical)
1972,26th Tony Awards,/wiki/26th_Tony_Awards,True,Michael Bennett,https://en.wikipedia.org/wiki/Michael_Bennett_(theater),Follies,https://en.wikipedia.org/wiki/Follies
1972,26th Tony Awards,/wiki/26th_Tony_Awards,False,Patricia Birch,https://en.wikipedia.org/wiki/Patricia_Birch,Grease,https://en.wikipedia.org/wiki/Grease_(musical)
1972,26th Tony Awards,/wiki/26th_Tony_Awards,False,Jean Erdman,https://en.wikipedia.org/wiki/Jean_Erdman,Two Gentlemen of Verona,https://en.wikipedia.org/wiki/Two_Gentlemen_of_Verona_(musical)
1973,27th Tony Awards,/wiki/27th_Tony_Awards,False,Donald Saddler,https://en.wikipedia.org/wiki/Donald_Saddler,Much Ado About Nothing,https://en.wikipedia.org/wiki/Much_Ado_About_Nothing
1973,27th Tony Awards,/wiki/27th_Tony_Awards,False,Peter Gennaro,https://en.wikipedia.org/wiki/Peter_Gennaro,Irene,https://en.wikipedia.org/wiki/Irene_(musical)
1973,27th Tony Awards,/wiki/27th_Tony_Awards,True,Bob Fosse,https://en.wikipedia.org/wiki/Bob_Fosse,Pippin,https://en.wikipedia.org/wiki/Pippin_(musical)
1973,27th Tony Awards,/wiki/27th_Tony_Awards,False,Gower Champion,https://en.wikipedia.org/wiki/Gower_Champion,Sugar,https://en.wikipedia.org/wiki/Sugar_(musical)
1974,28th Tony Awards,/wiki/28th_Tony_Awards,True,Michael Bennett,https://en.wikipedia.org/wiki/Michael_Bennett_(theater),Seesaw,https://en.wikipedia.org/wiki/Seesaw_(musical)
1974,28th Tony Awards,/wiki/28th_Tony_Awards,False,Patricia Birch,https://en.wikipedia.org/wiki/Patricia_Birch,Over Here!,https://en.wikipedia.org/wiki/Over_Here!
1974,28th Tony Awards,/wiki/28th_Tony_Awards,False,Donald McKayle,https://en.wikipedia.org/wiki/Donald_McKayle,Raisin,https://en.wikipedia.org/wiki/Raisin_(musical)
1975,29th Tony Awards,/wiki/29th_Tony_Awards,False,Margo Sappington,https://en.wikipedia.org/wiki/Margo_Sappington,Where's Charley?,https://en.wikipedia.org/wiki/Where%27s_Charley%3F
1975,29th Tony Awards,/wiki/29th_Tony_Awards,False,Joel Zwick,https://en.wikipedia.org/wiki/Joel_Zwick,Dance with Me,https://en.wikipedia.org/wiki/Dance_with_Me_(musical)
1975,29th Tony Awards,/wiki/29th_Tony_Awards,False,Robert Tucker,,Shenandoah,https://en.wikipedia.org/wiki/Shenandoah_(musical)
1975,29th Tony Awards,/wiki/29th_Tony_Awards,False,Donald McKayle,https://en.wikipedia.org/wiki/Donald_McKayle,Doctor Jazz,https://en.wikipedia.org/wiki/Doctor_Jazz
1975,29th Tony Awards,/wiki/29th_Tony_Awards,True,George Faison,https://en.wikipedia.org/wiki/George_Faison,The Wiz,https://en.wikipedia.org/wiki/The_Wiz
1975,29th Tony Awards,/wiki/29th_Tony_Awards,False,Gower Champion,https://en.wikipedia.org/wiki/Gower_Champion,Mack and Mabel,https://en.wikipedia.org/wiki/Mack_and_Mabel
1976,30th Tony Awards,/wiki/30th_Tony_Awards,True,Bob AvianandMichael Bennett,https://en.wikipedia.org/wiki/Bob_Avian,A Chorus Line,https://en.wikipedia.org/wiki/A_Chorus_Line
1976,30th Tony Awards,/wiki/30th_Tony_Awards,False,Patricia Birch,https://en.wikipedia.org/wiki/Patricia_Birch,Pacific Overtures,https://en.wikipedia.org/wiki/Pacific_Overtures
1976,30th Tony Awards,/wiki/30th_Tony_Awards,False,Bob Fosse,https://en.wikipedia.org/wiki/Bob_Fosse,Chicago,https://en.wikipedia.org/wiki/Chicago_(musical)
1976,30th Tony Awards,/wiki/30th_Tony_Awards,False,Billy Wilson,,Bubbling Brown Sugar,https://en.wikipedia.org/wiki/Bubbling_Brown_Sugar
1977,31st Tony Awards,/wiki/31st_Tony_Awards,False,Onna White,https://en.wikipedia.org/wiki/Onna_White,I Love My Wife,https://en.wikipedia.org/wiki/I_Love_My_Wife
1977,31st Tony Awards,/wiki/31st_Tony_Awards,True,Peter Gennaro,https://en.wikipedia.org/wiki/Peter_Gennaro,Annie,https://en.wikipedia.org/wiki/Annie_(musical)
1977,31st Tony Awards,/wiki/31st_Tony_Awards,False,Talley Beatty,https://en.wikipedia.org/wiki/Talley_Beatty,Your Arms Too Short to Box with God,https://en.wikipedia.org/wiki/Your_Arms_Too_Short_to_Box_with_God
1977,31st Tony Awards,/wiki/31st_Tony_Awards,False,Patricia Birch,https://en.wikipedia.org/wiki/Patricia_Birch,Music Is,https://en.wikipedia.org/wiki/Music_Is
1978,32nd Tony Awards,/wiki/32nd_Tony_Awards,False,Ron Lewis,,The Act,https://en.wikipedia.org/wiki/The_Act_(musical)
1978,32nd Tony Awards,/wiki/32nd_Tony_Awards,False,Elizabeth Swados,https://en.wikipedia.org/wiki/Elizabeth_Swados,Runaways,https://en.wikipedia.org/wiki/Runaways_(musical)
1978,32nd Tony Awards,/wiki/32nd_Tony_Awards,True,Bob Fosse,https://en.wikipedia.org/wiki/Bob_Fosse,Dancin',https://en.wikipedia.org/wiki/Dancin%27
1978,32nd Tony Awards,/wiki/32nd_Tony_Awards,False,Arthur Faria,,Ain't Misbehavin',https://en.wikipedia.org/wiki/Ain%27t_Misbehavin%27_(musical)
1979,33rd Tony Awards,/wiki/33rd_Tony_Awards,False,Tommy Tune,https://en.wikipedia.org/wiki/Tommy_Tune,The Best Little Whorehouse in Texas,https://en.wikipedia.org/wiki/The_Best_Little_Whorehouse_in_Texas
1979,33rd Tony Awards,/wiki/33rd_Tony_Awards,False,Dan Siretta,,Whoopee!,https://en.wikipedia.org/wiki/Whoopee!
1979,33rd Tony Awards,/wiki/33rd_Tony_Awards,True,Bob AvianandMichael Bennett,https://en.wikipedia.org/wiki/Bob_Avian,Ballroom,https://en.wikipedia.org/wiki/Ballroom_(musical)
1979,33rd Tony Awards,/wiki/33rd_Tony_Awards,False,Henry LeTangand Billy Wilson,https://en.wikipedia.org/wiki/Henry_LeTang,Eubie!,https://en.wikipedia.org/wiki/Eubie!
1980,34th Tony Awards,/wiki/34th_Tony_Awards,True,Tommy TuneandThommie Walsh,https://en.wikipedia.org/wiki/Tommy_Tune,A Day in Hollywood / A Night in the Ukraine,https://en.wikipedia.org/wiki/A_Day_in_Hollywood_/_A_Night_in_the_Ukraine
1980,34th Tony Awards,/wiki/34th_Tony_Awards,False,Ernest Flatt,,Sugar Babies,https://en.wikipedia.org/wiki/Sugar_Babies_(musical)
1980,34th Tony Awards,/wiki/34th_Tony_Awards,False,Larry Fuller,https://en.wikipedia.org/wiki/Larry_Fuller,Evita,https://en.wikipedia.org/wiki/Evita_(musical)
1980,34th Tony Awards,/wiki/34th_Tony_Awards,False,Joe Layton,https://en.wikipedia.org/wiki/Joe_Layton,Barnum,https://en.wikipedia.org/wiki/Barnum_(musical)
1981,35th Tony Awards,/wiki/35th_Tony_Awards,True,Gower Champion,https://en.wikipedia.org/wiki/Gower_Champion,42nd Street,https://en.wikipedia.org/wiki/42nd_Street_(musical)
1981,35th Tony Awards,/wiki/35th_Tony_Awards,False,Graciela Daniele,https://en.wikipedia.org/wiki/Graciela_Daniele,The Pirates of Penzance,https://en.wikipedia.org/wiki/The_Pirates_of_Penzance
1981,35th Tony Awards,/wiki/35th_Tony_Awards,False,"Henry LeTang,Donald McKayleandMichael Smuin",https://en.wikipedia.org/wiki/Henry_LeTang,Sophisticated Ladies,https://en.wikipedia.org/wiki/Sophisticated_Ladies
1981,35th Tony Awards,/wiki/35th_Tony_Awards,False,Roland Petit,https://en.wikipedia.org/wiki/Roland_Petit,Can-Can,https://en.wikipedia.org/wiki/Can-Can_(musical)
1982,36th Tony Awards,/wiki/36th_Tony_Awards,False,Tommy Tune,https://en.wikipedia.org/wiki/Tommy_Tune,Nine,https://en.wikipedia.org/wiki/Nine_(musical)
1982,36th Tony Awards,/wiki/36th_Tony_Awards,True,Michael BennettandMichael Peters,https://en.wikipedia.org/wiki/Michael_Bennett_(theater),Dreamgirls,https://en.wikipedia.org/wiki/Dreamgirls
1982,36th Tony Awards,/wiki/36th_Tony_Awards,False,Peter Gennaro,https://en.wikipedia.org/wiki/Peter_Gennaro,Little Me,https://en.wikipedia.org/wiki/Little_Me_(musical)
1982,36th Tony Awards,/wiki/36th_Tony_Awards,False,Tony Tanner,https://en.wikipedia.org/wiki/Tony_Tanner,Joseph and the Amazing Technicolor Dreamcoat,https://en.wikipedia.org/wiki/Joseph_and_the_Amazing_Technicolor_Dreamcoat
1983,37th Tony Awards,/wiki/37th_Tony_Awards,False,Donald Saddler,https://en.wikipedia.org/wiki/Donald_Saddler,On Your Toes,https://en.wikipedia.org/wiki/On_Your_Toes
1983,37th Tony Awards,/wiki/37th_Tony_Awards,False,Gillian Lynne,https://en.wikipedia.org/wiki/Gillian_Lynne,Cats,https://en.wikipedia.org/wiki/Cats_(musical)
1983,37th Tony Awards,/wiki/37th_Tony_Awards,False,George Faison,https://en.wikipedia.org/wiki/George_Faison,Porgy and Bess,https://en.wikipedia.org/wiki/Porgy_and_Bess
1983,37th Tony Awards,/wiki/37th_Tony_Awards,True,Tommy TuneandThommie Walsh,https://en.wikipedia.org/wiki/Tommy_Tune,My One and Only,https://en.wikipedia.org/wiki/My_One_and_Only_(musical)
1984,38th Tony Awards,/wiki/38th_Tony_Awards,True,Danny Daniels,https://en.wikipedia.org/wiki/Danny_Daniels,The Tap Dance Kid,https://en.wikipedia.org/wiki/The_Tap_Dance_Kid
1984,38th Tony Awards,/wiki/38th_Tony_Awards,False,Wayne Cilento,https://en.wikipedia.org/wiki/Wayne_Cilento,Baby,https://en.wikipedia.org/wiki/Baby_(musical)
1984,38th Tony Awards,/wiki/38th_Tony_Awards,False,Graciela Daniele,https://en.wikipedia.org/wiki/Graciela_Daniele,The Rink,https://en.wikipedia.org/wiki/The_Rink_(musical)
1984,38th Tony Awards,/wiki/38th_Tony_Awards,False,Scott Salmon,,La Cage aux Folles,https://en.wikipedia.org/wiki/La_Cage_aux_Folles_(musical)
1986,40th Tony Awards,/wiki/40th_Tony_Awards,False,Tango Argentino Dancers,,Tango Argentino,https://en.wikipedia.org/wiki/Tango_Argentino_(musical)
1986,40th Tony Awards,/wiki/40th_Tony_Awards,True,Bob Fosse,https://en.wikipedia.org/wiki/Bob_Fosse,Big Deal,https://en.wikipedia.org/wiki/Big_Deal_(musical)
1986,40th Tony Awards,/wiki/40th_Tony_Awards,False,Graciela Daniele,https://en.wikipedia.org/wiki/Graciela_Daniele,The Mystery of Edwin Drood,https://en.wikipedia.org/wiki/Drood
1986,40th Tony Awards,/wiki/40th_Tony_Awards,False,Peter Martins,https://en.wikipedia.org/wiki/Peter_Martins,Song and Dance,https://en.wikipedia.org/wiki/Song_and_Dance
1987,41st Tony Awards,/wiki/41st_Tony_Awards,False,Ron Field,https://en.wikipedia.org/wiki/Ron_Field,Rags,https://en.wikipedia.org/wiki/Rags_(musical)
1987,41st Tony Awards,/wiki/41st_Tony_Awards,False,Brian Macdonald,https://en.wikipedia.org/wiki/Brian_Macdonald_(choreographer),The Mikado,https://en.wikipedia.org/wiki/The_Mikado
1987,41st Tony Awards,/wiki/41st_Tony_Awards,True,Gillian Gregory,https://en.wikipedia.org/wiki/Gillian_Gregory,Me and My Girl,https://en.wikipedia.org/wiki/Me_and_My_Girl
1987,41st Tony Awards,/wiki/41st_Tony_Awards,False,Arlene Phillips,https://en.wikipedia.org/wiki/Arlene_Phillips,Starlight Express,https://en.wikipedia.org/wiki/Starlight_Express
1988,42nd Tony Awards,/wiki/42nd_Tony_Awards,False,Ndaba Mhlongo andMbongeni Ngema,https://en.wikipedia.org/wiki/Mbongeni_Ngema,Sarafina!,https://en.wikipedia.org/wiki/Sarafina!_(musical)
1988,42nd Tony Awards,/wiki/42nd_Tony_Awards,False,Gillian Lynne,https://en.wikipedia.org/wiki/Gillian_Lynne,The Phantom of the Opera,https://en.wikipedia.org/wiki/The_Phantom_of_the_Opera_(1986_musical)
1988,42nd Tony Awards,/wiki/42nd_Tony_Awards,False,Lar Lubovitch,https://en.wikipedia.org/wiki/Lar_Lubovitch,Into the Woods,https://en.wikipedia.org/wiki/Into_the_Woods
1988,42nd Tony Awards,/wiki/42nd_Tony_Awards,True,Michael Smuin,https://en.wikipedia.org/wiki/Michael_Smuin,Anything Goes,https://en.wikipedia.org/wiki/Anything_Goes
1989,43rd Tony Awards,/wiki/43rd_Tony_Awards,True,"Cholly Atkins,Henry LeTang,Frankie ManningandFayard Nicholas",https://en.wikipedia.org/wiki/Cholly_Atkins,Black and Blue,https://en.wikipedia.org/wiki/Black_and_Blue_(musical)
1989,43rd Tony Awards,/wiki/43rd_Tony_Awards,False,Michele Assaf,,Starmites,https://en.wikipedia.org/wiki/Starmites
1989,43rd Tony Awards,/wiki/43rd_Tony_Awards,False,Bill Irwinand Kimi Okada,https://en.wikipedia.org/wiki/Bill_Irwin,Largely New York,
1989,43rd Tony Awards,/wiki/43rd_Tony_Awards,False,Alan Johnson,https://en.wikipedia.org/wiki/Alan_Johnson_(choreographer),Legs Diamond,https://en.wikipedia.org/wiki/Legs_Diamond_(musical)
1990,44th Tony Awards,/wiki/44th_Tony_Awards,True,Tommy Tune,https://en.wikipedia.org/wiki/Tommy_Tune,Grand Hotel,https://en.wikipedia.org/wiki/Grand_Hotel_(musical)
1990,44th Tony Awards,/wiki/44th_Tony_Awards,False,Joan Brickhill,https://en.wikipedia.org/wiki/Joan_Brickhill,Meet Me in St. Louis,https://en.wikipedia.org/wiki/Meet_Me_in_St._Louis
1990,44th Tony Awards,/wiki/44th_Tony_Awards,False,Graciela Danieleand Tina Paul,https://en.wikipedia.org/wiki/Graciela_Daniele,Dangerous Games,
1991,45th Tony Awards,/wiki/45th_Tony_Awards,False,Dan Siretta,,"Oh, Kay!","https://en.wikipedia.org/wiki/Oh,_Kay!"
1991,45th Tony Awards,/wiki/45th_Tony_Awards,False,Graciela Daniele,https://en.wikipedia.org/wiki/Graciela_Daniele,Once on This Island,https://en.wikipedia.org/wiki/Once_on_This_Island
1991,45th Tony Awards,/wiki/45th_Tony_Awards,True,Tommy Tune,https://en.wikipedia.org/wiki/Tommy_Tune,The Will Rogers Follies,https://en.wikipedia.org/wiki/The_Will_Rogers_Follies
1991,45th Tony Awards,/wiki/45th_Tony_Awards,False,Bob Avian,https://en.wikipedia.org/wiki/Bob_Avian,Miss Saigon,https://en.wikipedia.org/wiki/Miss_Saigon
1992,46th Tony Awards,/wiki/46th_Tony_Awards,True,Susan Stroman,https://en.wikipedia.org/wiki/Susan_Stroman,Crazy for You,https://en.wikipedia.org/wiki/Crazy_for_You_(musical)
1992,46th Tony Awards,/wiki/46th_Tony_Awards,False,Terry John Bates,,Dancing at Lughnasa,https://en.wikipedia.org/wiki/Dancing_at_Lughnasa
1992,46th Tony Awards,/wiki/46th_Tony_Awards,False,Christopher Chadman,https://en.wikipedia.org/wiki/Christopher_Chadman,Guys and Dolls,https://en.wikipedia.org/wiki/Guys_and_Dolls_(musical)
1992,46th Tony Awards,/wiki/46th_Tony_Awards,False,"Hope Clarke,Gregory Hinesand Ted L. Levy",https://en.wikipedia.org/wiki/Hope_Clarke,Jelly's Last Jam,https://en.wikipedia.org/wiki/Jelly%27s_Last_Jam
1993,47th Tony Awards,/wiki/47th_Tony_Awards,False,Randy Skinner,https://en.wikipedia.org/wiki/Randy_Skinner,Ain't Broadway Grand,
1993,47th Tony Awards,/wiki/47th_Tony_Awards,False,Rob MarshallandVincent Paterson,https://en.wikipedia.org/wiki/Rob_Marshall,Kiss of the Spider Woman,https://en.wikipedia.org/wiki/Kiss_of_the_Spider_Woman_(musical)
1993,47th Tony Awards,/wiki/47th_Tony_Awards,True,Wayne Cilento,https://en.wikipedia.org/wiki/Wayne_Cilento,The Who's Tommy,https://en.wikipedia.org/wiki/The_Who%27s_Tommy
1993,47th Tony Awards,/wiki/47th_Tony_Awards,False,Graciela Daniele,https://en.wikipedia.org/wiki/Graciela_Daniele,The Goodbye Girl,https://en.wikipedia.org/wiki/The_Goodbye_Girl
1994,48th Tony Awards,/wiki/48th_Tony_Awards,True,Kenneth MacMillan,https://en.wikipedia.org/wiki/Kenneth_MacMillan,Carousel,https://en.wikipedia.org/wiki/Carousel_(musical)
1994,48th Tony Awards,/wiki/48th_Tony_Awards,False,Jeff Calhoun,https://en.wikipedia.org/wiki/Jeff_Calhoun_(choreographer),Grease,https://en.wikipedia.org/wiki/Grease_(musical)
1994,48th Tony Awards,/wiki/48th_Tony_Awards,False,Rob Marshall,https://en.wikipedia.org/wiki/Rob_Marshall,Damn Yankees,https://en.wikipedia.org/wiki/Damn_Yankees
1994,48th Tony Awards,/wiki/48th_Tony_Awards,False,Rob Marshall,https://en.wikipedia.org/wiki/Rob_Marshall,She Loves Me,https://en.wikipedia.org/wiki/She_Loves_Me
1995,49th Tony Awards,/wiki/49th_Tony_Awards,True,Susan Stroman,https://en.wikipedia.org/wiki/Susan_Stroman,Show Boat,https://en.wikipedia.org/wiki/Show_Boat
1995,49th Tony Awards,/wiki/49th_Tony_Awards,False,Bob Avian,https://en.wikipedia.org/wiki/Bob_Avian,Sunset Boulevard,https://en.wikipedia.org/wiki/Sunset_Boulevard_(musical)
1995,49th Tony Awards,/wiki/49th_Tony_Awards,False,Wayne Cilento,https://en.wikipedia.org/wiki/Wayne_Cilento,How to Succeed in Business Without Really Trying,https://en.wikipedia.org/wiki/How_to_Succeed_in_Business_Without_Really_Trying_(musical)
1995,49th Tony Awards,/wiki/49th_Tony_Awards,False,Joey McKneely,,Smokey Joe's Cafe,https://en.wikipedia.org/wiki/Smokey_Joe%27s_Cafe
1996,50th Tony Awards,/wiki/50th_Tony_Awards,True,Savion Glover,https://en.wikipedia.org/wiki/Savion_Glover,"Bring in 'da Noise, Bring in 'da Funk","https://en.wikipedia.org/wiki/Bring_in_%27da_Noise,_Bring_in_%27da_Funk"
1996,50th Tony Awards,/wiki/50th_Tony_Awards,False,Graciela Daniele,https://en.wikipedia.org/wiki/Graciela_Daniele,Chronicle of a Death Foretold,https://en.wikipedia.org/wiki/Chronicle_of_a_Death_Foretold
1996,50th Tony Awards,/wiki/50th_Tony_Awards,False,Susan Stroman,https://en.wikipedia.org/wiki/Susan_Stroman,Big: the musical,https://en.wikipedia.org/wiki/Big:_the_musical
1996,50th Tony Awards,/wiki/50th_Tony_Awards,False,Marlies Yearby,,Rent,https://en.wikipedia.org/wiki/Rent_(musical)
1997,51st Tony Awards,/wiki/51st_Tony_Awards,False,Susan Stroman,https://en.wikipedia.org/wiki/Susan_Stroman,Steel Pier,https://en.wikipedia.org/wiki/Steel_Pier
1997,51st Tony Awards,/wiki/51st_Tony_Awards,False,Joey McKneely,,The Life,https://en.wikipedia.org/wiki/The_Life_(musical)
1997,51st Tony Awards,/wiki/51st_Tony_Awards,True,Ann Reinking,https://en.wikipedia.org/wiki/Ann_Reinking,Chicago,https://en.wikipedia.org/wiki/Chicago_(musical)
1997,51st Tony Awards,/wiki/51st_Tony_Awards,False,Wayne Cilento,https://en.wikipedia.org/wiki/Wayne_Cilento,Dream,https://en.wikipedia.org/wiki/Dream_(musical)
1998,52nd Tony Awards,/wiki/52nd_Tony_Awards,True,Garth Fagan,https://en.wikipedia.org/wiki/Garth_Fagan,The Lion King,https://en.wikipedia.org/wiki/The_Lion_King_(musical)
1998,52nd Tony Awards,/wiki/52nd_Tony_Awards,False,Graciela Daniele,https://en.wikipedia.org/wiki/Graciela_Daniele,Ragtime,https://en.wikipedia.org/wiki/Ragtime_(musical)
1998,52nd Tony Awards,/wiki/52nd_Tony_Awards,False,Forever Tango Dancers,,Forever Tango,
1998,52nd Tony Awards,/wiki/52nd_Tony_Awards,False,Rob Marshall,https://en.wikipedia.org/wiki/Rob_Marshall,Cabaret,https://en.wikipedia.org/wiki/Cabaret_(musical)
1999,53rd Tony Awards,/wiki/53rd_Tony_Awards,True,Matthew Bourne,https://en.wikipedia.org/wiki/Matthew_Bourne,Swan Lake,https://en.wikipedia.org/wiki/Swan_Lake_(Bourne)
1999,53rd Tony Awards,/wiki/53rd_Tony_Awards,False,Patricia Birch,https://en.wikipedia.org/wiki/Patricia_Birch,Parade,https://en.wikipedia.org/wiki/Parade_(musical)
1999,53rd Tony Awards,/wiki/53rd_Tony_Awards,False,Rob Marshall,https://en.wikipedia.org/wiki/Rob_Marshall,Little Me,https://en.wikipedia.org/wiki/Little_Me_(musical)
1999,53rd Tony Awards,/wiki/53rd_Tony_Awards,False,A. C. Ciulla,,Footloose,https://en.wikipedia.org/wiki/Footloose_(musical)
2000,54th Tony Awards,/wiki/54th_Tony_Awards,True,Susan Stroman,https://en.wikipedia.org/wiki/Susan_Stroman,Contact,https://en.wikipedia.org/wiki/Contact_(musical)
2000,54th Tony Awards,/wiki/54th_Tony_Awards,False,Kathleen Marshall,https://en.wikipedia.org/wiki/Kathleen_Marshall,"Kiss Me, Kate","https://en.wikipedia.org/wiki/Kiss_Me,_Kate"
2000,54th Tony Awards,/wiki/54th_Tony_Awards,False,Susan Stroman,https://en.wikipedia.org/wiki/Susan_Stroman,The Music Man,https://en.wikipedia.org/wiki/The_Music_Man
2000,54th Tony Awards,/wiki/54th_Tony_Awards,False,Lynne Taylor-Corbett,https://en.wikipedia.org/wiki/Lynne_Taylor-Corbett,Swing!,https://en.wikipedia.org/wiki/Swing!
2001,55th Tony Awards,/wiki/55th_Tony_Awards,False,"Jim Moore, George Pinney and Jonathan Vanderkolff",https://en.wikipedia.org/wiki/Jim_Moore_(dancer),Blast!,https://en.wikipedia.org/wiki/Blast!_(musical)
2001,55th Tony Awards,/wiki/55th_Tony_Awards,False,Randy Skinner,https://en.wikipedia.org/wiki/Randy_Skinner,42nd Street,https://en.wikipedia.org/wiki/42nd_Street_(musical)
2001,55th Tony Awards,/wiki/55th_Tony_Awards,False,Jerry Mitchell,https://en.wikipedia.org/wiki/Jerry_Mitchell,The Full Monty,https://en.wikipedia.org/wiki/The_Full_Monty_(musical)
2001,55th Tony Awards,/wiki/55th_Tony_Awards,True,Susan Stroman,https://en.wikipedia.org/wiki/Susan_Stroman,The Producers,https://en.wikipedia.org/wiki/The_Producers_(musical)
2002,56th Tony Awards,/wiki/56th_Tony_Awards,True,Rob Ashford,https://en.wikipedia.org/wiki/Rob_Ashford,Thoroughly Modern Millie,https://en.wikipedia.org/wiki/Thoroughly_Modern_Millie_(musical)
2002,56th Tony Awards,/wiki/56th_Tony_Awards,False,John Carrafa,https://en.wikipedia.org/wiki/John_Carrafa,Into the Woods,https://en.wikipedia.org/wiki/Into_the_Woods
2002,56th Tony Awards,/wiki/56th_Tony_Awards,False,John Carrafa,https://en.wikipedia.org/wiki/John_Carrafa,Urinetown,https://en.wikipedia.org/wiki/Urinetown
2002,56th Tony Awards,/wiki/56th_Tony_Awards,False,Susan Stroman,https://en.wikipedia.org/wiki/Susan_Stroman,Oklahoma!,https://en.wikipedia.org/wiki/Oklahoma!
2003,57th Tony Awards,/wiki/57th_Tony_Awards,True,Twyla Tharp,https://en.wikipedia.org/wiki/Twyla_Tharp,Movin' Out,https://en.wikipedia.org/wiki/Movin%27_Out_(musical)
2003,57th Tony Awards,/wiki/57th_Tony_Awards,False,Robert Longbottom,https://en.wikipedia.org/wiki/Robert_Longbottom,Flower Drum Song,https://en.wikipedia.org/wiki/Flower_Drum_Song
2003,57th Tony Awards,/wiki/57th_Tony_Awards,False,Jerry Mitchell,https://en.wikipedia.org/wiki/Jerry_Mitchell,Hairspray,https://en.wikipedia.org/wiki/Hairspray_(musical)
2003,57th Tony Awards,/wiki/57th_Tony_Awards,False,Melinda Roy,,Urban Cowboy,https://en.wikipedia.org/wiki/Urban_Cowboy_(musical)
2004,58th Tony Awards,/wiki/58th_Tony_Awards,True,Kathleen Marshall,https://en.wikipedia.org/wiki/Kathleen_Marshall,Wonderful Town,https://en.wikipedia.org/wiki/Wonderful_Town
2004,58th Tony Awards,/wiki/58th_Tony_Awards,False,Wayne Cilento,https://en.wikipedia.org/wiki/Wayne_Cilento,Wicked,https://en.wikipedia.org/wiki/Wicked_(musical)
2004,58th Tony Awards,/wiki/58th_Tony_Awards,False,Farah KhanandAnthony Van Laast,https://en.wikipedia.org/wiki/Farah_Khan,Bombay Dreams,https://en.wikipedia.org/wiki/Bombay_Dreams
2004,58th Tony Awards,/wiki/58th_Tony_Awards,False,Jerry Mitchell,https://en.wikipedia.org/wiki/Jerry_Mitchell,Never Gonna Dance,https://en.wikipedia.org/wiki/Never_Gonna_Dance
2005,59th Tony Awards,/wiki/59th_Tony_Awards,False,Casey Nicholaw,https://en.wikipedia.org/wiki/Casey_Nicholaw,Monty Python's Spamalot,https://en.wikipedia.org/wiki/Spamalot
2005,59th Tony Awards,/wiki/59th_Tony_Awards,False,Jerry Mitchell,https://en.wikipedia.org/wiki/Jerry_Mitchell,Dirty Rotten Scoundrels,https://en.wikipedia.org/wiki/Dirty_Rotten_Scoundrels_(musical)
2005,59th Tony Awards,/wiki/59th_Tony_Awards,False,Wayne Cilento,https://en.wikipedia.org/wiki/Wayne_Cilento,Sweet Charity,https://en.wikipedia.org/wiki/Sweet_Charity
2005,59th Tony Awards,/wiki/59th_Tony_Awards,True,Jerry Mitchell,https://en.wikipedia.org/wiki/Jerry_Mitchell,La Cage aux Folles,https://en.wikipedia.org/wiki/La_Cage_aux_Folles_(musical)
2006,60th Tony Awards,/wiki/60th_Tony_Awards,True,Kathleen Marshall,https://en.wikipedia.org/wiki/Kathleen_Marshall,The Pajama Game,https://en.wikipedia.org/wiki/The_Pajama_Game
2006,60th Tony Awards,/wiki/60th_Tony_Awards,False,Rob Ashford,https://en.wikipedia.org/wiki/Rob_Ashford,The Wedding Singer,https://en.wikipedia.org/wiki/The_Wedding_Singer
2006,60th Tony Awards,/wiki/60th_Tony_Awards,False,Donald Bryd,,The Color Purple,https://en.wikipedia.org/wiki/The_Color_Purple_(musical)
2006,60th Tony Awards,/wiki/60th_Tony_Awards,False,Casey Nicholaw,https://en.wikipedia.org/wiki/Casey_Nicholaw,The Drowsy Chaperone,https://en.wikipedia.org/wiki/The_Drowsy_Chaperone
2007,61st Tony Awards,/wiki/61st_Tony_Awards,True,Bill T. Jones,https://en.wikipedia.org/wiki/Bill_T._Jones,Spring Awakening,https://en.wikipedia.org/wiki/Spring_Awakening_(musical)
2007,61st Tony Awards,/wiki/61st_Tony_Awards,False,Rob Ashford,https://en.wikipedia.org/wiki/Rob_Ashford,Curtains,https://en.wikipedia.org/wiki/Curtains_(musical)
2007,61st Tony Awards,/wiki/61st_Tony_Awards,False,Matthew BourneandStephen Mear,https://en.wikipedia.org/wiki/Matthew_Bourne,Mary Poppins,https://en.wikipedia.org/wiki/Mary_Poppins_(musical)
2007,61st Tony Awards,/wiki/61st_Tony_Awards,False,Jerry Mitchell,https://en.wikipedia.org/wiki/Jerry_Mitchell,Legally Blonde,https://en.wikipedia.org/wiki/Legally_Blonde_(musical)
2008,62nd Tony Awards,/wiki/62nd_Tony_Awards,True,Andy Blankenbuehler,https://en.wikipedia.org/wiki/Andy_Blankenbuehler,In the Heights,https://en.wikipedia.org/wiki/In_the_Heights
2008,62nd Tony Awards,/wiki/62nd_Tony_Awards,False,Rob Ashford,https://en.wikipedia.org/wiki/Rob_Ashford,Cry-Baby,https://en.wikipedia.org/wiki/Cry-Baby_(musical)
2008,62nd Tony Awards,/wiki/62nd_Tony_Awards,False,Christopher Gattelli,https://en.wikipedia.org/wiki/Christopher_Gattelli,South Pacific,https://en.wikipedia.org/wiki/South_Pacific_(musical)
2008,62nd Tony Awards,/wiki/62nd_Tony_Awards,False,Dan Knechtges,https://en.wikipedia.org/wiki/Dan_Knechtges,Xanadu,https://en.wikipedia.org/wiki/Xanadu_(musical)
2009,63rd Tony Awards,/wiki/63rd_Tony_Awards,False,Randy Skinner,https://en.wikipedia.org/wiki/Randy_Skinner,White Christmas,https://en.wikipedia.org/wiki/White_Christmas_(musical)
2009,63rd Tony Awards,/wiki/63rd_Tony_Awards,False,Andy Blankenbuehler,https://en.wikipedia.org/wiki/Andy_Blankenbuehler,9 to 5,https://en.wikipedia.org/wiki/9_to_5_(musical)
2009,63rd Tony Awards,/wiki/63rd_Tony_Awards,False,Karole Armitage,https://en.wikipedia.org/wiki/Karole_Armitage,Hair,https://en.wikipedia.org/wiki/Hair_(musical)
2009,63rd Tony Awards,/wiki/63rd_Tony_Awards,True,Peter Darling,https://en.wikipedia.org/wiki/Peter_Darling,Billy Elliot the Musical,https://en.wikipedia.org/wiki/Billy_Elliot_the_Musical
2010,64th Tony Awards,/wiki/64th_Tony_Awards,True,Bill T. Jones,https://en.wikipedia.org/wiki/Bill_T._Jones,Fela!,https://en.wikipedia.org/wiki/Fela!
2010,64th Tony Awards,/wiki/64th_Tony_Awards,False,Rob Ashford,https://en.wikipedia.org/wiki/Rob_Ashford,"Promises, Promises","https://en.wikipedia.org/wiki/Promises,_Promises_(musical)"
2010,64th Tony Awards,/wiki/64th_Tony_Awards,False,Lynne Page,,La Cage aux Folles,https://en.wikipedia.org/wiki/La_Cage_aux_Folles_(musical)
2010,64th Tony Awards,/wiki/64th_Tony_Awards,False,Twyla Tharp,https://en.wikipedia.org/wiki/Twyla_Tharp,Come Fly Away,https://en.wikipedia.org/wiki/Come_Fly_Away
2011,65th Tony Awards,/wiki/65th_Tony_Awards,True,Kathleen Marshall,https://en.wikipedia.org/wiki/Kathleen_Marshall,Anything Goes,https://en.wikipedia.org/wiki/Anything_Goes
2011,65th Tony Awards,/wiki/65th_Tony_Awards,False,Rob Ashford,https://en.wikipedia.org/wiki/Rob_Ashford,How to Succeed in Business Without Really Trying,https://en.wikipedia.org/wiki/How_to_Succeed_in_Business_Without_Really_Trying_(musical)
2011,65th Tony Awards,/wiki/65th_Tony_Awards,False,Casey Nicholaw,https://en.wikipedia.org/wiki/Casey_Nicholaw,The Book of Mormon,https://en.wikipedia.org/wiki/The_Book_of_Mormon_(musical)
2011,65th Tony Awards,/wiki/65th_Tony_Awards,False,Susan Stroman,https://en.wikipedia.org/wiki/Susan_Stroman,The Scottsboro Boys,https://en.wikipedia.org/wiki/The_Scottsboro_Boys_(musical)
2012,66th Tony Awards,/wiki/66th_Tony_Awards,True,Christopher Gattelli,https://en.wikipedia.org/wiki/Christopher_Gattelli,Newsies,https://en.wikipedia.org/wiki/Newsies_(musical)
2012,66th Tony Awards,/wiki/66th_Tony_Awards,False,Rob Ashford,https://en.wikipedia.org/wiki/Rob_Ashford,Evita,https://en.wikipedia.org/wiki/Evita_(musical)
2012,66th Tony Awards,/wiki/66th_Tony_Awards,False,Steven Hoggett,https://en.wikipedia.org/wiki/Steven_Hoggett,Once,https://en.wikipedia.org/wiki/Once_(musical)
2012,66th Tony Awards,/wiki/66th_Tony_Awards,False,Kathleen Marshall,https://en.wikipedia.org/wiki/Kathleen_Marshall,Nice Work If You Can Get It,https://en.wikipedia.org/wiki/Nice_Work_If_You_Can_Get_It_(musical)
2013,67th Tony Awards,/wiki/67th_Tony_Awards,False,Peter Darling,https://en.wikipedia.org/wiki/Peter_Darling,Matilda the Musical,https://en.wikipedia.org/wiki/Matilda_the_Musical
2013,67th Tony Awards,/wiki/67th_Tony_Awards,False,Chet Walker,,Pippin,https://en.wikipedia.org/wiki/Pippin_(musical)
2013,67th Tony Awards,/wiki/67th_Tony_Awards,True,Jerry Mitchell,https://en.wikipedia.org/wiki/Jerry_Mitchell,Kinky Boots,https://en.wikipedia.org/wiki/Kinky_Boots_(musical)
2013,67th Tony Awards,/wiki/67th_Tony_Awards,False,Andy Blankenbuehler,https://en.wikipedia.org/wiki/Andy_Blankenbuehler,Bring It On,https://en.wikipedia.org/wiki/Bring_It_On_(musical)
2014,68th Tony Awards,/wiki/68th_Tony_Awards,True,Warren Carlyle,https://en.wikipedia.org/wiki/Warren_Carlyle,After Midnight,https://en.wikipedia.org/wiki/After_Midnight_(musical)
2014,68th Tony Awards,/wiki/68th_Tony_Awards,False,Kelly DevineandSteven Hoggett,https://en.wikipedia.org/wiki/Kelly_Devine,Rocky the Musical,https://en.wikipedia.org/wiki/Rocky_the_Musical
2014,68th Tony Awards,/wiki/68th_Tony_Awards,False,Casey Nicholaw,https://en.wikipedia.org/wiki/Casey_Nicholaw,Aladdin,https://en.wikipedia.org/wiki/Aladdin_(2011_musical)
2014,68th Tony Awards,/wiki/68th_Tony_Awards,False,Susan Stroman,https://en.wikipedia.org/wiki/Susan_Stroman,Bullets Over Broadway,https://en.wikipedia.org/wiki/Bullets_Over_Broadway_(musical)
2015,69th Tony Awards,/wiki/69th_Tony_Awards,False,Casey Nicholaw,https://en.wikipedia.org/wiki/Casey_Nicholaw,Something Rotten!,https://en.wikipedia.org/wiki/Something_Rotten!
2015,69th Tony Awards,/wiki/69th_Tony_Awards,False,Scott Graham andSteven Hoggett,https://en.wikipedia.org/wiki/Steven_Hoggett,The Curious Incident of the Dog in the Night-Time,https://en.wikipedia.org/wiki/The_Curious_Incident_of_the_Dog_in_the_Night-Time_(play)
2015,69th Tony Awards,/wiki/69th_Tony_Awards,False,Christopher Gattelli,https://en.wikipedia.org/wiki/Christopher_Gattelli,The King and I,https://en.wikipedia.org/wiki/The_King_and_I
2015,69th Tony Awards,/wiki/69th_Tony_Awards,True,Christopher Wheeldon,https://en.wikipedia.org/wiki/Christopher_Wheeldon,An American in Paris,https://en.wikipedia.org/wiki/An_American_in_Paris_(musical)
2015,69th Tony Awards,/wiki/69th_Tony_Awards,False,Joshua Bergasse,https://en.wikipedia.org/wiki/Joshua_Bergasse,On the Town,https://en.wikipedia.org/wiki/On_the_Town_(musical)
2016,70th Tony Awards,/wiki/70th_Tony_Awards,True,Andy Blankenbuehler,https://en.wikipedia.org/wiki/Andy_Blankenbuehler,Hamilton,https://en.wikipedia.org/wiki/Hamilton_(musical)
2016,70th Tony Awards,/wiki/70th_Tony_Awards,False,Savion Glover,https://en.wikipedia.org/wiki/Savion_Glover,Shuffle Along,"https://en.wikipedia.org/wiki/Shuffle_Along,_or,_the_Making_of_the_Musical_Sensation_of_1921_and_All_That_Followed"
2016,70th Tony Awards,/wiki/70th_Tony_Awards,False,Hofesh Shechter,https://en.wikipedia.org/wiki/Hofesh_Shechter,Fiddler on the Roof,https://en.wikipedia.org/wiki/Fiddler_on_the_Roof
2016,70th Tony Awards,/wiki/70th_Tony_Awards,False,Randy Skinner,https://en.wikipedia.org/wiki/Randy_Skinner,Dames at Sea,https://en.wikipedia.org/wiki/Dames_at_Sea
2016,70th Tony Awards,/wiki/70th_Tony_Awards,False,Sergio Trujillo,https://en.wikipedia.org/wiki/Sergio_Trujillo,On Your Feet!,https://en.wikipedia.org/wiki/On_Your_Feet!
2017,71st Tony Awards,/wiki/71st_Tony_Awards,False,Sam Pinkleton,https://en.wikipedia.org/wiki/Sam_Pinkleton,"Natasha, Pierre & The Great Comet of 1812","https://en.wikipedia.org/wiki/Natasha,_Pierre_%26_The_Great_Comet_of_1812"
2017,71st Tony Awards,/wiki/71st_Tony_Awards,False,Denis Jones,,Holiday Inn,https://en.wikipedia.org/wiki/Holiday_Inn_(musical)
2017,71st Tony Awards,/wiki/71st_Tony_Awards,True,Andy Blankenbuehler,https://en.wikipedia.org/wiki/Andy_Blankenbuehler,Bandstand,https://en.wikipedia.org/wiki/Bandstand_(musical)
2017,71st Tony Awards,/wiki/71st_Tony_Awards,False,Peter Darlingand Ellen Kane,https://en.wikipedia.org/wiki/Peter_Darling,Groundhog Day,https://en.wikipedia.org/wiki/Groundhog_Day_(musical)
2017,71st Tony Awards,/wiki/71st_Tony_Awards,False,Kelly Devine,https://en.wikipedia.org/wiki/Kelly_Devine,Come from Away,https://en.wikipedia.org/wiki/Come_from_Away
2018,72nd Tony Awards,/wiki/72nd_Tony_Awards,True,Justin Peck,https://en.wikipedia.org/wiki/Justin_Peck,Carousel,https://en.wikipedia.org/wiki/Carousel_(musical)
2018,72nd Tony Awards,/wiki/72nd_Tony_Awards,False,Christopher Gattelli,https://en.wikipedia.org/wiki/Christopher_Gattelli,My Fair Lady,https://en.wikipedia.org/wiki/My_Fair_Lady
2018,72nd Tony Awards,/wiki/72nd_Tony_Awards,False,Christopher Gattelli,https://en.wikipedia.org/wiki/Christopher_Gattelli,SpongeBob SquarePants,https://en.wikipedia.org/wiki/SpongeBob_SquarePants_(musical)
2018,72nd Tony Awards,/wiki/72nd_Tony_Awards,False,Steven Hoggett,https://en.wikipedia.org/wiki/Steven_Hoggett,Harry Potter and the Cursed Child,https://en.wikipedia.org/wiki/Harry_Potter_and_the_Cursed_Child
2018,72nd Tony Awards,/wiki/72nd_Tony_Awards,False,Casey Nicholaw,https://en.wikipedia.org/wiki/Casey_Nicholaw,Mean Girls,https://en.wikipedia.org/wiki/Mean_Girls_(musical)
2019,73rd Tony Awards,/wiki/73rd_Tony_Awards,True,Sergio Trujillo,https://en.wikipedia.org/wiki/Sergio_Trujillo,Ainâ€™t Too Proud,https://en.wikipedia.org/wiki/Ain%27t_Too_Proud_(musical)
2019,73rd Tony Awards,/wiki/73rd_Tony_Awards,False,Camille A. Brown,https://en.wikipedia.org/wiki/Camille_A._Brown,Choir Boy,https://en.wikipedia.org/wiki/Choir_Boy
2019,73rd Tony Awards,/wiki/73rd_Tony_Awards,False,Warren Carlyle,https://en.wikipedia.org/wiki/Warren_Carlyle,"Kiss Me, Kate","https://en.wikipedia.org/wiki/Kiss_Me,_Kate"
2019,73rd Tony Awards,/wiki/73rd_Tony_Awards,False,Denis Jones,,Tootsie,https://en.wikipedia.org/wiki/Tootsie_(musical)
2019,73rd Tony Awards,/wiki/73rd_Tony_Awards,False,David Neumann,https://en.wikipedia.org/wiki/David_Neumann,Hadestown,https://en.wikipedia.org/wiki/Hadestown_(musical)
2020,74th Tony Awards,/wiki/74th_Tony_Awards,False,Sonya Tayeh,https://en.wikipedia.org/wiki/Sonya_Tayeh,Moulin Rouge! The Musical,https://en.wikipedia.org/wiki/Moulin_Rouge!_(musical)
2020,74th Tony Awards,/wiki/74th_Tony_Awards,False,Sidi Larbi Cherkaoui,https://en.wikipedia.org/wiki/Sidi_Larbi_Cherkaoui,Jagged Little Pill,https://en.wikipedia.org/wiki/Jagged_Little_Pill_(musical)
2020,74th Tony Awards,/wiki/74th_Tony_Awards,False,Anthony Van Laast,https://en.wikipedia.org/wiki/Anthony_Van_Laast,Tina - The Tina Turner Musical,https://en.wikipedia.org/wiki/Tina_(musical)
