year,season,season_link,winner,actor,actor_link,role,play,play_link,ref,ref_link,role_link
1949,1949,/wiki/3rd_Tony_Awards,True,Arthur Kennedy,https://en.wikipedia.org/wiki/Arthur_Kennedy,Biff Loman,Death of a Salesman,https://en.wikipedia.org/wiki/Death_of_a_Salesman,[2],https://en.wikipedia.org#cite_note-1949_Awards-2,
1950,1950,/wiki/4th_Tony_Awards,False,,,,,,[a],https://en.wikipedia.org#cite_note-7,
1951,1951,/wiki/5th_Tony_Awards,True,Eli Wallach,https://en.wikipedia.org/wiki/Eli_Wallach,Alvaro Mangiacavallo,The Rose Tattoo,https://en.wikipedia.org/wiki/The_Rose_Tattoo,[7],https://en.wikipedia.org#cite_note-1951_Awards-8,
1952,1952,/wiki/6th_Tony_Awards,True,John Cromwell,https://en.wikipedia.org/wiki/John_Cromwell_(director),John Gray,Point of No Return,https://en.wikipedia.org/wiki/Point_of_No_Return_(play),[8],https://en.wikipedia.org#cite_note-1952_Awards-9,
1953,1953,/wiki/7th_Tony_Awards,True,John Williams,https://en.wikipedia.org/wiki/John_Williams_(actor),Inspector Hubbard,Dial M for Murder,https://en.wikipedia.org/wiki/Dial_M_for_Murder,[9],https://en.wikipedia.org#cite_note-1953_Awards-10,
1954,1954,/wiki/8th_Tony_Awards,True,John Kerr,https://en.wikipedia.org/wiki/John_Kerr_(actor),Tom Robinson Lee,Tea and Sympathy,https://en.wikipedia.org/wiki/Tea_and_Sympathy_(play),[10],https://en.wikipedia.org#cite_note-1954_Awards-11,
1955,1955,/wiki/9th_Tony_Awards,True,Francis L. Sullivan,https://en.wikipedia.org/wiki/Francis_L._Sullivan,"Sir Wilfrid Robats, Q.C.",Witness for the Prosecution,https://en.wikipedia.org/wiki/Witness_for_the_Prosecution_(play),[11],https://en.wikipedia.org#cite_note-1955_Awards-12,
1956,1956,/wiki/10th_Tony_Awards,False,Fritz Weaver,https://en.wikipedia.org/wiki/Fritz_Weaver,Maitland,The Chalk Garden,https://en.wikipedia.org/wiki/The_Chalk_Garden,[12],https://en.wikipedia.org#cite_note-1956_Awards-13,
1956,1956,/wiki/10th_Tony_Awards,False,Anthony Quayle,https://en.wikipedia.org/wiki/Anthony_Quayle,Tamburlaine,Tamburlaine the Great,https://en.wikipedia.org/wiki/Tamburlaine,[12],https://en.wikipedia.org#cite_note-1956_Awards-13,
1956,1956,/wiki/10th_Tony_Awards,False,Anthony Franciosa,https://en.wikipedia.org/wiki/Anthony_Franciosa,Polo Pope,A Hatful of Rain,https://en.wikipedia.org/wiki/A_Hatful_of_Rain,[12],https://en.wikipedia.org#cite_note-1956_Awards-13,
1956,1956,/wiki/10th_Tony_Awards,True,Ed Begley,https://en.wikipedia.org/wiki/Ed_Begley,Matthew Harrison Brady,Inherit the Wind,https://en.wikipedia.org/wiki/Inherit_the_Wind_(play),[12],https://en.wikipedia.org#cite_note-1956_Awards-13,
1956,1956,/wiki/10th_Tony_Awards,False,Andy Griffith,https://en.wikipedia.org/wiki/Andy_Griffith,Will Stockdale,No Time for Sergeants,https://en.wikipedia.org/wiki/No_Time_for_Sergeants#Broadway_play,[12],https://en.wikipedia.org#cite_note-1956_Awards-13,
1957,1957,/wiki/11th_Tony_Awards,True,Frank Conroy,https://en.wikipedia.org/wiki/Frank_Conroy_(actor),Father William Callifer,The Potting Shed,https://en.wikipedia.org/wiki/The_Potting_Shed,[13],https://en.wikipedia.org#cite_note-1957_Awards-14,
1957,1957,/wiki/11th_Tony_Awards,False,Eddie Mayehoff,https://en.wikipedia.org/wiki/Eddie_Mayehoff,General Tom Powers,A Visit to a Small Planet,https://en.wikipedia.org/wiki/Visit_to_a_Small_Planet,[13],https://en.wikipedia.org#cite_note-1957_Awards-14,
1957,1957,/wiki/11th_Tony_Awards,False,William Podmore,,Mr. Fowler,Separate Tables,https://en.wikipedia.org/wiki/Separate_Tables,[13],https://en.wikipedia.org#cite_note-1957_Awards-14,
1957,1957,/wiki/11th_Tony_Awards,False,Jason Robards,https://en.wikipedia.org/wiki/Jason_Robards,"James Tyrone, Jr.",Long Day's Journey into Night,https://en.wikipedia.org/wiki/Long_Day%27s_Journey_into_Night,[13],https://en.wikipedia.org#cite_note-1957_Awards-14,
1958,1958,/wiki/12th_Tony_Awards,False,George Relph,https://en.wikipedia.org/wiki/George_Relph,Billy Rice,The Entertainer,https://en.wikipedia.org/wiki/The_Entertainer_(play),[14],https://en.wikipedia.org#cite_note-1958_Awards-15,
1958,1958,/wiki/12th_Tony_Awards,False,Pat Hingle,https://en.wikipedia.org/wiki/Pat_Hingle,Rubin Flood,The Dark at the Top of the Stairs,https://en.wikipedia.org/wiki/The_Dark_at_the_Top_of_the_Stairs,[14],https://en.wikipedia.org#cite_note-1958_Awards-15,
1958,1958,/wiki/12th_Tony_Awards,True,Henry Jones,https://en.wikipedia.org/wiki/Henry_Jones_(actor),Louis McHenry Howe,Sunrise At Campobello,https://en.wikipedia.org/wiki/Sunrise_at_Campobello_(play),[14],https://en.wikipedia.org#cite_note-1958_Awards-15,
1958,1958,/wiki/12th_Tony_Awards,False,Sig Arno,https://en.wikipedia.org/wiki/Sig_Arno,Ferdinand,Time Remembered,,[14],https://en.wikipedia.org#cite_note-1958_Awards-15,
1958,1958,/wiki/12th_Tony_Awards,False,Theodore Bikel,https://en.wikipedia.org/wiki/Theodore_Bikel,Dr. Jacobson,The Rope Dancers,,[14],https://en.wikipedia.org#cite_note-1958_Awards-15,
1959,1959,/wiki/13th_Tony_Awards,True,Charlie Ruggles,https://en.wikipedia.org/wiki/Charlie_Ruggles,Mackenzie Savage,The Pleasure of His Company,https://en.wikipedia.org/wiki/The_Pleasure_of_His_Company,[15],https://en.wikipedia.org#cite_note-1959_Awards-16,
1959,1959,/wiki/13th_Tony_Awards,False,Marc Connelly,https://en.wikipedia.org/wiki/Marc_Connelly,Professor Charles Osman,Tall Story,https://en.wikipedia.org/wiki/Tall_Story,[15],https://en.wikipedia.org#cite_note-1959_Awards-16,
1959,1959,/wiki/13th_Tony_Awards,False,George Grizzard,https://en.wikipedia.org/wiki/George_Grizzard,Shep Stearns,The Disenchanted,https://en.wikipedia.org/wiki/The_Disenchanted,[15],https://en.wikipedia.org#cite_note-1959_Awards-16,
1959,1959,/wiki/13th_Tony_Awards,False,Walter Matthau,https://en.wikipedia.org/wiki/Walter_Matthau,Maxwell Archer,"Once More, with Feeling","https://en.wikipedia.org/wiki/Once_More,_with_Feeling!",[15],https://en.wikipedia.org#cite_note-1959_Awards-16,
1959,1959,/wiki/13th_Tony_Awards,False,Robert Morse,https://en.wikipedia.org/wiki/Robert_Morse,Ted Snow,"Say, Darling","https://en.wikipedia.org/wiki/Say,_Darling",[15],https://en.wikipedia.org#cite_note-1959_Awards-16,
1959,1959,/wiki/13th_Tony_Awards,False,George C. Scott,https://en.wikipedia.org/wiki/George_C._Scott,Tydings Glenn,Comes a Day,,[15],https://en.wikipedia.org#cite_note-1959_Awards-16,
1960,1960,/wiki/14th_Tony_Awards,False,Lawrence Winters,https://en.wikipedia.org/wiki/Lawrence_Winters,Tyree Tucker,The Long Dream,,[16],https://en.wikipedia.org#cite_note-1960_Awards-17,
1960,1960,/wiki/14th_Tony_Awards,True,Roddy McDowall,https://en.wikipedia.org/wiki/Roddy_McDowall,Tarquin Edward Mendigales,The Fighting Cock,,[16],https://en.wikipedia.org#cite_note-1960_Awards-17,
1960,1960,/wiki/14th_Tony_Awards,False,Warren Beatty,https://en.wikipedia.org/wiki/Warren_Beatty,Kenny,A Loss of Roses,,[16],https://en.wikipedia.org#cite_note-1960_Awards-17,
1960,1960,/wiki/14th_Tony_Awards,False,Harry Guardino,https://en.wikipedia.org/wiki/Harry_Guardino,Pompey,One More River,,[16],https://en.wikipedia.org#cite_note-1960_Awards-17,
1960,1960,/wiki/14th_Tony_Awards,False,Rip Torn,https://en.wikipedia.org/wiki/Rip_Torn,Tom Junior,Sweet Bird of Youth,https://en.wikipedia.org/wiki/Sweet_Bird_of_Youth,[16],https://en.wikipedia.org#cite_note-1960_Awards-17,
1961,1961,/wiki/15th_Tony_Awards,False,Eduardo Ciannelli,https://en.wikipedia.org/wiki/Eduardo_Ciannelli,Aurelio,The Devil's Advocate,,[17],https://en.wikipedia.org#cite_note-1961_Awards-18,
1961,1961,/wiki/15th_Tony_Awards,False,George Grizzard,https://en.wikipedia.org/wiki/George_Grizzard,Ronnie Johnson,"Big Fish, Little Fish","https://en.wikipedia.org/wiki/Big_Fish,_Little_Fish_(play)",[17],https://en.wikipedia.org#cite_note-1961_Awards-18,
1961,1961,/wiki/15th_Tony_Awards,True,Martin Gabel,https://en.wikipedia.org/wiki/Martin_Gabel,Basil Smythe,"Big Fish, Little Fish","https://en.wikipedia.org/wiki/Big_Fish,_Little_Fish_(play)",[17],https://en.wikipedia.org#cite_note-1961_Awards-18,
1961,1961,/wiki/15th_Tony_Awards,False,Philip Bosco,https://en.wikipedia.org/wiki/Philip_Bosco,Heracles,The Rape of the Belt,,[17],https://en.wikipedia.org#cite_note-1961_Awards-18,https://en.wikipedia.org/wiki/Heracles
1962,1962,/wiki/16th_Tony_Awards,True,Walter Matthau,https://en.wikipedia.org/wiki/Walter_Matthau,Benjamin Beaurevers,A Shot in the Dark,https://en.wikipedia.org/wiki/A_Shot_in_the_Dark_(1964_film),[18],https://en.wikipedia.org#cite_note-1962_Awards-19,
1962,1962,/wiki/16th_Tony_Awards,False,Godfrey Cambridge,https://en.wikipedia.org/wiki/Godfrey_Cambridge,Gitlow Judson,Purlie Victorious,,[18],https://en.wikipedia.org#cite_note-1962_Awards-19,
1962,1962,/wiki/16th_Tony_Awards,False,Joseph Campanella,https://en.wikipedia.org/wiki/Joseph_Campanella,Daniel Stein,A Gift of Time,,[18],https://en.wikipedia.org#cite_note-1962_Awards-19,
1962,1962,/wiki/16th_Tony_Awards,False,Paul Sparer,https://en.wikipedia.org/wiki/Paul_Sparer,Auda Abu Tayi,Ross,https://en.wikipedia.org/wiki/Ross_(play),[18],https://en.wikipedia.org#cite_note-1962_Awards-19,
1963,1963,/wiki/17th_Tony_Awards,False,Paul Rogers,https://en.wikipedia.org/wiki/Paul_Rogers_(actor),"Reginald Kinsale, Esq.",Photo Finish,,[19],https://en.wikipedia.org#cite_note-1963_Awards-20,
1963,1963,/wiki/17th_Tony_Awards,False,Frank Silvera,https://en.wikipedia.org/wiki/Frank_Silvera,M. Duval,The Lady of the Carnellias,,[19],https://en.wikipedia.org#cite_note-1963_Awards-20,
1963,1963,/wiki/17th_Tony_Awards,True,Alan Arkin,https://en.wikipedia.org/wiki/Alan_Arkin,David Kolowitz,Enter Laughing,https://en.wikipedia.org/wiki/Enter_Laughing,[19],https://en.wikipedia.org#cite_note-1963_Awards-20,
1963,1963,/wiki/17th_Tony_Awards,False,Barry Gordon,https://en.wikipedia.org/wiki/Barry_Gordon,Nick Burns,A Thousand Clowns,https://en.wikipedia.org/wiki/A_Thousand_Clowns,[19],https://en.wikipedia.org#cite_note-1963_Awards-20,
1964,1964,/wiki/18th_Tony_Awards,True,Hume Cronyn,https://en.wikipedia.org/wiki/Hume_Cronyn,Polonius,Hamlet,https://en.wikipedia.org/wiki/Hamlet,[20],https://en.wikipedia.org#cite_note-1964_Awards-21,https://en.wikipedia.org/wiki/Polonius
1964,1964,/wiki/18th_Tony_Awards,False,Lee Allen,,Patsy,Marathon '33,,[20],https://en.wikipedia.org#cite_note-1964_Awards-21,
1964,1964,/wiki/18th_Tony_Awards,False,Michael Dunn,https://en.wikipedia.org/wiki/Michael_Dunn_(actor),Cousin Lyman,The Ballad of the Sad Café,https://en.wikipedia.org/wiki/The_Ballad_of_the_Sad_Caf%C3%A9,[20],https://en.wikipedia.org#cite_note-1964_Awards-21,
1964,1964,/wiki/18th_Tony_Awards,False,Larry Gates,https://en.wikipedia.org/wiki/Larry_Gates,Boyd Bendix,A Case of Libel,,[20],https://en.wikipedia.org#cite_note-1964_Awards-21,
1965,1965,/wiki/19th_Tony_Awards,True,Jack Albertson,https://en.wikipedia.org/wiki/Jack_Albertson,John Cleary,The Subject Was Roses,https://en.wikipedia.org/wiki/The_Subject_Was_Roses,[21],https://en.wikipedia.org#cite_note-1965_Awards-22,
1965,1965,/wiki/19th_Tony_Awards,False,Murray Hamilton,https://en.wikipedia.org/wiki/Murray_Hamilton,Otis Clifton,Absence of a Cello,,[21],https://en.wikipedia.org#cite_note-1965_Awards-22,
1965,1965,/wiki/19th_Tony_Awards,False,Martin Sheen,https://en.wikipedia.org/wiki/Martin_Sheen,Timmy Cleary,The Subject Was Roses,https://en.wikipedia.org/wiki/The_Subject_Was_Roses,[21],https://en.wikipedia.org#cite_note-1965_Awards-22,
1965,1965,/wiki/19th_Tony_Awards,False,Clarence Williams III,https://en.wikipedia.org/wiki/Clarence_Williams_III,Randall,Slow Dance on the Killing Ground,,[21],https://en.wikipedia.org#cite_note-1965_Awards-22,
1966,1966,/wiki/20th_Tony_Awards,False,Eamon Kelly,https://en.wikipedia.org/wiki/Eamon_Kelly_(actor),S. B. O'Donnell,"Philadelphia, Here I Come!","https://en.wikipedia.org/wiki/Philadelphia,_Here_I_Come!",[22],https://en.wikipedia.org#cite_note-1966_Awards-23,
1966,1966,/wiki/20th_Tony_Awards,False,Larry Haines,https://en.wikipedia.org/wiki/Larry_Haines,Stan Herman,Generation,https://en.wikipedia.org/wiki/Generation_(play),[22],https://en.wikipedia.org#cite_note-1966_Awards-23,
1966,1966,/wiki/20th_Tony_Awards,True,Patrick Magee,https://en.wikipedia.org/wiki/Patrick_Magee_(actor),Marquis de Sade,Marat/Sade,https://en.wikipedia.org/wiki/Marat/Sade,[22],https://en.wikipedia.org#cite_note-1966_Awards-23,https://en.wikipedia.org/wiki/Marquis_de_Sade
1966,1966,/wiki/20th_Tony_Awards,False,Burt Brinckerhoff,https://en.wikipedia.org/wiki/Burt_Brinckerhoff,Igor,Cactus Flower,https://en.wikipedia.org/wiki/Cactus_Flower_(play),[22],https://en.wikipedia.org#cite_note-1966_Awards-23,
1967,1967,/wiki/21st_Tony_Awards,True,Ian Holm,https://en.wikipedia.org/wiki/Ian_Holm,Lenny,The Homecoming,https://en.wikipedia.org/wiki/The_Homecoming,[23],https://en.wikipedia.org#cite_note-1967_Awards-24,
1967,1967,/wiki/21st_Tony_Awards,False,Clayton Corzatte,,Charles Surface,The School for Scandal,https://en.wikipedia.org/wiki/The_School_for_Scandal,[23],https://en.wikipedia.org#cite_note-1967_Awards-24,
1967,1967,/wiki/21st_Tony_Awards,False,Stephen Elliott,https://en.wikipedia.org/wiki/Stephen_Elliott_(actor),Mr. Coulmier,Marat/Sade,https://en.wikipedia.org/wiki/Marat/Sade,[23],https://en.wikipedia.org#cite_note-1967_Awards-24,
1967,1967,/wiki/21st_Tony_Awards,False,Sydney Walker,https://en.wikipedia.org/wiki/Sydney_Walker,Lt. Ekdal,The Wild Duck,https://en.wikipedia.org/wiki/The_Wild_Duck,[23],https://en.wikipedia.org#cite_note-1967_Awards-24,
1968,1968,/wiki/22nd_Tony_Awards,False,John Wood,https://en.wikipedia.org/wiki/John_Wood_(English_actor),Guildenstern,Rosencrantz and Guildenstern Are Dead,,[24],https://en.wikipedia.org#cite_note-1968_Awards-25,https://en.wikipedia.org/wiki/Rosencrantz_and_Guildenstern
1968,1968,/wiki/22nd_Tony_Awards,True,James Patterson,https://en.wikipedia.org/wiki/James_Patterson_(actor),Stanley,The Birthday Party,https://en.wikipedia.org/wiki/The_Birthday_Party_(play),[24],https://en.wikipedia.org#cite_note-1968_Awards-25,
1968,1968,/wiki/22nd_Tony_Awards,False,Paul Hecht,https://en.wikipedia.org/wiki/Paul_Hecht,The Player,Rosencrantz and Guildenstern Are Dead,https://en.wikipedia.org/wiki/Rosencrantz_and_Guildenstern_Are_Dead,[24],https://en.wikipedia.org#cite_note-1968_Awards-25,
1968,1968,/wiki/22nd_Tony_Awards,False,Brian Murray,https://en.wikipedia.org/wiki/Brian_Murray_(actor),Rosencrantz,Rosencrantz and Guildenstern Are Dead,,[24],https://en.wikipedia.org#cite_note-1968_Awards-25,https://en.wikipedia.org/wiki/Rosencrantz_and_Guildenstern
1969,1969,/wiki/23rd_Tony_Awards,True,Al Pacino,https://en.wikipedia.org/wiki/Al_Pacino,Bickham,Does a Tiger Wear a Necktie?,https://en.wikipedia.org/wiki/Does_a_Tiger_Wear_a_Necktie%3F,[25],https://en.wikipedia.org#cite_note-1969_Awards-26,
1969,1969,/wiki/23rd_Tony_Awards,False,Richard S. Castellano,https://en.wikipedia.org/wiki/Richard_S._Castellano,Frank,Lovers and Other Strangers,https://en.wikipedia.org/wiki/Lovers_and_Other_Strangers,[25],https://en.wikipedia.org#cite_note-1969_Awards-26,
1969,1969,/wiki/23rd_Tony_Awards,False,Tony Roberts,https://en.wikipedia.org/wiki/Tony_Roberts_(actor),Dick Christie,"Play It Again, Sam","https://en.wikipedia.org/wiki/Play_It_Again,_Sam_(1972_film)",[25],https://en.wikipedia.org#cite_note-1969_Awards-26,
1969,1969,/wiki/23rd_Tony_Awards,False,Louis Zorich,https://en.wikipedia.org/wiki/Louis_Zorich,Cardinal Ragna,Hadrian VII,https://en.wikipedia.org/wiki/Hadrian_VII,[25],https://en.wikipedia.org#cite_note-1969_Awards-26,
1970,1970,/wiki/24th_Tony_Awards,False,Joseph Bova,https://en.wikipedia.org/wiki/Joseph_Bova,Mr. Lee,The Chinese and Dr. Fish,,[26],https://en.wikipedia.org#cite_note-1970_Awards-27,
1970,1970,/wiki/24th_Tony_Awards,False,Dennis King,https://en.wikipedia.org/wiki/Dennis_King,Baron von Epp,A Patriot for Me,https://en.wikipedia.org/wiki/A_Patriot_for_Me,[26],https://en.wikipedia.org#cite_note-1970_Awards-27,
1970,1970,/wiki/24th_Tony_Awards,True,Ken Howard,https://en.wikipedia.org/wiki/Ken_Howard,Paul Reese,Child's Play,https://en.wikipedia.org/wiki/Child%27s_Play_(play),[26],https://en.wikipedia.org#cite_note-1970_Awards-27,
1971,1971,/wiki/25th_Tony_Awards,False,Ed Zimmermann,,Donald,The Philanthropist,https://en.wikipedia.org/wiki/The_Philanthropist_(play),[29],https://en.wikipedia.org#cite_note-31,
1971,1971,/wiki/25th_Tony_Awards,False,Donald Pickering,https://en.wikipedia.org/wiki/Donald_Pickering,Capt. Rupert Harper,Conduct Unbecoming,https://en.wikipedia.org/wiki/Conduct_Unbecoming_(play),[29],https://en.wikipedia.org#cite_note-31,
1971,1971,/wiki/25th_Tony_Awards,True,Paul Sand,https://en.wikipedia.org/wiki/Paul_Sand,Multiple[b],Paul Sills' Story Theatre,https://en.wikipedia.org/wiki/Paul_Sills%27_Story_Theatre,[29],https://en.wikipedia.org#cite_note-31,https://en.wikipedia.org#cite_note-30
1971,1971,/wiki/25th_Tony_Awards,False,Ronald Radd,https://en.wikipedia.org/wiki/Ronald_Radd,Gilies de Vannes,Abelard and Heloise,,[29],https://en.wikipedia.org#cite_note-31,
1972,1972,/wiki/26th_Tony_Awards,True,Vincent Gardenia,https://en.wikipedia.org/wiki/Vincent_Gardenia,Harry Edison,The Prisoner of Second Avenue,https://en.wikipedia.org/wiki/The_Prisoner_of_Second_Avenue,[30],https://en.wikipedia.org#cite_note-1972_Awards-32,
1972,1972,/wiki/26th_Tony_Awards,False,Douglas Rain,https://en.wikipedia.org/wiki/Douglas_Rain,William Cecil,Vivat! Vivat Regina!,https://en.wikipedia.org/wiki/Vivat!_Vivat_Regina!,[30],https://en.wikipedia.org#cite_note-1972_Awards-32,
1972,1972,/wiki/26th_Tony_Awards,False,Lee Richardson,https://en.wikipedia.org/wiki/Lee_Richardson_(actor),Lord Bothwell,Vivat! Vivat! Regina!,,[30],https://en.wikipedia.org#cite_note-1972_Awards-32,
1972,1972,/wiki/26th_Tony_Awards,False,Joe Silver,https://en.wikipedia.org/wiki/Joe_Silver,Various Characters,Lenny,https://en.wikipedia.org/wiki/Lenny_(film),[30],https://en.wikipedia.org#cite_note-1972_Awards-32,
1973,1973,/wiki/27th_Tony_Awards,True,John Lithgow,https://en.wikipedia.org/wiki/John_Lithgow,Kenny Kendal,The Changing Room,https://en.wikipedia.org/wiki/The_Changing_Room,[31],https://en.wikipedia.org#cite_note-1973_Awards-33,
1973,1973,/wiki/27th_Tony_Awards,False,Barnard Hughes,https://en.wikipedia.org/wiki/Barnard_Hughes,Dogberry,Much Ado About Nothing,https://en.wikipedia.org/wiki/Much_Ado_About_Nothing,[31],https://en.wikipedia.org#cite_note-1973_Awards-33,https://en.wikipedia.org/wiki/Dogberry
1973,1973,/wiki/27th_Tony_Awards,False,John McMartin,https://en.wikipedia.org/wiki/John_McMartin,Sganarelle,Don Juan,https://en.wikipedia.org/wiki/Don_Juan,[31],https://en.wikipedia.org#cite_note-1973_Awards-33,
1973,1973,/wiki/27th_Tony_Awards,False,Hayward Morse,https://en.wikipedia.org/wiki/Hayward_Morse,Joseph Keyston,Butley,https://en.wikipedia.org/wiki/Butley_(play),[31],https://en.wikipedia.org#cite_note-1973_Awards-33,
1974,1974,/wiki/28th_Tony_Awards,True,Ed Flanders,https://en.wikipedia.org/wiki/Ed_Flanders,Phil Hogan,A Moon for the Misbegotten,https://en.wikipedia.org/wiki/A_Moon_for_the_Misbegotten,[32],https://en.wikipedia.org#cite_note-1974_Awards-34,
1974,1974,/wiki/28th_Tony_Awards,False,René Auberjonois,https://en.wikipedia.org/wiki/Ren%C3%A9_Auberjonois,Performer,The Good Doctor,https://en.wikipedia.org/wiki/The_Good_Doctor_(play),[32],https://en.wikipedia.org#cite_note-1974_Awards-34,
1974,1974,/wiki/28th_Tony_Awards,False,Douglas Turner Ward,https://en.wikipedia.org/wiki/Douglas_Turner_Ward,Johnny Williams,The River Niger,https://en.wikipedia.org/wiki/The_River_Niger,[32],https://en.wikipedia.org#cite_note-1974_Awards-34,
1974,1974,/wiki/28th_Tony_Awards,False,Dick Anthony Williams,https://en.wikipedia.org/wiki/Dick_Anthony_Williams,Rico,What the Wine-Sellers Buy,,[32],https://en.wikipedia.org#cite_note-1974_Awards-34,
1975,1975,/wiki/29th_Tony_Awards,False,Dick Anthony Williams,https://en.wikipedia.org/wiki/Dick_Anthony_Williams,Alexander,Black Picture Show,,[33],https://en.wikipedia.org#cite_note-1975_Awards-35,
1975,1975,/wiki/29th_Tony_Awards,False,George Rose,https://en.wikipedia.org/wiki/George_Rose_(actor),Henry,My Fat Friend,https://en.wikipedia.org/wiki/My_Fat_Friend,[33],https://en.wikipedia.org#cite_note-1975_Awards-35,
1975,1975,/wiki/29th_Tony_Awards,False,Philip Locke,https://en.wikipedia.org/wiki/Philip_Locke,Professor Moriarty,Sherlock Holmes,https://en.wikipedia.org/wiki/Sherlock_Holmes_(play),[33],https://en.wikipedia.org#cite_note-1975_Awards-35,https://en.wikipedia.org/wiki/Professor_Moriarty
1975,1975,/wiki/29th_Tony_Awards,False,Larry Blyden,https://en.wikipedia.org/wiki/Larry_Blyden,Sidney,Absurd Person Singular,https://en.wikipedia.org/wiki/Absurd_Person_Singular,[33],https://en.wikipedia.org#cite_note-1975_Awards-35,
1975,1975,/wiki/29th_Tony_Awards,True,Frank Langella,https://en.wikipedia.org/wiki/Frank_Langella,Leslie,Seascape,https://en.wikipedia.org/wiki/Seascape_(play),[33],https://en.wikipedia.org#cite_note-1975_Awards-35,
1975,1975,/wiki/29th_Tony_Awards,False,Leonard Frey,https://en.wikipedia.org/wiki/Leonard_Frey,Barnet,The National Health,https://en.wikipedia.org/wiki/The_National_Health_(play),[33],https://en.wikipedia.org#cite_note-1975_Awards-35,
1976,1976,/wiki/30th_Tony_Awards,True,Edward Herrmann,https://en.wikipedia.org/wiki/Edward_Herrmann,Frank Gardner,Mrs. Warren's Profession,https://en.wikipedia.org/wiki/Mrs._Warren%27s_Profession,[5],https://en.wikipedia.org#cite_note-1976_Awards-5,
1976,1976,/wiki/30th_Tony_Awards,False,Barry Bostwick,https://en.wikipedia.org/wiki/Barry_Bostwick,Joe,They Knew What They Wanted,https://en.wikipedia.org/wiki/They_Knew_What_They_Wanted_(play),[5],https://en.wikipedia.org#cite_note-1976_Awards-5,
1976,1976,/wiki/30th_Tony_Awards,False,Gabriel Dell,https://en.wikipedia.org/wiki/Gabriel_Dell,Fred Santora,Lamppost Reunion,,[5],https://en.wikipedia.org#cite_note-1976_Awards-5,
1976,1976,/wiki/30th_Tony_Awards,False,Daniel Seltzer,https://en.wikipedia.org/wiki/Daniel_Seltzer,Cohn,Knock Knock,https://en.wikipedia.org/wiki/Knock_Knock_(play),[5],https://en.wikipedia.org#cite_note-1976_Awards-5,
1977,1977,/wiki/31st_Tony_Awards,False,Joe Fields,,First Sergeant Tower,The Basic Training of Pavlo Hummel,https://en.wikipedia.org/wiki/The_Basic_Training_of_Pavlo_Hummel,[34],https://en.wikipedia.org#cite_note-1977_Awards-36,
1977,1977,/wiki/31st_Tony_Awards,True,Jonathan Pryce,https://en.wikipedia.org/wiki/Jonathan_Pryce,Gethin Price,Comedians,https://en.wikipedia.org/wiki/Comedians_(play),[34],https://en.wikipedia.org#cite_note-1977_Awards-36,
1977,1977,/wiki/31st_Tony_Awards,False,Bob Dishy,https://en.wikipedia.org/wiki/Bob_Dishy,Abner Truckle,Sly Fox,https://en.wikipedia.org/wiki/Sly_Fox,[34],https://en.wikipedia.org#cite_note-1977_Awards-36,
1977,1977,/wiki/31st_Tony_Awards,False,Laurence Luckinbill,https://en.wikipedia.org/wiki/Laurence_Luckinbill,Brian,The Shadow Box,https://en.wikipedia.org/wiki/The_Shadow_Box,[34],https://en.wikipedia.org#cite_note-1977_Awards-36,
1978,1978,/wiki/32nd_Tony_Awards,True,Lester Rawlins,https://en.wikipedia.org/wiki/Lester_Rawlins,Drumm,Da,https://en.wikipedia.org/wiki/Da_(play),[35],https://en.wikipedia.org#cite_note-1978_Awards-37,
1978,1978,/wiki/32nd_Tony_Awards,False,Morgan Freeman,https://en.wikipedia.org/wiki/Morgan_Freeman,Zeke,The Mighty Gents,,[35],https://en.wikipedia.org#cite_note-1978_Awards-37,
1978,1978,/wiki/32nd_Tony_Awards,False,Victor Garber,https://en.wikipedia.org/wiki/Victor_Garber,Clifford Anderson,Deathtrap,https://en.wikipedia.org/wiki/Deathtrap_(play),[35],https://en.wikipedia.org#cite_note-1978_Awards-37,
1978,1978,/wiki/32nd_Tony_Awards,False,Cliff Gorman,https://en.wikipedia.org/wiki/Cliff_Gorman,Leo Schneider,Chapter Two,https://en.wikipedia.org/wiki/Chapter_Two_(play),[35],https://en.wikipedia.org#cite_note-1978_Awards-37,
1979,1979,/wiki/33rd_Tony_Awards,False,Bob Balaban,https://en.wikipedia.org/wiki/Bob_Balaban,Óssip,The Inspector General,https://en.wikipedia.org/wiki/The_Government_Inspector,[36],https://en.wikipedia.org#cite_note-1979_Awards-38,
1979,1979,/wiki/33rd_Tony_Awards,False,Joseph Maher,https://en.wikipedia.org/wiki/Joseph_Maher,The Trick Cyclist,Spokesong,,[36],https://en.wikipedia.org#cite_note-1979_Awards-38,
1979,1979,/wiki/33rd_Tony_Awards,True,Michael Gough,https://en.wikipedia.org/wiki/Michael_Gough,Ernest,Bedroom Farce,https://en.wikipedia.org/wiki/Bedroom_Farce_(play),[36],https://en.wikipedia.org#cite_note-1979_Awards-38,
1979,1979,/wiki/33rd_Tony_Awards,False,Edward James Olmos,https://en.wikipedia.org/wiki/Edward_James_Olmos,El Pachuco,Zoot Suit,https://en.wikipedia.org/wiki/Zoot_Suit_(play),[36],https://en.wikipedia.org#cite_note-1979_Awards-38,
1980,1980,/wiki/34th_Tony_Awards,False,David Dukes,https://en.wikipedia.org/wiki/David_Dukes,Horst,Bent,https://en.wikipedia.org/wiki/Bent_(play),[37],https://en.wikipedia.org#cite_note-1980_Awards-39,
1980,1980,/wiki/34th_Tony_Awards,False,Joseph Maher,https://en.wikipedia.org/wiki/Joseph_Maher,Geoffrey Carson,Night and Day,https://en.wikipedia.org/wiki/Night_and_Day_(play),[37],https://en.wikipedia.org#cite_note-1980_Awards-39,
1980,1980,/wiki/34th_Tony_Awards,False,Earle Hyman,https://en.wikipedia.org/wiki/Earle_Hyman,Oscar,The Lady from Dubuque,https://en.wikipedia.org/wiki/The_Lady_from_Dubuque,[37],https://en.wikipedia.org#cite_note-1980_Awards-39,
1980,1980,/wiki/34th_Tony_Awards,True,David Rounds,https://en.wikipedia.org/wiki/David_Rounds,Homer Bolton,Morning's at Seven,https://en.wikipedia.org/wiki/Morning%27s_at_Seven,[37],https://en.wikipedia.org#cite_note-1980_Awards-39,
1980,1980,/wiki/34th_Tony_Awards,False,George Hearn,https://en.wikipedia.org/wiki/George_Hearn,Kurt Muller,Watch on the Rhine,https://en.wikipedia.org/wiki/Watch_on_the_Rhine,[37],https://en.wikipedia.org#cite_note-1980_Awards-39,
1981,1981,/wiki/35th_Tony_Awards,True,Brian Backer,https://en.wikipedia.org/wiki/Brian_Backer,Paul Pollack,The Floating Light Bulb,https://en.wikipedia.org/wiki/The_Floating_Light_Bulb,[38],https://en.wikipedia.org#cite_note-1981_Awards-40,
1981,1981,/wiki/35th_Tony_Awards,False,Tom Aldredge,https://en.wikipedia.org/wiki/Tom_Aldredge,Horace Giddens,The Little Foxes,https://en.wikipedia.org/wiki/The_Little_Foxes,[38],https://en.wikipedia.org#cite_note-1981_Awards-40,
1981,1981,/wiki/35th_Tony_Awards,False,Adam Redfield,,Desmond,A Life,https://en.wikipedia.org/wiki/A_Life_(play),[38],https://en.wikipedia.org#cite_note-1981_Awards-40,
1981,1981,/wiki/35th_Tony_Awards,False,Shepperd Strudwick,https://en.wikipedia.org/wiki/Shepperd_Strudwick,Jared,To Grandmother's House We Go,,[38],https://en.wikipedia.org#cite_note-1981_Awards-40,
1982,1982,/wiki/36th_Tony_Awards,True,Zakes Mokae,https://en.wikipedia.org/wiki/Zakes_Mokae,Sam,Master Harold...and the Boys,https://en.wikipedia.org/wiki/Master_Harold...and_the_Boys,[39],https://en.wikipedia.org#cite_note-1982_Awards-41,
1982,1982,/wiki/36th_Tony_Awards,False,Richard Kavanaugh,,Gibbs,The Hothouse,https://en.wikipedia.org/wiki/The_Hothouse,[39],https://en.wikipedia.org#cite_note-1982_Awards-41,
1982,1982,/wiki/36th_Tony_Awards,False,Edward Petherbridge,https://en.wikipedia.org/wiki/Edward_Petherbridge,Newman Noggs,The Life and Adventures of Nicholas Nickleby,https://en.wikipedia.org/wiki/The_Life_and_Adventures_of_Nicholas_Nickleby_(play),[39],https://en.wikipedia.org#cite_note-1982_Awards-41,
1982,1982,/wiki/36th_Tony_Awards,False,David Threlfall,https://en.wikipedia.org/wiki/David_Threlfall,Smike,The Life and Adventures of Nicholas Nickleby,,[39],https://en.wikipedia.org#cite_note-1982_Awards-41,
1983,1983,/wiki/37th_Tony_Awards,True,Matthew Broderick,https://en.wikipedia.org/wiki/Matthew_Broderick,Eugene Jerome,Brighton Beach Memoirs,https://en.wikipedia.org/wiki/Brighton_Beach_Memoirs,[40],https://en.wikipedia.org#cite_note-1983_Awards-42,
1983,1983,/wiki/37th_Tony_Awards,False,Željko Ivanek,https://en.wikipedia.org/wiki/%C5%BDeljko_Ivanek,Stanley Jerome,Brighton Beach Memoirs,,[40],https://en.wikipedia.org#cite_note-1983_Awards-42,
1983,1983,/wiki/37th_Tony_Awards,False,George N. Martin,,Leonard Darwin,Plenty,https://en.wikipedia.org/wiki/Plenty_(play),[40],https://en.wikipedia.org#cite_note-1983_Awards-42,
1983,1983,/wiki/37th_Tony_Awards,False,Stephen Moore,https://en.wikipedia.org/wiki/Stephen_Moore_(actor),Captain Parolles,All's Well That Ends Well,https://en.wikipedia.org/wiki/All%27s_Well_That_Ends_Well,[40],https://en.wikipedia.org#cite_note-1983_Awards-42,
1984,1984,/wiki/38th_Tony_Awards,False,Douglas Seale,https://en.wikipedia.org/wiki/Douglas_Seale,Selsdon Mowbray,Noises Off,https://en.wikipedia.org/wiki/Noises_Off,[41],https://en.wikipedia.org#cite_note-1984_Awards-43,
1984,1984,/wiki/38th_Tony_Awards,False,Robert Prosky,https://en.wikipedia.org/wiki/Robert_Prosky,Shelly Levene,Glengarry Glen Ross,,[41],https://en.wikipedia.org#cite_note-1984_Awards-43,
1984,1984,/wiki/38th_Tony_Awards,False,Philip Bosco,https://en.wikipedia.org/wiki/Philip_Bosco,Boss Mangan,Heartbreak House,https://en.wikipedia.org/wiki/Heartbreak_House,[41],https://en.wikipedia.org#cite_note-1984_Awards-43,
1984,1984,/wiki/38th_Tony_Awards,True,Joe Mantegna,https://en.wikipedia.org/wiki/Joe_Mantegna,Richard Roma,Glengarry Glen Ross,https://en.wikipedia.org/wiki/Glengarry_Glen_Ross,[41],https://en.wikipedia.org#cite_note-1984_Awards-43,https://en.wikipedia.org/wiki/Richard_Roma
1985,1985,/wiki/39th_Tony_Awards,True,Barry Miller,https://en.wikipedia.org/wiki/Barry_Miller_(actor),Arnold Epstein,Biloxi Blues,https://en.wikipedia.org/wiki/Biloxi_Blues,[42],https://en.wikipedia.org#cite_note-1985_Awards-44,
1985,1985,/wiki/39th_Tony_Awards,False,Charles S. Dutton,https://en.wikipedia.org/wiki/Charles_S._Dutton,Levee,Ma Rainey's Black Bottom,https://en.wikipedia.org/wiki/Ma_Rainey%27s_Black_Bottom,[42],https://en.wikipedia.org#cite_note-1985_Awards-44,
1985,1985,/wiki/39th_Tony_Awards,False,William Hurt,https://en.wikipedia.org/wiki/William_Hurt,Eddie,Hurlyburly,https://en.wikipedia.org/wiki/Hurlyburly,[42],https://en.wikipedia.org#cite_note-1985_Awards-44,
1985,1985,/wiki/39th_Tony_Awards,False,Edward Petherbridge,https://en.wikipedia.org/wiki/Edward_Petherbridge,Charles Marsden,Strange Interlude,https://en.wikipedia.org/wiki/Strange_Interlude,[42],https://en.wikipedia.org#cite_note-1985_Awards-44,
1986,1986,/wiki/40th_Tony_Awards,True,John Mahoney,https://en.wikipedia.org/wiki/John_Mahoney,Artie Shaughnessy,The House of Blue Leaves,https://en.wikipedia.org/wiki/The_House_of_Blue_Leaves,[43],https://en.wikipedia.org#cite_note-1986_Awards-45,
1986,1986,/wiki/40th_Tony_Awards,False,Peter Gallagher,https://en.wikipedia.org/wiki/Peter_Gallagher,Edmund Tyrone,Long Day's Journey into Night,https://en.wikipedia.org/wiki/Long_Day%27s_Journey_into_Night,[43],https://en.wikipedia.org#cite_note-1986_Awards-45,
1986,1986,/wiki/40th_Tony_Awards,False,Charles Keating,https://en.wikipedia.org/wiki/Charles_Keating_(actor),McLeavy,Loot,https://en.wikipedia.org/wiki/Loot_(play),[43],https://en.wikipedia.org#cite_note-1986_Awards-45,
1986,1986,/wiki/40th_Tony_Awards,False,Joseph Maher,https://en.wikipedia.org/wiki/Joseph_Maher,Truscott,Loot,,[43],https://en.wikipedia.org#cite_note-1986_Awards-45,
1987,1987,/wiki/41st_Tony_Awards,True,John Randolph,https://en.wikipedia.org/wiki/John_Randolph_(actor),Ben,Broadway Bound,https://en.wikipedia.org/wiki/Broadway_Bound,[44],https://en.wikipedia.org#cite_note-1987_Awards-46,
1987,1987,/wiki/41st_Tony_Awards,False,Frankie R. Faison,https://en.wikipedia.org/wiki/Frankie_R._Faison,Gabriel Maxson,Fences,https://en.wikipedia.org/wiki/Fences_(play),[44],https://en.wikipedia.org#cite_note-1987_Awards-46,
1987,1987,/wiki/41st_Tony_Awards,False,Jamey Sheridan,https://en.wikipedia.org/wiki/Jamey_Sheridan,Chris Keller,All My Sons,https://en.wikipedia.org/wiki/All_My_Sons,[44],https://en.wikipedia.org#cite_note-1987_Awards-46,
1987,1987,/wiki/41st_Tony_Awards,False,Courtney B. Vance,https://en.wikipedia.org/wiki/Courtney_B._Vance,Cory Maxson,Fences,,[44],https://en.wikipedia.org#cite_note-1987_Awards-46,
1988,1988,/wiki/42nd_Tony_Awards,False,Michael Gough,https://en.wikipedia.org/wiki/Michael_Gough,Dillwyn Knox,Breaking the Code,https://en.wikipedia.org/wiki/Breaking_the_Code,[45],https://en.wikipedia.org#cite_note-1988_Awards-47,
1988,1988,/wiki/42nd_Tony_Awards,False,Lou Liberatore,https://en.wikipedia.org/wiki/Lou_Liberatore,Larry,Burn This,https://en.wikipedia.org/wiki/Burn_This,[45],https://en.wikipedia.org#cite_note-1988_Awards-47,
1988,1988,/wiki/42nd_Tony_Awards,True,BD Wong,https://en.wikipedia.org/wiki/BD_Wong,Song Liling,M. Butterfly,https://en.wikipedia.org/wiki/M._Butterfly,[45],https://en.wikipedia.org#cite_note-1988_Awards-47,
1988,1988,/wiki/42nd_Tony_Awards,False,Delroy Lindo,https://en.wikipedia.org/wiki/Delroy_Lindo,Herald Loomis,Joe Turner's Come and Gone,https://en.wikipedia.org/wiki/Joe_Turner%27s_Come_and_Gone,[45],https://en.wikipedia.org#cite_note-1988_Awards-47,
1989,1989,/wiki/43rd_Tony_Awards,False,Gordon Joseph Weiss,,The Dummy,Ghetto,https://en.wikipedia.org/wiki/Ghetto_(play),[46],https://en.wikipedia.org#cite_note-1989_Awards-48,
1989,1989,/wiki/43rd_Tony_Awards,False,Eric Stoltz,https://en.wikipedia.org/wiki/Eric_Stoltz,George Gibbs,Our Town,https://en.wikipedia.org/wiki/Our_Town,[46],https://en.wikipedia.org#cite_note-1989_Awards-48,
1989,1989,/wiki/43rd_Tony_Awards,False,Peter Frechette,https://en.wikipedia.org/wiki/Peter_Frechette,Drew,Eastern Standard,https://en.wikipedia.org/wiki/Eastern_Standard,[46],https://en.wikipedia.org#cite_note-1989_Awards-48,
1989,1989,/wiki/43rd_Tony_Awards,True,Boyd Gaines,https://en.wikipedia.org/wiki/Boyd_Gaines,Peter Patrone,The Heidi Chronicles,https://en.wikipedia.org/wiki/The_Heidi_Chronicles,[46],https://en.wikipedia.org#cite_note-1989_Awards-48,
1990,1990,/wiki/44th_Tony_Awards,True,Charles Durning,https://en.wikipedia.org/wiki/Charles_Durning,Big Daddy,Cat on a Hot Tin Roof,https://en.wikipedia.org/wiki/Cat_on_a_Hot_Tin_Roof,[47],https://en.wikipedia.org#cite_note-1990_Awards-49,
1990,1990,/wiki/44th_Tony_Awards,False,Rocky Carroll,https://en.wikipedia.org/wiki/Rocky_Carroll,Lymon,The Piano Lesson,https://en.wikipedia.org/wiki/The_Piano_Lesson,[47],https://en.wikipedia.org#cite_note-1990_Awards-49,
1990,1990,/wiki/44th_Tony_Awards,False,Terry Kinney,https://en.wikipedia.org/wiki/Terry_Kinney,Jim Casy,The Grapes of Wrath,https://en.wikipedia.org/wiki/The_Grapes_of_Wrath_(play),[47],https://en.wikipedia.org#cite_note-1990_Awards-49,
1990,1990,/wiki/44th_Tony_Awards,False,Gary Sinise,https://en.wikipedia.org/wiki/Gary_Sinise,Tom Joad,The Grapes of Wrath,,[47],https://en.wikipedia.org#cite_note-1990_Awards-49,
1991,1991,/wiki/45th_Tony_Awards,True,Kevin Spacey,https://en.wikipedia.org/wiki/Kevin_Spacey,"""Uncle"" Louie",Lost in Yonkers,https://en.wikipedia.org/wiki/Lost_in_Yonkers,[48],https://en.wikipedia.org#cite_note-1991_Awards-50,
1991,1991,/wiki/45th_Tony_Awards,False,Adam Arkin,https://en.wikipedia.org/wiki/Adam_Arkin,Gary Peter Lefkowitz,I Hate Hamlet,https://en.wikipedia.org/wiki/I_Hate_Hamlet,[48],https://en.wikipedia.org#cite_note-1991_Awards-50,
1991,1991,/wiki/45th_Tony_Awards,False,Dylan Baker,https://en.wikipedia.org/wiki/Dylan_Baker,Prince County,La Bête,https://en.wikipedia.org/wiki/La_B%C3%AAte_(play),[48],https://en.wikipedia.org#cite_note-1991_Awards-50,
1991,1991,/wiki/45th_Tony_Awards,False,Stephen Lang,https://en.wikipedia.org/wiki/Stephen_Lang_(actor),Lou,The Speed of Darkness,https://en.wikipedia.org/wiki/The_Speed_of_Darkness_(play),[48],https://en.wikipedia.org#cite_note-1991_Awards-50,
1992,1992,/wiki/46th_Tony_Awards,True,Laurence Fishburne,https://en.wikipedia.org/wiki/Laurence_Fishburne,Sterling,Two Trains Running,https://en.wikipedia.org/wiki/Two_Trains_Running,[49],https://en.wikipedia.org#cite_note-1992_Awards-51,
1992,1992,/wiki/46th_Tony_Awards,False,Roscoe Lee Browne,https://en.wikipedia.org/wiki/Roscoe_Lee_Browne,Holloway,Two Trains Running,,[49],https://en.wikipedia.org#cite_note-1992_Awards-51,
1992,1992,/wiki/46th_Tony_Awards,False,Željko Ivanek,https://en.wikipedia.org/wiki/%C5%BDeljko_Ivanek,John Ryder,Two Shakespearean Actors,,[49],https://en.wikipedia.org#cite_note-1992_Awards-51,
1992,1992,/wiki/46th_Tony_Awards,False,Tony Shalhoub,https://en.wikipedia.org/wiki/Tony_Shalhoub,Charlie,Conversations with My Father,https://en.wikipedia.org/wiki/Conversations_with_My_Father,[49],https://en.wikipedia.org#cite_note-1992_Awards-51,
1993,1993,/wiki/47th_Tony_Awards,False,Joe Mantello,https://en.wikipedia.org/wiki/Joe_Mantello,Louis Ironson,Angels in America: Millennium Approaches,,[50],https://en.wikipedia.org#cite_note-1993_Awards-52,
1993,1993,/wiki/47th_Tony_Awards,False,Zakes Mokae,https://en.wikipedia.org/wiki/Zakes_Mokae,"Rev. Zulu/Mr. X, Itshe",The Song of Jacob Zulu,https://en.wikipedia.org/wiki/The_Song_of_Jacob_Zulu,[50],https://en.wikipedia.org#cite_note-1993_Awards-52,
1993,1993,/wiki/47th_Tony_Awards,True,Stephen Spinella,https://en.wikipedia.org/wiki/Stephen_Spinella,"Prior Walter,et al.",Angels in America: Millennium Approaches,https://en.wikipedia.org/wiki/Angels_in_America:_Millennium_Approaches,[50],https://en.wikipedia.org#cite_note-1993_Awards-52,
1993,1993,/wiki/47th_Tony_Awards,False,Robert Sean Leonard,https://en.wikipedia.org/wiki/Robert_Sean_Leonard,Eugene Marchbanks,Candida,https://en.wikipedia.org/wiki/Candida_(play),[50],https://en.wikipedia.org#cite_note-1993_Awards-52,
1994,1994,/wiki/48th_Tony_Awards,True,Jeffrey Wright,https://en.wikipedia.org/wiki/Jeffrey_Wright,Multiple characters[c],Angels in America: Perestroika,https://en.wikipedia.org/wiki/Angels_in_America:_Perestroika,,,https://en.wikipedia.org#cite_note-54
1994,1994,/wiki/48th_Tony_Awards,False,Larry Bryggman,https://en.wikipedia.org/wiki/Larry_Bryggman,Howard Bevans,Picnic,https://en.wikipedia.org/wiki/Picnic_(play),,,
1994,1994,/wiki/48th_Tony_Awards,False,David Marshall Grant,https://en.wikipedia.org/wiki/David_Marshall_Grant,Joe Pitt/Various Characters,Angels in America: Perestroika,,,,
1994,1994,/wiki/48th_Tony_Awards,False,Gregory Itzin,https://en.wikipedia.org/wiki/Gregory_Itzin,Various Characters,The Kentucky Cycle,https://en.wikipedia.org/wiki/The_Kentucky_Cycle,,,
1995,1995,/wiki/49th_Tony_Awards,False,Anthony Heald,https://en.wikipedia.org/wiki/Anthony_Heald,Perry Sellars,Love! Valour! Compassion!,,[52],https://en.wikipedia.org#cite_note-1995_Awards-55,
1995,1995,/wiki/49th_Tony_Awards,False,Jude Law,https://en.wikipedia.org/wiki/Jude_Law,Michael,Indiscretions,https://en.wikipedia.org/wiki/Les_Parents_terribles,[52],https://en.wikipedia.org#cite_note-1995_Awards-55,
1995,1995,/wiki/49th_Tony_Awards,True,John Glover,https://en.wikipedia.org/wiki/John_Glover_(actor),John and James Jeckyll,Love! Valour! Compassion!,https://en.wikipedia.org/wiki/Love!_Valour!_Compassion!,[52],https://en.wikipedia.org#cite_note-1995_Awards-55,
1995,1995,/wiki/49th_Tony_Awards,False,Stephen Bogardus,https://en.wikipedia.org/wiki/Stephen_Bogardus,Gregory Mitchell,Love! Valour! Compassion!,,[52],https://en.wikipedia.org#cite_note-1995_Awards-55,
1996,1996,/wiki/50th_Tony_Awards,True,Ruben Santiago-Hudson,https://en.wikipedia.org/wiki/Ruben_Santiago-Hudson,Canewell,Seven Guitars,https://en.wikipedia.org/wiki/Seven_Guitars,[53],https://en.wikipedia.org#cite_note-1996_Awards-56,
1996,1996,/wiki/50th_Tony_Awards,False,James Gammon,https://en.wikipedia.org/wiki/James_Gammon,Dodge,Buried Child,https://en.wikipedia.org/wiki/Buried_Child,[53],https://en.wikipedia.org#cite_note-1996_Awards-56,
1996,1996,/wiki/50th_Tony_Awards,False,Roger Robinson,https://en.wikipedia.org/wiki/Roger_Robinson_(actor),Hedley,Seven Guitars,,[53],https://en.wikipedia.org#cite_note-1996_Awards-56,
1996,1996,/wiki/50th_Tony_Awards,False,Reg Rogers,https://en.wikipedia.org/wiki/Reg_Rogers,Ned Seton,Holiday,https://en.wikipedia.org/wiki/Holiday_(play),[53],https://en.wikipedia.org#cite_note-1996_Awards-56,
1997,1997,/wiki/51st_Tony_Awards,False,Biff McGuire,https://en.wikipedia.org/wiki/Biff_McGuire,Pete Davenport,The Young Man From Atlanta,https://en.wikipedia.org/wiki/The_Young_Man_From_Atlanta,[54],https://en.wikipedia.org#cite_note-1997_Awards-57,
1997,1997,/wiki/51st_Tony_Awards,True,Owen Teale,https://en.wikipedia.org/wiki/Owen_Teale,Torvald Helmer,A Doll's House,https://en.wikipedia.org/wiki/A_Doll%27s_House,[54],https://en.wikipedia.org#cite_note-1997_Awards-57,
1997,1997,/wiki/51st_Tony_Awards,False,Terry Beaver,,Adolph,The Last Night of Ballyhoo,https://en.wikipedia.org/wiki/The_Last_Night_of_Ballyhoo,[54],https://en.wikipedia.org#cite_note-1997_Awards-57,
1997,1997,/wiki/51st_Tony_Awards,False,Brian Murray,https://en.wikipedia.org/wiki/Brian_Murray_(actor),Oscar,The Little Foxes,https://en.wikipedia.org/wiki/The_Little_Foxes,[54],https://en.wikipedia.org#cite_note-1997_Awards-57,
1998,1998,/wiki/52nd_Tony_Awards,False,Sam Trammell,https://en.wikipedia.org/wiki/Sam_Trammell,Richard Miller,"Ah, Wilderness!","https://en.wikipedia.org/wiki/Ah,_Wilderness!",[55],https://en.wikipedia.org#cite_note-1998_Awards-58,
1998,1998,/wiki/52nd_Tony_Awards,False,Max Wright,https://en.wikipedia.org/wiki/Max_Wright,Pavel Lebedev,Ivanov,https://en.wikipedia.org/wiki/Ivanov_(play),[55],https://en.wikipedia.org#cite_note-1998_Awards-58,
1998,1998,/wiki/52nd_Tony_Awards,True,Tom Murphy,https://en.wikipedia.org/wiki/Tom_Murphy_(actor),Ray Dooley,The Beauty Queen of Leenane,https://en.wikipedia.org/wiki/The_Beauty_Queen_of_Leenane,[55],https://en.wikipedia.org#cite_note-1998_Awards-58,
1998,1998,/wiki/52nd_Tony_Awards,False,Brían F. O'Byrne,https://en.wikipedia.org/wiki/Br%C3%ADan_F._O%27Byrne,Pato Dooley,The Beauty Queen of Leenane,,[55],https://en.wikipedia.org#cite_note-1998_Awards-58,
1999,1999,/wiki/53rd_Tony_Awards,True,Frank Wood,https://en.wikipedia.org/wiki/Frank_Wood_(actor),Gene,Side Man,https://en.wikipedia.org/wiki/Side_Man,[56],https://en.wikipedia.org#cite_note-1999_Awards-59,
1999,1999,/wiki/53rd_Tony_Awards,False,Kevin Anderson,https://en.wikipedia.org/wiki/Kevin_Anderson_(actor),Biff,Death of a Salesman,https://en.wikipedia.org/wiki/Death_of_a_Salesman,[56],https://en.wikipedia.org#cite_note-1999_Awards-59,
1999,1999,/wiki/53rd_Tony_Awards,False,Finbar Lynch,https://en.wikipedia.org/wiki/Finbar_Lynch,Jim Allison,Not About Nightingales,https://en.wikipedia.org/wiki/Not_About_Nightingales,[56],https://en.wikipedia.org#cite_note-1999_Awards-59,
1999,1999,/wiki/53rd_Tony_Awards,False,Howard Witt,https://en.wikipedia.org/wiki/Howard_Witt,Charley,Death of a Salesman,,[56],https://en.wikipedia.org#cite_note-1999_Awards-59,
2000,2000,/wiki/54th_Tony_Awards,True,Roy Dotrice,https://en.wikipedia.org/wiki/Roy_Dotrice,Phil Hogan,A Moon for the Misbegotten,https://en.wikipedia.org/wiki/A_Moon_for_the_Misbegotten,[57],https://en.wikipedia.org#cite_note-2000_Awards-60,
2000,2000,/wiki/54th_Tony_Awards,False,Kevin Chamberlin,https://en.wikipedia.org/wiki/Kevin_Chamberlin,Various Characters,Dirty Blonde,https://en.wikipedia.org/wiki/Dirty_Blonde_(play),[57],https://en.wikipedia.org#cite_note-2000_Awards-60,
2000,2000,/wiki/54th_Tony_Awards,False,Derek Smith,,Tartaglia,The Green Bird,https://en.wikipedia.org/wiki/The_Green_Bird,[57],https://en.wikipedia.org#cite_note-2000_Awards-60,
2000,2000,/wiki/54th_Tony_Awards,False,Bob Stillman,https://en.wikipedia.org/wiki/Bob_Stillman,Various Characters,Dirty Blonde,,[57],https://en.wikipedia.org#cite_note-2000_Awards-60,
2000,2000,/wiki/54th_Tony_Awards,False,Daniel Davis,https://en.wikipedia.org/wiki/Daniel_Davis,Maurice Montesor,Wrong Mountain,,[57],https://en.wikipedia.org#cite_note-2000_Awards-60,
2001,2001,/wiki/55th_Tony_Awards,True,Robert Sean Leonard,https://en.wikipedia.org/wiki/Robert_Sean_Leonard,"A. E. Housman, from ages 18 to 26",The Invention of Love,https://en.wikipedia.org/wiki/The_Invention_of_Love,[58],https://en.wikipedia.org#cite_note-2001_Awards-61,https://en.wikipedia.org/wiki/A._E._Housman
2001,2001,/wiki/55th_Tony_Awards,False,Charles Brown,https://en.wikipedia.org/wiki/Charles_Brown_(actor),Elmore,King Hedley II,https://en.wikipedia.org/wiki/King_Hedley_II,[58],https://en.wikipedia.org#cite_note-2001_Awards-61,
2001,2001,/wiki/55th_Tony_Awards,False,Larry Bryggman,https://en.wikipedia.org/wiki/Larry_Bryggman,Robert,Proof,https://en.wikipedia.org/wiki/Proof_(play),[58],https://en.wikipedia.org#cite_note-2001_Awards-61,
2001,2001,/wiki/55th_Tony_Awards,False,Michael Hayden,https://en.wikipedia.org/wiki/Michael_Hayden_(actor),Oscar Rolfe,Judgment at Nuremberg,https://en.wikipedia.org/wiki/Judgment_at_Nuremberg,[58],https://en.wikipedia.org#cite_note-2001_Awards-61,
2001,2001,/wiki/55th_Tony_Awards,False,Ben Shenkman,https://en.wikipedia.org/wiki/Ben_Shenkman,Hal,Proof,,[58],https://en.wikipedia.org#cite_note-2001_Awards-61,
2002,2002,/wiki/56th_Tony_Awards,False,Sam Robards,https://en.wikipedia.org/wiki/Sam_Robards,Gustav Eberson,The Man Who Had All the Luck,https://en.wikipedia.org/wiki/The_Man_Who_Had_All_the_Luck,[59],https://en.wikipedia.org#cite_note-2002_Awards-62,
2002,2002,/wiki/56th_Tony_Awards,False,Stephen Tobolowsky,https://en.wikipedia.org/wiki/Stephen_Tobolowsky,Homer Bolton,Morning's at Seven,,[59],https://en.wikipedia.org#cite_note-2002_Awards-62,
2002,2002,/wiki/56th_Tony_Awards,False,William Biff McGuire,https://en.wikipedia.org/wiki/Biff_McGuire,Theodore Swanson,Morning's at Seven,https://en.wikipedia.org/wiki/Morning%27s_at_Seven,[59],https://en.wikipedia.org#cite_note-2002_Awards-62,
2002,2002,/wiki/56th_Tony_Awards,True,Frank Langella,https://en.wikipedia.org/wiki/Frank_Langella,Flegont Alexandrovitch Tropatchov,Fortune's Fool,https://en.wikipedia.org/wiki/Fortune%27s_Fool,[59],https://en.wikipedia.org#cite_note-2002_Awards-62,
2002,2002,/wiki/56th_Tony_Awards,False,Brian Murray,https://en.wikipedia.org/wiki/Brian_Murray_(actor),Deputy-Governor Danforth,The Crucible,https://en.wikipedia.org/wiki/The_Crucible,[59],https://en.wikipedia.org#cite_note-2002_Awards-62,
2003,2003,/wiki/57th_Tony_Awards,True,Denis O'Hare,https://en.wikipedia.org/wiki/Denis_O%27Hare,Mason Marzak,Take Me Out,https://en.wikipedia.org/wiki/Take_Me_Out_(play),[60],https://en.wikipedia.org#cite_note-2003_Awards-63,
2003,2003,/wiki/57th_Tony_Awards,False,Thomas Jefferson Byrd,https://en.wikipedia.org/wiki/Thomas_Jefferson_Byrd,Toledo,Ma Rainey's Black Bottom,https://en.wikipedia.org/wiki/Ma_Rainey%27s_Black_Bottom,[60],https://en.wikipedia.org#cite_note-2003_Awards-63,
2003,2003,/wiki/57th_Tony_Awards,False,Philip Seymour Hoffman,https://en.wikipedia.org/wiki/Philip_Seymour_Hoffman,Jamie,Long Day's Journey into Night,https://en.wikipedia.org/wiki/Long_Day%27s_Journey_into_Night,[60],https://en.wikipedia.org#cite_note-2003_Awards-63,
2003,2003,/wiki/57th_Tony_Awards,False,Robert Sean Leonard,https://en.wikipedia.org/wiki/Robert_Sean_Leonard,Edmund,Long Day's Journey into Night,,[60],https://en.wikipedia.org#cite_note-2003_Awards-63,
2003,2003,/wiki/57th_Tony_Awards,False,Daniel Sunjata,https://en.wikipedia.org/wiki/Daniel_Sunjata,Darren Lemming,Take Me Out,,[60],https://en.wikipedia.org#cite_note-2003_Awards-63,
2004,2004,/wiki/58th_Tony_Awards,False,Omar Metwally,https://en.wikipedia.org/wiki/Omar_Metwally,Mahmoud,Sixteen Wounded,,[61],https://en.wikipedia.org#cite_note-2004_Awards-64,
2004,2004,/wiki/58th_Tony_Awards,False,Aidan Gillen,https://en.wikipedia.org/wiki/Aidan_Gillen,Mick,The Caretaker,https://en.wikipedia.org/wiki/The_Caretaker,[61],https://en.wikipedia.org#cite_note-2004_Awards-64,
2004,2004,/wiki/58th_Tony_Awards,False,Ben Chaplin,https://en.wikipedia.org/wiki/Ben_Chaplin,Jamie,The Retreat from Moscow,https://en.wikipedia.org/wiki/The_Retreat_from_Moscow,[61],https://en.wikipedia.org#cite_note-2004_Awards-64,
2004,2004,/wiki/58th_Tony_Awards,True,Brían F. O'Byrne,https://en.wikipedia.org/wiki/Br%C3%ADan_F._O%27Byrne,Ralph,Frozen,https://en.wikipedia.org/wiki/Frozen_(play),[61],https://en.wikipedia.org#cite_note-2004_Awards-64,
2004,2004,/wiki/58th_Tony_Awards,False,Tom Aldredge,https://en.wikipedia.org/wiki/Tom_Aldredge,Matthew Clark,Twentieth Century,https://en.wikipedia.org/wiki/Twentieth_Century_(play),[61],https://en.wikipedia.org#cite_note-2004_Awards-64,
2005,2005,/wiki/59th_Tony_Awards,True,Liev Schreiber,https://en.wikipedia.org/wiki/Liev_Schreiber,Richard Roma,Glengarry Glen Ross,https://en.wikipedia.org/wiki/Glengarry_Glen_Ross,[62],https://en.wikipedia.org#cite_note-2005_Awards-65,https://en.wikipedia.org/wiki/Richard_Roma
2005,2005,/wiki/59th_Tony_Awards,False,Alan Alda,https://en.wikipedia.org/wiki/Alan_Alda,Shelly Levene,Glengarry Glen Ross,,[62],https://en.wikipedia.org#cite_note-2005_Awards-65,
2005,2005,/wiki/59th_Tony_Awards,False,Gordon Clapp,https://en.wikipedia.org/wiki/Gordon_Clapp,Moss,Glengarry Glen Ross,,[62],https://en.wikipedia.org#cite_note-2005_Awards-65,
2005,2005,/wiki/59th_Tony_Awards,False,David Harbour,https://en.wikipedia.org/wiki/David_Harbour,Nick,Edward Albee's Who's Afraid of Virginia Woolf?,https://en.wikipedia.org/wiki/Who%27s_Afraid_of_Virginia_Woolf%3F,[62],https://en.wikipedia.org#cite_note-2005_Awards-65,
2005,2005,/wiki/59th_Tony_Awards,False,Michael Stuhlbarg,https://en.wikipedia.org/wiki/Michael_Stuhlbarg,Michal,The Pillowman,https://en.wikipedia.org/wiki/The_Pillowman,[62],https://en.wikipedia.org#cite_note-2005_Awards-65,
2006,2006,/wiki/60th_Tony_Awards,False,Pablo Schreiber,https://en.wikipedia.org/wiki/Pablo_Schreiber,Ralph Berger,Awake and Sing!,,[63],https://en.wikipedia.org#cite_note-2006_Awards-66,
2006,2006,/wiki/60th_Tony_Awards,False,Mark Ruffalo,https://en.wikipedia.org/wiki/Mark_Ruffalo,Moe Axelrod,Awake and Sing!,https://en.wikipedia.org/wiki/Awake_and_Sing!,[63],https://en.wikipedia.org#cite_note-2006_Awards-66,
2006,2006,/wiki/60th_Tony_Awards,False,Domhnall Gleeson,https://en.wikipedia.org/wiki/Domhnall_Gleeson,Davey,The Lieutenant of Inishmore,https://en.wikipedia.org/wiki/The_Lieutenant_of_Inishmore,[63],https://en.wikipedia.org#cite_note-2006_Awards-66,
2006,2006,/wiki/60th_Tony_Awards,False,Samuel Barnett,https://en.wikipedia.org/wiki/Samuel_Barnett_(actor),Posner,The History Boys,https://en.wikipedia.org/wiki/The_History_Boys,[63],https://en.wikipedia.org#cite_note-2006_Awards-66,
2006,2006,/wiki/60th_Tony_Awards,True,Ian McDiarmid,https://en.wikipedia.org/wiki/Ian_McDiarmid,Teddy,Faith Healer,https://en.wikipedia.org/wiki/Faith_Healer,[63],https://en.wikipedia.org#cite_note-2006_Awards-66,
2007,2007,/wiki/61st_Tony_Awards,True,Billy Crudup,https://en.wikipedia.org/wiki/Billy_Crudup,Vissarion Belinsky,The Coast of Utopia,https://en.wikipedia.org/wiki/The_Coast_of_Utopia,[64],https://en.wikipedia.org#cite_note-2007_Awards-67,https://en.wikipedia.org/wiki/Vissarion_Belinsky
2007,2007,/wiki/61st_Tony_Awards,False,Anthony Chisholm,https://en.wikipedia.org/wiki/Anthony_Chisholm_(actor),Elder Joseph Barlow,Radio Golf,https://en.wikipedia.org/wiki/Radio_Golf,[64],https://en.wikipedia.org#cite_note-2007_Awards-67,
2007,2007,/wiki/61st_Tony_Awards,False,Ethan Hawke,https://en.wikipedia.org/wiki/Ethan_Hawke,Michael Bakunin,The Coast of Utopia,,[64],https://en.wikipedia.org#cite_note-2007_Awards-67,https://en.wikipedia.org/wiki/Mikhail_Bakunin
2007,2007,/wiki/61st_Tony_Awards,False,John Earl Jelks,https://en.wikipedia.org/wiki/John_Earl_Jelks,Sterling Johnson,Radio Golf,,[64],https://en.wikipedia.org#cite_note-2007_Awards-67,
2007,2007,/wiki/61st_Tony_Awards,False,Stark Sands,https://en.wikipedia.org/wiki/Stark_Sands,Lieut. Raleigh,Journey's End,https://en.wikipedia.org/wiki/Journey%27s_End,[64],https://en.wikipedia.org#cite_note-2007_Awards-67,
2008,2008,/wiki/62nd_Tony_Awards,True,Jim Norton,https://en.wikipedia.org/wiki/Jim_Norton_(Irish_actor),Richard Harkin,The Seafarer,https://en.wikipedia.org/wiki/The_Seafarer_(play),[65],https://en.wikipedia.org#cite_note-2008_Awards-68,
2008,2008,/wiki/62nd_Tony_Awards,False,Bobby Cannavale,https://en.wikipedia.org/wiki/Bobby_Cannavale,Dennis,Mauritius,https://en.wikipedia.org/wiki/Mauritius_(play),[65],https://en.wikipedia.org#cite_note-2008_Awards-68,
2008,2008,/wiki/62nd_Tony_Awards,False,Raúl Esparza,https://en.wikipedia.org/wiki/Ra%C3%BAl_Esparza,Lenny,The Homecoming,https://en.wikipedia.org/wiki/The_Homecoming,[65],https://en.wikipedia.org#cite_note-2008_Awards-68,
2008,2008,/wiki/62nd_Tony_Awards,False,Conleth Hill,https://en.wikipedia.org/wiki/Conleth_Hill,Ivan Curry,The Seafarer,,[65],https://en.wikipedia.org#cite_note-2008_Awards-68,
2008,2008,/wiki/62nd_Tony_Awards,False,David Pittu,https://en.wikipedia.org/wiki/David_Pittu,Various Characters,Is He Dead?,https://en.wikipedia.org/wiki/Is_He_Dead%3F,[65],https://en.wikipedia.org#cite_note-2008_Awards-68,
2009,2009,/wiki/63rd_Tony_Awards,False,Stephen Mangan,https://en.wikipedia.org/wiki/Stephen_Mangan,Norman,The Norman Conquests,https://en.wikipedia.org/wiki/The_Norman_Conquests,[66],https://en.wikipedia.org#cite_note-2009_Awards-69,
2009,2009,/wiki/63rd_Tony_Awards,False,Zach Grenier,https://en.wikipedia.org/wiki/Zach_Grenier,Beethoven,33 Variations,https://en.wikipedia.org/wiki/33_Variations,[66],https://en.wikipedia.org#cite_note-2009_Awards-69,https://en.wikipedia.org/wiki/Beethoven
2009,2009,/wiki/63rd_Tony_Awards,False,Paul Ritter,https://en.wikipedia.org/wiki/Paul_Ritter_(actor),Reg,The Norman Conquests,,[66],https://en.wikipedia.org#cite_note-2009_Awards-69,
2009,2009,/wiki/63rd_Tony_Awards,True,Roger Robinson,https://en.wikipedia.org/wiki/Roger_Robinson_(actor),Bynum Walker,Joe Turner's Come and Gone,https://en.wikipedia.org/wiki/Joe_Turner%27s_Come_and_Gone,[66],https://en.wikipedia.org#cite_note-2009_Awards-69,
2009,2009,/wiki/63rd_Tony_Awards,False,John Glover,https://en.wikipedia.org/wiki/John_Glover_(actor),Lucky,Waiting for Godot,https://en.wikipedia.org/wiki/Waiting_for_Godot,[66],https://en.wikipedia.org#cite_note-2009_Awards-69,
2010,2010,/wiki/64th_Tony_Awards,True,Eddie Redmayne,https://en.wikipedia.org/wiki/Eddie_Redmayne,Ken,Red,https://en.wikipedia.org/wiki/Red_(play),[67],https://en.wikipedia.org#cite_note-2010_Awards-70,
2010,2010,/wiki/64th_Tony_Awards,False,David Alan Grier,https://en.wikipedia.org/wiki/David_Alan_Grier,Henry Brown,Race,https://en.wikipedia.org/wiki/Race_(play),[67],https://en.wikipedia.org#cite_note-2010_Awards-70,
2010,2010,/wiki/64th_Tony_Awards,False,Stephen Henderson,https://en.wikipedia.org/wiki/Stephen_Henderson_(actor),Jim Bono,Fences,https://en.wikipedia.org/wiki/Fences_(play),[67],https://en.wikipedia.org#cite_note-2010_Awards-70,
2010,2010,/wiki/64th_Tony_Awards,False,Jon Michael Hill,https://en.wikipedia.org/wiki/Jon_Michael_Hill,Franco,Superior Donuts,https://en.wikipedia.org/wiki/Superior_Donuts,[67],https://en.wikipedia.org#cite_note-2010_Awards-70,
2010,2010,/wiki/64th_Tony_Awards,False,Stephen Kunken,https://en.wikipedia.org/wiki/Stephen_Kunken,Andy Fastow,ENRON,https://en.wikipedia.org/wiki/ENRON_(play),[67],https://en.wikipedia.org#cite_note-2010_Awards-70,https://en.wikipedia.org/wiki/Andy_Fastow
2011,2011,/wiki/65th_Tony_Awards,False,Yul Vázquez,https://en.wikipedia.org/wiki/Yul_V%C3%A1zquez,Cousin Julio,The Motherfucker With the Hat,https://en.wikipedia.org/wiki/The_Motherfucker_With_the_Hat,[68],https://en.wikipedia.org#cite_note-2011_Awards-71,
2011,2011,/wiki/65th_Tony_Awards,False,Arian Moayed,https://en.wikipedia.org/wiki/Arian_Moayed,Musa,Bengal Tiger at the Baghdad Zoo,https://en.wikipedia.org/wiki/Bengal_Tiger_at_the_Baghdad_Zoo,[68],https://en.wikipedia.org#cite_note-2011_Awards-71,
2011,2011,/wiki/65th_Tony_Awards,False,Billy Crudup,https://en.wikipedia.org/wiki/Billy_Crudup,Bernard Nightingale,Arcadia,https://en.wikipedia.org/wiki/Arcadia_(play),[68],https://en.wikipedia.org#cite_note-2011_Awards-71,
2011,2011,/wiki/65th_Tony_Awards,True,John Benjamin Hickey,https://en.wikipedia.org/wiki/John_Benjamin_Hickey,Felix Turner,The Normal Heart,https://en.wikipedia.org/wiki/The_Normal_Heart,[68],https://en.wikipedia.org#cite_note-2011_Awards-71,
2011,2011,/wiki/65th_Tony_Awards,False,Mackenzie Crook,https://en.wikipedia.org/wiki/Mackenzie_Crook,Ginger,Jerusalem,https://en.wikipedia.org/wiki/Jerusalem_(play),[68],https://en.wikipedia.org#cite_note-2011_Awards-71,
2012,2012,/wiki/66th_Tony_Awards,True,Christian Borle,https://en.wikipedia.org/wiki/Christian_Borle,Black Stache,Peter and the Starcatcher,https://en.wikipedia.org/wiki/Peter_and_the_Starcatcher_(play),[69],https://en.wikipedia.org#cite_note-2012_Awards-72,https://en.wikipedia.org/wiki/Captain_Hook
2012,2012,/wiki/66th_Tony_Awards,False,Michael Cumpsty,https://en.wikipedia.org/wiki/Michael_Cumpsty,Anthony,End of the Rainbow,https://en.wikipedia.org/wiki/End_of_the_Rainbow,[69],https://en.wikipedia.org#cite_note-2012_Awards-72,
2012,2012,/wiki/66th_Tony_Awards,False,Tom Edden,,Alfie,"One Man, Two Guvnors","https://en.wikipedia.org/wiki/One_Man,_Two_Guvnors",[69],https://en.wikipedia.org#cite_note-2012_Awards-72,
2012,2012,/wiki/66th_Tony_Awards,False,Andrew Garfield,https://en.wikipedia.org/wiki/Andrew_Garfield,Biff Loman,Arthur Miller’sDeath of a Salesman,https://en.wikipedia.org/wiki/Arthur_Miller,[69],https://en.wikipedia.org#cite_note-2012_Awards-72,
2012,2012,/wiki/66th_Tony_Awards,False,Jeremy Shamos,https://en.wikipedia.org/wiki/Jeremy_Shamos,Karl/Steve,Clybourne Park,https://en.wikipedia.org/wiki/Clybourne_Park,[69],https://en.wikipedia.org#cite_note-2012_Awards-72,
2013,2013,/wiki/67th_Tony_Awards,False,Billy Magnussen,https://en.wikipedia.org/wiki/Billy_Magnussen,Spike,Vanya and Sonia and Masha and Spike,https://en.wikipedia.org/wiki/Vanya_and_Sonia_and_Masha_and_Spike,[70],https://en.wikipedia.org#cite_note-2013_Awards-73,
2013,2013,/wiki/67th_Tony_Awards,False,Richard Kind,https://en.wikipedia.org/wiki/Richard_Kind,Marcus Hoff,The Big Knife,https://en.wikipedia.org/wiki/The_Big_Knife,[70],https://en.wikipedia.org#cite_note-2013_Awards-73,
2013,2013,/wiki/67th_Tony_Awards,False,Tony Shalhoub,https://en.wikipedia.org/wiki/Tony_Shalhoub,Mr. Bonaparte,Golden Boy,https://en.wikipedia.org/wiki/Golden_Boy_(play),[70],https://en.wikipedia.org#cite_note-2013_Awards-73,
2013,2013,/wiki/67th_Tony_Awards,True,Courtney B. Vance,https://en.wikipedia.org/wiki/Courtney_B._Vance,Hap Hairston,Lucky Guy,https://en.wikipedia.org/wiki/Lucky_Guy_(play),[70],https://en.wikipedia.org#cite_note-2013_Awards-73,
2013,2013,/wiki/67th_Tony_Awards,False,Danny Burstein,https://en.wikipedia.org/wiki/Danny_Burstein,Tokio,Golden Boy,https://en.wikipedia.org/wiki/Golden_Boy_(play),[70],https://en.wikipedia.org#cite_note-2013_Awards-73,
2014,2014,/wiki/68th_Tony_Awards,True,Mark Rylance,https://en.wikipedia.org/wiki/Mark_Rylance,Countess Olivia,Twelfth Night,https://en.wikipedia.org/wiki/Twelfth_Night,[71],https://en.wikipedia.org#cite_note-2014_Awards-74,https://en.wikipedia.org/wiki/Olivia_(Twelfth_Night)
2014,2014,/wiki/68th_Tony_Awards,False,Reed Birney,https://en.wikipedia.org/wiki/Reed_Birney,Charlotte,Casa Valentina,https://en.wikipedia.org/wiki/Casa_Valentina,[71],https://en.wikipedia.org#cite_note-2014_Awards-74,
2014,2014,/wiki/68th_Tony_Awards,False,Paul Chahidi,https://en.wikipedia.org/wiki/Paul_Chahidi,Maria,Twelfth Night,https://en.wikipedia.org/wiki/Twelfth_Night,[71],https://en.wikipedia.org#cite_note-2014_Awards-74,https://en.wikipedia.org/wiki/Maria_(Twelfth_Night)
2014,2014,/wiki/68th_Tony_Awards,False,Stephen Fry,https://en.wikipedia.org/wiki/Stephen_Fry,Malvolio,Twelfth Night,https://en.wikipedia.org/wiki/Twelfth_Night,[71],https://en.wikipedia.org#cite_note-2014_Awards-74,https://en.wikipedia.org/wiki/Malvolio
2014,2014,/wiki/68th_Tony_Awards,False,Brian J. Smith,https://en.wikipedia.org/wiki/Brian_J._Smith,Jim O'Connor,The Glass Menagerie,https://en.wikipedia.org/wiki/The_Glass_Menagerie,[71],https://en.wikipedia.org#cite_note-2014_Awards-74,
2015,2015,/wiki/69th_Tony_Awards,False,Micah Stock,https://en.wikipedia.org/wiki/Micah_Stock,Gus P. Head,It's Only a Play,https://en.wikipedia.org/wiki/It%27s_Only_a_Play,[72],https://en.wikipedia.org#cite_note-75,
2015,2015,/wiki/69th_Tony_Awards,False,Nathaniel Parker,https://en.wikipedia.org/wiki/Nathaniel_Parker,Henry VIII,Wolf Hall Parts One & Two,https://en.wikipedia.org/wiki/Wolf_Hall#Adaptations,[72],https://en.wikipedia.org#cite_note-75,https://en.wikipedia.org/wiki/Henry_VIII
2015,2015,/wiki/69th_Tony_Awards,False,Alessandro Nivola,https://en.wikipedia.org/wiki/Alessandro_Nivola,Frederick Treves,The Elephant Man,https://en.wikipedia.org/wiki/The_Elephant_Man_(play),[72],https://en.wikipedia.org#cite_note-75,"https://en.wikipedia.org/wiki/Sir_Frederick_Treves,_1st_Baronet"
2015,2015,/wiki/69th_Tony_Awards,False,K. Todd Freeman,https://en.wikipedia.org/wiki/K._Todd_Freeman,Sissy Na Na,Airline Highway,https://en.wikipedia.org/wiki/Airline_Highway_(play),[72],https://en.wikipedia.org#cite_note-75,
2015,2015,/wiki/69th_Tony_Awards,True,Richard McCabe,https://en.wikipedia.org/wiki/Richard_McCabe,Harold Wilson,The Audience,https://en.wikipedia.org/wiki/The_Audience_(2013_play),[72],https://en.wikipedia.org#cite_note-75,https://en.wikipedia.org/wiki/Harold_Wilson
2015,2015,/wiki/69th_Tony_Awards,False,Matthew Beard,https://en.wikipedia.org/wiki/Matthew_Beard_(British_actor),Edward Sergeant,Skylight,https://en.wikipedia.org/wiki/Skylight_(play),[72],https://en.wikipedia.org#cite_note-75,
2016,2016,/wiki/70th_Tony_Awards,True,Reed Birney,https://en.wikipedia.org/wiki/Reed_Birney,Erik Blake,The Humans,https://en.wikipedia.org/wiki/The_Humans_(play),[73],https://en.wikipedia.org#cite_note-76,
2016,2016,/wiki/70th_Tony_Awards,False,Bill Camp,https://en.wikipedia.org/wiki/Bill_Camp,Reverend John Hale,The Crucible,https://en.wikipedia.org/wiki/The_Crucible,[73],https://en.wikipedia.org#cite_note-76,
2016,2016,/wiki/70th_Tony_Awards,False,David Furr,https://en.wikipedia.org/wiki/David_Furr,Gary Lejeune,Noises Off,https://en.wikipedia.org/wiki/Noises_Off,[73],https://en.wikipedia.org#cite_note-76,
2016,2016,/wiki/70th_Tony_Awards,False,Richard Goulding,https://en.wikipedia.org/wiki/Richard_Goulding,Prince Harry,King Charles III,https://en.wikipedia.org/wiki/King_Charles_III_(play),[73],https://en.wikipedia.org#cite_note-76,"https://en.wikipedia.org/wiki/Prince_Harry,_Duke_of_Sussex"
2016,2016,/wiki/70th_Tony_Awards,False,Michael Shannon,https://en.wikipedia.org/wiki/Michael_Shannon,"James Tyrone, Jr.",Long Day's Journey into Night,https://en.wikipedia.org/wiki/Long_Day%27s_Journey_into_Night,[73],https://en.wikipedia.org#cite_note-76,
2017,2017,/wiki/71st_Tony_Awards,False,John Douglas Thompson,https://en.wikipedia.org/wiki/John_Douglas_Thompson,Jim Becker,Jitney,https://en.wikipedia.org/wiki/Jitney_(play),[74],https://en.wikipedia.org#cite_note-77,
2017,2017,/wiki/71st_Tony_Awards,False,Richard Thomas,https://en.wikipedia.org/wiki/Richard_Thomas_(actor),Horace Giddens,The Little Foxes,https://en.wikipedia.org/wiki/The_Little_Foxes,[74],https://en.wikipedia.org#cite_note-77,
2017,2017,/wiki/71st_Tony_Awards,True,Michael Aronov,https://en.wikipedia.org/wiki/Michael_Aronov,Uri Savir,Oslo,https://en.wikipedia.org/wiki/Oslo_(play),[74],https://en.wikipedia.org#cite_note-77,https://en.wikipedia.org/wiki/Uri_Savir
2017,2017,/wiki/71st_Tony_Awards,False,Danny DeVito,https://en.wikipedia.org/wiki/Danny_DeVito,Gregory Solomon,The Price,https://en.wikipedia.org/wiki/The_Price_(play),[74],https://en.wikipedia.org#cite_note-77,
2017,2017,/wiki/71st_Tony_Awards,False,Nathan Lane,https://en.wikipedia.org/wiki/Nathan_Lane,Walter Burns,The Front Page,https://en.wikipedia.org/wiki/The_Front_Page,[74],https://en.wikipedia.org#cite_note-77,
2018,2018,/wiki/72nd_Tony_Awards,True,Nathan Lane,https://en.wikipedia.org/wiki/Nathan_Lane,"Roy Cohn,et al.",Angels in America,https://en.wikipedia.org/wiki/Angels_in_America,[75],https://en.wikipedia.org#cite_note-78,https://en.wikipedia.org/wiki/Roy_Cohn
2018,2018,/wiki/72nd_Tony_Awards,False,Anthony Boyle,https://en.wikipedia.org/wiki/Anthony_Boyle,Scorpius Malfoy,Harry Potter and the Cursed Child,https://en.wikipedia.org/wiki/Harry_Potter_and_the_Cursed_Child,[75],https://en.wikipedia.org#cite_note-78,
2018,2018,/wiki/72nd_Tony_Awards,False,Michael Cera,https://en.wikipedia.org/wiki/Michael_Cera,Jeff,Lobby Hero,https://en.wikipedia.org/wiki/Lobby_Hero,[75],https://en.wikipedia.org#cite_note-78,
2018,2018,/wiki/72nd_Tony_Awards,False,Brian Tyree Henry,https://en.wikipedia.org/wiki/Brian_Tyree_Henry,William,Lobby Hero,https://en.wikipedia.org/wiki/Lobby_Hero,[75],https://en.wikipedia.org#cite_note-78,
2018,2018,/wiki/72nd_Tony_Awards,False,David Morse,https://en.wikipedia.org/wiki/David_Morse,Larry Slade,The Iceman Cometh,https://en.wikipedia.org/wiki/The_Iceman_Cometh,[75],https://en.wikipedia.org#cite_note-78,
2019,2019,/wiki/73rd_Tony_Awards,False,Benjamin Walker,https://en.wikipedia.org/wiki/Benjamin_Walker_(actor),Chris Keller,All My Sons,https://en.wikipedia.org/wiki/All_My_Sons,[6],https://en.wikipedia.org#cite_note-bertie-6,
2019,2019,/wiki/73rd_Tony_Awards,False,Brandon Uranowitz,https://en.wikipedia.org/wiki/Brandon_Uranowitz,Larry,Burn This,https://en.wikipedia.org/wiki/Burn_This,[6],https://en.wikipedia.org#cite_note-bertie-6,
2019,2019,/wiki/73rd_Tony_Awards,False,Robin de Jesús,https://en.wikipedia.org/wiki/Robin_de_Jes%C3%BAs,Emory,The Boys in the Band,https://en.wikipedia.org/wiki/The_Boys_in_the_Band_(play),[6],https://en.wikipedia.org#cite_note-bertie-6,
2019,2019,/wiki/73rd_Tony_Awards,True,Bertie Carvel,https://en.wikipedia.org/wiki/Bertie_Carvel,Rupert Murdoch,Ink,https://en.wikipedia.org/wiki/Ink_(play),[6],https://en.wikipedia.org#cite_note-bertie-6,https://en.wikipedia.org/wiki/Rupert_Murdoch
2019,2019,/wiki/73rd_Tony_Awards,False,Gideon Glick,https://en.wikipedia.org/wiki/Gideon_Glick,Dill Harris,To Kill a Mockingbird,https://en.wikipedia.org/wiki/To_Kill_a_Mockingbird_(2018_play),[6],https://en.wikipedia.org#cite_note-bertie-6,
2020,2020,/wiki/74th_Tony_Awards,False,John Benjamin Hickey,https://en.wikipedia.org/wiki/John_Benjamin_Hickey,Henry Wilcox,The Inheritance,https://en.wikipedia.org/wiki/The_Inheritance_(play),,,
2020,2020,/wiki/74th_Tony_Awards,False,Ato Blankson-Wood,,Gary,Slave Play,https://en.wikipedia.org/wiki/Slave_Play,,,
2020,2020,/wiki/74th_Tony_Awards,False,James Cusati-Moyer,,Dustin,Slave Play,,,,
2020,2020,/wiki/74th_Tony_Awards,False,David Alan Grier,https://en.wikipedia.org/wiki/David_Alan_Grier,Sergeant Vernon C. Waters,A Soldier's Play,https://en.wikipedia.org/wiki/A_Soldier%27s_Play,,,
2020,2020,/wiki/74th_Tony_Awards,False,Paul Hilton,https://en.wikipedia.org/wiki/Paul_Hilton_(British_actor),Walter Poole/Morgan,The Inheritance,,,,
