year,season,season_link,winner,actress,actress_link,musical,musical_link,character,character_link
1950,4th Tony Awards,/wiki/4th_Tony_Awards,True,Juanita Hall,https://en.wikipedia.org/wiki/Juanita_Hall,South Pacific,https://en.wikipedia.org/wiki/South_Pacific_(musical),Bloody Mary,https://en.wikipedia.org/wiki/Bloody_Mary_(South_Pacific)
1951,5th Tony Awards,/wiki/5th_Tony_Awards,True,Isabel Bigley,https://en.wikipedia.org/wiki/Isabel_Bigley,Guys and Dolls,https://en.wikipedia.org/wiki/Guys_and_Dolls,Sarah Brown,
1952,6th Tony Awards,/wiki/6th_Tony_Awards,True,Helen Gallagher,https://en.wikipedia.org/wiki/Helen_Gallagher,Pal Joey,https://en.wikipedia.org/wiki/Pal_Joey_(musical),Gladys Bumps,
1953,7th Tony Awards,/wiki/7th_Tony_Awards,True,Sheila Bond,https://en.wikipedia.org/wiki/Sheila_Bond,Wish You Were Here,https://en.wikipedia.org/wiki/Wish_You_Were_Here_(musical),Fay Fromkin,
1954,8th Tony Awards,/wiki/8th_Tony_Awards,True,Gwen Verdon,https://en.wikipedia.org/wiki/Gwen_Verdon,Can-Can,https://en.wikipedia.org/wiki/Can-Can_(musical),Claudine,
1955,9th Tony Awards,/wiki/9th_Tony_Awards,True,Carol Haney,https://en.wikipedia.org/wiki/Carol_Haney,The Pajama Game,https://en.wikipedia.org/wiki/The_Pajama_Game,Gladys Hotchkiss,
1956,10th Tony Awards,/wiki/10th_Tony_Awards,True,Lotte Lenya,https://en.wikipedia.org/wiki/Lotte_Lenya,The Threepenny Opera,https://en.wikipedia.org/wiki/The_Threepenny_Opera,Jenny,
1956,10th Tony Awards,/wiki/10th_Tony_Awards,False,Rae Allen,https://en.wikipedia.org/wiki/Rae_Allen,Damn Yankees,https://en.wikipedia.org/wiki/Damn_Yankees,Gloria Thorpe,
1956,10th Tony Awards,/wiki/10th_Tony_Awards,False,Pat Carroll,https://en.wikipedia.org/wiki/Pat_Carroll_(actress),Catch a Star,,Various Characters,
1956,10th Tony Awards,/wiki/10th_Tony_Awards,False,Judy Tyler,https://en.wikipedia.org/wiki/Judy_Tyler,Pipe Dream,https://en.wikipedia.org/wiki/Pipe_Dream_(musical),Suzy,
1957,11th Tony Awards,/wiki/11th_Tony_Awards,True,Edie Adams,https://en.wikipedia.org/wiki/Edie_Adams,Lil' Abner,https://en.wikipedia.org/wiki/Li%27l_Abner_(musical),Daisy Mae,
1957,11th Tony Awards,/wiki/11th_Tony_Awards,False,Virginia Gibson,https://en.wikipedia.org/wiki/Virginia_Gibson,Happy Hunting,https://en.wikipedia.org/wiki/Happy_Hunting,Beth Livingstone,
1957,11th Tony Awards,/wiki/11th_Tony_Awards,False,Irra Petina,https://en.wikipedia.org/wiki/Irra_Petina,Candide,https://en.wikipedia.org/wiki/Candide_(operetta),The Old Lady,
1957,11th Tony Awards,/wiki/11th_Tony_Awards,False,Jo Sullivan Loesser,https://en.wikipedia.org/wiki/Jo_Sullivan_Loesser,The Most Happy Fella,https://en.wikipedia.org/wiki/The_Most_Happy_Fella,Rosabella,
1958,12th Tony Awards,/wiki/12th_Tony_Awards,False,Jackie McKeever,https://en.wikipedia.org/wiki/Jackie_McKeever,"Oh, Captain!",,Mrs. Maud St.James,
1958,12th Tony Awards,/wiki/12th_Tony_Awards,False,Carol Lawrence,https://en.wikipedia.org/wiki/Carol_Lawrence,West Side Story,https://en.wikipedia.org/wiki/West_Side_Story,Maria,
1958,12th Tony Awards,/wiki/12th_Tony_Awards,False,Josephine Premice,https://en.wikipedia.org/wiki/Josephine_Premice,Jamaica,https://en.wikipedia.org/wiki/Jamaica_(musical),Ginger,
1958,12th Tony Awards,/wiki/12th_Tony_Awards,True,Barbara Cook,https://en.wikipedia.org/wiki/Barbara_Cook,The Music Man,https://en.wikipedia.org/wiki/The_Music_Man,Marian Paroo,
1958,12th Tony Awards,/wiki/12th_Tony_Awards,False,Susan Johnson,https://en.wikipedia.org/wiki/Susan_Johnson_(actor),"Oh, Captain!","https://en.wikipedia.org/wiki/Oh,_Captain!",Mae,
1959,13th Tony Awards,/wiki/13th_Tony_Awards,True,Pat Stanley,https://en.wikipedia.org/wiki/Pat_Stanley,Goldilocks,https://en.wikipedia.org/wiki/Goldilocks_(musical),Lois Lee,
1959,13th Tony Awards,/wiki/13th_Tony_Awards,False,Julienne Marie,https://en.wikipedia.org/wiki/Julienne_Marie,Whoop-Up,https://en.wikipedia.org/wiki/Whoop-Up,Mary Champlain,
1960,14th Tony Awards,/wiki/14th_Tony_Awards,True,Patricia Neway,https://en.wikipedia.org/wiki/Patricia_Neway,The Sound of Music,https://en.wikipedia.org/wiki/The_Sound_of_Music,Mother Abbess,"https://en.wikipedia.org/wiki/Virgilia,_Mother_Abbess"
1960,14th Tony Awards,/wiki/14th_Tony_Awards,False,Sandra Church,https://en.wikipedia.org/wiki/Sandra_Church,Gypsy,https://en.wikipedia.org/wiki/Gypsy_(musical),Louise,https://en.wikipedia.org/wiki/Gypsy_Rose_Lee
1960,14th Tony Awards,/wiki/14th_Tony_Awards,False,Pert Kelton,https://en.wikipedia.org/wiki/Pert_Kelton,Greenwillow,https://en.wikipedia.org/wiki/Greenwillow,Gramma Briggs,
1960,14th Tony Awards,/wiki/14th_Tony_Awards,False,"Lauri Petersand Kathy Dunn, Evanna Lien, Mary Susan Locke, Marilyn Robers, William Snowden and Joseph Stewart",https://en.wikipedia.org/wiki/Lauri_Peters,The Sound of Music,,Liesl von Trappand the other six von Trapp children,https://en.wikipedia.org/wiki/Agathe_von_Trapp
1961,15th Tony Awards,/wiki/15th_Tony_Awards,False,Nancy Dussault,https://en.wikipedia.org/wiki/Nancy_Dussault,Do Re Mi,https://en.wikipedia.org/wiki/Do_Re_Mi_(musical),Tilda Mullen,
1961,15th Tony Awards,/wiki/15th_Tony_Awards,False,Chita Rivera,https://en.wikipedia.org/wiki/Chita_Rivera,Bye Bye Birdie,https://en.wikipedia.org/wiki/Bye_Bye_Birdie_(musical),Rosie Alvarez,
1961,15th Tony Awards,/wiki/15th_Tony_Awards,True,Tammy Grimes,https://en.wikipedia.org/wiki/Tammy_Grimes,The Unsinkable Molly Brown,https://en.wikipedia.org/wiki/The_Unsinkable_Molly_Brown_(musical),Molly Tobin,https://en.wikipedia.org/wiki/Margaret_Brown
1962,16th Tony Awards,/wiki/16th_Tony_Awards,True,Phyllis Newman,https://en.wikipedia.org/wiki/Phyllis_Newman,Subways Are for Sleeping,https://en.wikipedia.org/wiki/Subways_Are_for_Sleeping,Martha Vail,
1962,16th Tony Awards,/wiki/16th_Tony_Awards,False,Elizabeth Allen,https://en.wikipedia.org/wiki/Elizabeth_Allen_(actress),The Gay Life,https://en.wikipedia.org/wiki/The_Gay_Life,Magda,
1962,16th Tony Awards,/wiki/16th_Tony_Awards,False,Barbara Harris,https://en.wikipedia.org/wiki/Barbara_Harris_(actress),From the Second City,,Various Characters,
1962,16th Tony Awards,/wiki/16th_Tony_Awards,False,Barbra Streisand,https://en.wikipedia.org/wiki/Barbra_Streisand,I Can Get It for You Wholesale,https://en.wikipedia.org/wiki/I_Can_Get_It_for_You_Wholesale,Miss Marmelstein,
1963,17th Tony Awards,/wiki/17th_Tony_Awards,True,Anna Quayle,https://en.wikipedia.org/wiki/Anna_Quayle,Stop the World – I Want to Get Off,https://en.wikipedia.org/wiki/Stop_the_World_%E2%80%93_I_Want_to_Get_Off,Evie / Anya / Ilse / Ginnie,
1963,17th Tony Awards,/wiki/17th_Tony_Awards,False,Ruth Kobart,https://en.wikipedia.org/wiki/Ruth_Kobart,A Funny Thing Happened on the Way to the Forum,https://en.wikipedia.org/wiki/A_Funny_Thing_Happened_on_the_Way_to_the_Forum,Domina,
1963,17th Tony Awards,/wiki/17th_Tony_Awards,False,Virginia Martin,https://en.wikipedia.org/wiki/Virginia_Martin,Little Me,https://en.wikipedia.org/wiki/Little_Me_(musical),Young Belle Poitrine,
1963,17th Tony Awards,/wiki/17th_Tony_Awards,False,Louise Troy,https://en.wikipedia.org/wiki/Louise_Troy,Tovarich,https://en.wikipedia.org/wiki/Tovarich_(musical),Natalia Mayovskaya,
1964,18th Tony Awards,/wiki/18th_Tony_Awards,False,Louise Troy,https://en.wikipedia.org/wiki/Louise_Troy,High Spirits,https://en.wikipedia.org/wiki/High_Spirits_(musical),Ruth Condomine,
1964,18th Tony Awards,/wiki/18th_Tony_Awards,False,Kay Medford,https://en.wikipedia.org/wiki/Kay_Medford,Funny Girl,https://en.wikipedia.org/wiki/Funny_Girl_(musical),Rose Brice,
1964,18th Tony Awards,/wiki/18th_Tony_Awards,True,Tessie O'Shea,https://en.wikipedia.org/wiki/Tessie_O%27Shea,The Girl Who Came to Supper,https://en.wikipedia.org/wiki/The_Girl_Who_Came_to_Supper,Ada Cockle,
1964,18th Tony Awards,/wiki/18th_Tony_Awards,False,Julienne Marie,https://en.wikipedia.org/wiki/Julienne_Marie,Foxy,https://en.wikipedia.org/wiki/Foxy_(musical),Celia,
1965,19th Tony Awards,/wiki/19th_Tony_Awards,True,Maria Karnilova,https://en.wikipedia.org/wiki/Maria_Karnilova,Fiddler on the Roof,https://en.wikipedia.org/wiki/Fiddler_on_the_Roof,Golde,
1965,19th Tony Awards,/wiki/19th_Tony_Awards,False,Luba Lisa,https://en.wikipedia.org/wiki/Luba_Lisa,I Had a Ball,https://en.wikipedia.org/wiki/I_Had_a_Ball,Addie,
1965,19th Tony Awards,/wiki/19th_Tony_Awards,False,Carrie Nye,https://en.wikipedia.org/wiki/Carrie_Nye,Half a Sixpence,https://en.wikipedia.org/wiki/Half_a_Sixpence,Helen Walsingham,
1965,19th Tony Awards,/wiki/19th_Tony_Awards,False,Barbara Windsor,https://en.wikipedia.org/wiki/Barbara_Windsor,"Oh, What a Lovely War!","https://en.wikipedia.org/wiki/Oh,_What_a_Lovely_War!",Various Characters,
1966,20th Tony Awards,/wiki/20th_Tony_Awards,True,Bea Arthur,https://en.wikipedia.org/wiki/Bea_Arthur,Mame,https://en.wikipedia.org/wiki/Mame_(musical),Vera Charles,
1966,20th Tony Awards,/wiki/20th_Tony_Awards,False,Helen Gallagher,https://en.wikipedia.org/wiki/Helen_Gallagher,Sweet Charity,https://en.wikipedia.org/wiki/Sweet_Charity,Nickie,
1966,20th Tony Awards,/wiki/20th_Tony_Awards,False,Patricia Marand,https://en.wikipedia.org/wiki/Patricia_Marand,It's a Bird...It's a Plane...It's Superman,https://en.wikipedia.org/wiki/It%27s_a_Bird...It%27s_a_Plane...It%27s_Superman,Lois Lane,https://en.wikipedia.org/wiki/Lois_Lane
1966,20th Tony Awards,/wiki/20th_Tony_Awards,False,Charlotte Rae,https://en.wikipedia.org/wiki/Charlotte_Rae,Pickwick,https://en.wikipedia.org/wiki/Pickwick_(musical),Mrs. Bardell,
1967,21st Tony Awards,/wiki/21st_Tony_Awards,True,Peg Murray,https://en.wikipedia.org/wiki/Peg_Murray,Cabaret,https://en.wikipedia.org/wiki/Cabaret_(musical),Fraulein Kost,
1967,21st Tony Awards,/wiki/21st_Tony_Awards,False,Leland Palmer,https://en.wikipedia.org/wiki/Leland_Palmer_(actress),A Joyful Noise,https://en.wikipedia.org/wiki/A_Joyful_Noise,Miss Jimmie,
1967,21st Tony Awards,/wiki/21st_Tony_Awards,False,Josephine Premice,https://en.wikipedia.org/wiki/Josephine_Premice,A Hand Is on the Gate,https://en.wikipedia.org/wiki/A_Hand_Is_on_the_Gate,Various Characters,
1967,21st Tony Awards,/wiki/21st_Tony_Awards,False,Susan Watson,https://en.wikipedia.org/wiki/Susan_Watson,A Joyful Noise,,Jenny Lee,
1968,22nd Tony Awards,/wiki/22nd_Tony_Awards,False,Alice Playten,https://en.wikipedia.org/wiki/Alice_Playten,"Henry, Sweet Henry","https://en.wikipedia.org/wiki/Henry,_Sweet_Henry",Lillian 'Lili' Kafritz,
1968,22nd Tony Awards,/wiki/22nd_Tony_Awards,False,Julie Gregg,https://en.wikipedia.org/wiki/Julie_Gregg,The Happy Time,https://en.wikipedia.org/wiki/The_Happy_Time_(musical),Laurie Mannon,
1968,22nd Tony Awards,/wiki/22nd_Tony_Awards,True,Lillian Hayman,https://en.wikipedia.org/wiki/Lillian_Hayman,"Hallelujah, Baby!","https://en.wikipedia.org/wiki/Hallelujah,_Baby!",Momma,
1968,22nd Tony Awards,/wiki/22nd_Tony_Awards,False,Geula Gill,,The Grand Music Hall of Israel,,Various Characters,
1969,23rd Tony Awards,/wiki/23rd_Tony_Awards,True,Marian Mercer,https://en.wikipedia.org/wiki/Marian_Mercer,"Promises, Promises","https://en.wikipedia.org/wiki/Promises,_Promises_(musical)",Marge MacDougall,
1969,23rd Tony Awards,/wiki/23rd_Tony_Awards,False,Sandy Duncan,https://en.wikipedia.org/wiki/Sandy_Duncan,Canterbury Tales,https://en.wikipedia.org/wiki/Canterbury_Tales_(musical),Molly / Allison / May / The Sweetheart,
1969,23rd Tony Awards,/wiki/23rd_Tony_Awards,False,Lorraine Serabian,,Zorba,https://en.wikipedia.org/wiki/Zorba_(musical),Leader,
1969,23rd Tony Awards,/wiki/23rd_Tony_Awards,False,Virginia Vestoff,https://en.wikipedia.org/wiki/Virginia_Vestoff,1776,https://en.wikipedia.org/wiki/1776_(musical),Abigail Adams,https://en.wikipedia.org/wiki/Abigail_Adams
1970,24th Tony Awards,/wiki/24th_Tony_Awards,False,Penny Fuller,https://en.wikipedia.org/wiki/Penny_Fuller,Applause,https://en.wikipedia.org/wiki/Applause_(musical),Eve Harrington,
1970,24th Tony Awards,/wiki/24th_Tony_Awards,True,Melba Moore,https://en.wikipedia.org/wiki/Melba_Moore,Purlie,https://en.wikipedia.org/wiki/Purlie,Lutiebell Gussie Mae Jenkins,
1970,24th Tony Awards,/wiki/24th_Tony_Awards,False,Bonnie Franklin,https://en.wikipedia.org/wiki/Bonnie_Franklin,Applause,https://en.wikipedia.org/wiki/Applause_(musical),Bonnie the Gypsy,
1970,24th Tony Awards,/wiki/24th_Tony_Awards,False,Melissa Hart,https://en.wikipedia.org/wiki/Melissa_Hart_(actress),Georgy,https://en.wikipedia.org/wiki/Georgy_(musical),Meredith,
1971,25th Tony Awards,/wiki/25th_Tony_Awards,True,Patsy Kelly,https://en.wikipedia.org/wiki/Patsy_Kelly,"No, No, Nanette","https://en.wikipedia.org/wiki/No,_No,_Nanette",Pauline,
1971,25th Tony Awards,/wiki/25th_Tony_Awards,False,Barbara Barrie,https://en.wikipedia.org/wiki/Barbara_Barrie,Company,https://en.wikipedia.org/wiki/Company_(musical),Sarah,
1971,25th Tony Awards,/wiki/25th_Tony_Awards,False,Pamela Myers,https://en.wikipedia.org/wiki/Pamela_Myers,Company,https://en.wikipedia.org/wiki/Company_(musical),Marta,
1972,26th Tony Awards,/wiki/26th_Tony_Awards,False,Adrienne Barbeau,https://en.wikipedia.org/wiki/Adrienne_Barbeau,Grease,https://en.wikipedia.org/wiki/Grease_(musical),Betty Rizzo,
1972,26th Tony Awards,/wiki/26th_Tony_Awards,False,Bernadette Peters,https://en.wikipedia.org/wiki/Bernadette_Peters,On the Town,https://en.wikipedia.org/wiki/On_the_Town_(musical),Hildy Esterhazy,
1972,26th Tony Awards,/wiki/26th_Tony_Awards,True,Linda Hopkins,https://en.wikipedia.org/wiki/Linda_Hopkins,Inner City,,Various Characters,
1972,26th Tony Awards,/wiki/26th_Tony_Awards,False,Beatrice Winde,https://en.wikipedia.org/wiki/Beatrice_Winde,Ain't Supposed to Die a Natural Death,https://en.wikipedia.org/wiki/Ain%27t_Supposed_to_Die_a_Natural_Death,Various Characters,
1973,27th Tony Awards,/wiki/27th_Tony_Awards,False,Irene Ryan,https://en.wikipedia.org/wiki/Irene_Ryan,Pippin,https://en.wikipedia.org/wiki/Pippin_(musical),Berthe,
1973,27th Tony Awards,/wiki/27th_Tony_Awards,False,Patsy Kelly,https://en.wikipedia.org/wiki/Patsy_Kelly,Irene,https://en.wikipedia.org/wiki/Irene_(musical),Mrs. O'Dare,
1973,27th Tony Awards,/wiki/27th_Tony_Awards,True,Patricia Elliott,https://en.wikipedia.org/wiki/Patricia_Elliott,A Little Night Music,https://en.wikipedia.org/wiki/A_Little_Night_Music,Countess Charlotte Malcolm,
1973,27th Tony Awards,/wiki/27th_Tony_Awards,False,Hermione Gingold,https://en.wikipedia.org/wiki/Hermione_Gingold,A Little Night Music,,Madame Armfeldt,
1974,28th Tony Awards,/wiki/28th_Tony_Awards,True,Janie Sell,https://en.wikipedia.org/wiki/Janie_Sell,Over Here!,https://en.wikipedia.org/wiki/Over_Here!,Mitzi,
1974,28th Tony Awards,/wiki/28th_Tony_Awards,False,Leigh Beery,,Cyrano,https://en.wikipedia.org/wiki/Cyrano_(musical),Roxana,
1974,28th Tony Awards,/wiki/28th_Tony_Awards,False,Maureen Brennan,,Candide,https://en.wikipedia.org/wiki/Candide_(operetta),Cunégonde,https://en.wikipedia.org/wiki/Cun%C3%A9gonde
1974,28th Tony Awards,/wiki/28th_Tony_Awards,False,June Gable,https://en.wikipedia.org/wiki/June_Gable,Candide,https://en.wikipedia.org/wiki/Candide_(operetta),The Old Lady,
1974,28th Tony Awards,/wiki/28th_Tony_Awards,False,Ernestine Jackson,https://en.wikipedia.org/wiki/Ernestine_Jackson,Raisin,https://en.wikipedia.org/wiki/Raisin_(musical),Ruth Younger,
1975,29th Tony Awards,/wiki/29th_Tony_Awards,False,Donna Theodore,https://en.wikipedia.org/wiki/Donna_Theodore,Shenandoah,https://en.wikipedia.org/wiki/Shenandoah_(musical),Ann Anderson,
1975,29th Tony Awards,/wiki/29th_Tony_Awards,False,Kelly Garrett,https://en.wikipedia.org/wiki/Kelly_Garrett_(actress),The Night That Made America Famous,https://en.wikipedia.org/wiki/The_Night_That_Made_America_Famous,Various Characters,
1975,29th Tony Awards,/wiki/29th_Tony_Awards,False,Taina Elg,https://en.wikipedia.org/wiki/Taina_Elg,Where's Charley?,https://en.wikipedia.org/wiki/Where%27s_Charley%3F,Donna Lucia D'Alvadorez,
1975,29th Tony Awards,/wiki/29th_Tony_Awards,False,Zan Charisse,,Gypsy,https://en.wikipedia.org/wiki/Gypsy_(musical),Louise,https://en.wikipedia.org/wiki/Gypsy_Rose_Lee
1975,29th Tony Awards,/wiki/29th_Tony_Awards,False,Susan Browning,https://en.wikipedia.org/wiki/Susan_Browning,Goodtime Charley,https://en.wikipedia.org/wiki/Goodtime_Charley,Agnès Sorel,https://en.wikipedia.org/wiki/Agn%C3%A8s_Sorel
1975,29th Tony Awards,/wiki/29th_Tony_Awards,True,Dee Dee Bridgewater,https://en.wikipedia.org/wiki/Dee_Dee_Bridgewater,The Wiz,https://en.wikipedia.org/wiki/The_Wiz,Glinda,https://en.wikipedia.org/wiki/Glinda_the_Good_Witch
1976,30th Tony Awards,/wiki/30th_Tony_Awards,True,Kelly Bishop,https://en.wikipedia.org/wiki/Kelly_Bishop,A Chorus Line,https://en.wikipedia.org/wiki/A_Chorus_Line,Sheila Bryant,
1976,30th Tony Awards,/wiki/30th_Tony_Awards,False,Priscilla Lopez,https://en.wikipedia.org/wiki/Priscilla_Lopez,A Chorus Line,,Diana Morales,
1976,30th Tony Awards,/wiki/30th_Tony_Awards,False,Patti LuPone,https://en.wikipedia.org/wiki/Patti_LuPone,The Robber Bridegroom,https://en.wikipedia.org/wiki/The_Robber_Bridegroom_(musical),Rosamund Musgrove,
1976,30th Tony Awards,/wiki/30th_Tony_Awards,False,Virginia Seidel,,Very Good Eddie,https://en.wikipedia.org/wiki/Very_Good_Eddie,Elsie Darling,
1977,31st Tony Awards,/wiki/31st_Tony_Awards,False,Julia McKenzie,https://en.wikipedia.org/wiki/Julia_McKenzie,Side by Side by Sondheim,https://en.wikipedia.org/wiki/Side_by_Side_by_Sondheim,Various Characters,
1977,31st Tony Awards,/wiki/31st_Tony_Awards,False,Millicent Martin,https://en.wikipedia.org/wiki/Millicent_Martin,Side by Side by Sondheim,https://en.wikipedia.org/wiki/Side_by_Side_by_Sondheim,Various Characters,
1977,31st Tony Awards,/wiki/31st_Tony_Awards,True,Delores Hall,https://en.wikipedia.org/wiki/Delores_Hall,Your Arms Too Short to Box with God,https://en.wikipedia.org/wiki/Your_Arms_Too_Short_to_Box_with_God,Various Characters,
1977,31st Tony Awards,/wiki/31st_Tony_Awards,False,Ellen Greene,https://en.wikipedia.org/wiki/Ellen_Greene,The Threepenny Opera,https://en.wikipedia.org/wiki/The_Threepenny_Opera,Jenny,
1978,32nd Tony Awards,/wiki/32nd_Tony_Awards,True,Nell Carter,https://en.wikipedia.org/wiki/Nell_Carter,Ain't Misbehavin',https://en.wikipedia.org/wiki/Ain%27t_Misbehavin%27_(musical),Nell,
1978,32nd Tony Awards,/wiki/32nd_Tony_Awards,False,Imogene Coca,https://en.wikipedia.org/wiki/Imogene_Coca,On the Twentieth Century,https://en.wikipedia.org/wiki/On_the_Twentieth_Century,Letitia Primrose,
1978,32nd Tony Awards,/wiki/32nd_Tony_Awards,False,Ann Reinking,https://en.wikipedia.org/wiki/Ann_Reinking,Dancin',https://en.wikipedia.org/wiki/Dancin%27,Various Characters,
1978,32nd Tony Awards,/wiki/32nd_Tony_Awards,False,Charlayne Woodard,https://en.wikipedia.org/wiki/Charlayne_Woodard,Ain't Misbehavin',,Charlayne,
1979,33rd Tony Awards,/wiki/33rd_Tony_Awards,True,Carlin Glynn,https://en.wikipedia.org/wiki/Carlin_Glynn,The Best Little Whorehouse in Texas,https://en.wikipedia.org/wiki/The_Best_Little_Whorehouse_in_Texas,Mona Stangley,
1979,33rd Tony Awards,/wiki/33rd_Tony_Awards,False,Joan Ellis,,The Best Little Whorehouse in Texas,,Shy,
1979,33rd Tony Awards,/wiki/33rd_Tony_Awards,False,Millicent Martin,https://en.wikipedia.org/wiki/Millicent_Martin,King of Hearts,https://en.wikipedia.org/wiki/King_of_Hearts_(musical),Madame Madeleine,
1979,33rd Tony Awards,/wiki/33rd_Tony_Awards,False,Maxine Sullivan,https://en.wikipedia.org/wiki/Maxine_Sullivan,My Old Friends,,Mrs. Cooper,
1980,34th Tony Awards,/wiki/34th_Tony_Awards,True,Priscilla Lopez,https://en.wikipedia.org/wiki/Priscilla_Lopez,A Day in Hollywood / A Night in the Ukraine,https://en.wikipedia.org/wiki/A_Day_in_Hollywood_/_A_Night_in_the_Ukraine,Gino / Usherette,
1980,34th Tony Awards,/wiki/34th_Tony_Awards,False,Debbie Allen,https://en.wikipedia.org/wiki/Debbie_Allen,West Side Story,https://en.wikipedia.org/wiki/West_Side_Story,Anita,
1980,34th Tony Awards,/wiki/34th_Tony_Awards,False,Glenn Close,https://en.wikipedia.org/wiki/Glenn_Close,Barnum,https://en.wikipedia.org/wiki/Barnum_(musical),Charity 'Chairy'Barnum,https://en.wikipedia.org/wiki/P.T._Barnum
1980,34th Tony Awards,/wiki/34th_Tony_Awards,False,Josie de Guzman,https://en.wikipedia.org/wiki/Josie_de_Guzman,West Side Story,,Maria,
1981,35th Tony Awards,/wiki/35th_Tony_Awards,False,Lynne Thigpen,https://en.wikipedia.org/wiki/Lynne_Thigpen,Tintypes,https://en.wikipedia.org/wiki/Tintypes,Sussanah,
1981,35th Tony Awards,/wiki/35th_Tony_Awards,False,Wanda Richert,https://en.wikipedia.org/wiki/Wanda_Richert,42nd Street,https://en.wikipedia.org/wiki/42nd_Street_(musical),Peggy Sawyer,
1981,35th Tony Awards,/wiki/35th_Tony_Awards,False,Phyllis Hyman,https://en.wikipedia.org/wiki/Phyllis_Hyman,Sophisticated Ladies,https://en.wikipedia.org/wiki/Sophisticated_Ladies,Various Characters,
1981,35th Tony Awards,/wiki/35th_Tony_Awards,True,Marilyn Cooper,https://en.wikipedia.org/wiki/Marilyn_Cooper,Woman of the Year,https://en.wikipedia.org/wiki/Woman_of_the_Year_(musical),Jan Donovan,
1982,36th Tony Awards,/wiki/36th_Tony_Awards,True,Liliane Montevecchi,https://en.wikipedia.org/wiki/Liliane_Montevecchi,Nine,https://en.wikipedia.org/wiki/Nine_(musical),Liliane La Fleur,
1982,36th Tony Awards,/wiki/36th_Tony_Awards,False,Karen Akers,https://en.wikipedia.org/wiki/Karen_Akers,Nine,,Luisa Contini,
1982,36th Tony Awards,/wiki/36th_Tony_Awards,False,Laurie Beechman,https://en.wikipedia.org/wiki/Laurie_Beechman,Joseph and the Amazing Technicolor Dreamcoat,https://en.wikipedia.org/wiki/Joseph_and_the_Amazing_Technicolor_Dreamcoat,The Narrator,
1982,36th Tony Awards,/wiki/36th_Tony_Awards,False,Anita Morris,https://en.wikipedia.org/wiki/Anita_Morris,Nine,,Carla Albanese,
1983,37th Tony Awards,/wiki/37th_Tony_Awards,True,Betty Buckley,https://en.wikipedia.org/wiki/Betty_Buckley,Cats,https://en.wikipedia.org/wiki/Cats_(musical),Grizabella,https://en.wikipedia.org/wiki/Grizabella
1983,37th Tony Awards,/wiki/37th_Tony_Awards,False,Christine Andreas,https://en.wikipedia.org/wiki/Christine_Andreas,On Your Toes,https://en.wikipedia.org/wiki/On_Your_Toes,Frankie Frayne,
1983,37th Tony Awards,/wiki/37th_Tony_Awards,False,Karla Burns,https://en.wikipedia.org/wiki/Karla_Burns,Show Boat,https://en.wikipedia.org/wiki/Show_Boat,Queenie,
1983,37th Tony Awards,/wiki/37th_Tony_Awards,False,Denny Dillon,https://en.wikipedia.org/wiki/Denny_Dillon,My One and Only,https://en.wikipedia.org/wiki/My_One_and_Only_(musical),Mickey,
1984,38th Tony Awards,/wiki/38th_Tony_Awards,True,Lila Kedrova,https://en.wikipedia.org/wiki/Lila_Kedrova,Zorba,https://en.wikipedia.org/wiki/Zorba_(musical),Madame Hortense,
1984,38th Tony Awards,/wiki/38th_Tony_Awards,False,Martine Allard,,The Tap Dance Kid,https://en.wikipedia.org/wiki/The_Tap_Dance_Kid,Emma,
1984,38th Tony Awards,/wiki/38th_Tony_Awards,False,Liz Callaway,https://en.wikipedia.org/wiki/Liz_Callaway,Baby,https://en.wikipedia.org/wiki/Baby_(musical),Lizzie Fields,
1984,38th Tony Awards,/wiki/38th_Tony_Awards,False,Dana Ivey,https://en.wikipedia.org/wiki/Dana_Ivey,Sunday in the Park with George,https://en.wikipedia.org/wiki/Sunday_in_the_Park_with_George,Yvonne / Naomi Eisen,
1985,39th Tony Awards,/wiki/39th_Tony_Awards,False,Mary Beth Peil,https://en.wikipedia.org/wiki/Mary_Beth_Peil,The King and I,https://en.wikipedia.org/wiki/The_King_and_I,Anna Leonowens,https://en.wikipedia.org/wiki/Anna_Leonowens
1985,39th Tony Awards,/wiki/39th_Tony_Awards,False,Lenka Peterson,https://en.wikipedia.org/wiki/Lenka_Peterson,Quilters,,Sarah,
1985,39th Tony Awards,/wiki/39th_Tony_Awards,True,Leilani Jones,https://en.wikipedia.org/wiki/Leilani_Jones_(actress),Grind,https://en.wikipedia.org/wiki/Grind_(musical),Satin,
1985,39th Tony Awards,/wiki/39th_Tony_Awards,False,Evalyn Baron,,Quilters,https://en.wikipedia.org/wiki/Quilters_(musical),Daughter of the Frontier,
1986,40th Tony Awards,/wiki/40th_Tony_Awards,True,Bebe Neuwirth,https://en.wikipedia.org/wiki/Bebe_Neuwirth,Sweet Charity,https://en.wikipedia.org/wiki/Sweet_Charity,Nickie,
1986,40th Tony Awards,/wiki/40th_Tony_Awards,False,Patti Cohenour,https://en.wikipedia.org/wiki/Patti_Cohenour,The Mystery of Edwin Drood,https://en.wikipedia.org/wiki/Drood,Rosa Bud / Deirdre Peregrine,
1986,40th Tony Awards,/wiki/40th_Tony_Awards,False,Jana Schneider,https://en.wikipedia.org/wiki/Jana_Schneider,The Mystery of Edwin Drood,https://en.wikipedia.org/wiki/Drood,Helena Landless / Janet Conover,
1986,40th Tony Awards,/wiki/40th_Tony_Awards,False,Elisabeth Welch,https://en.wikipedia.org/wiki/Elisabeth_Welch,Jerome Kern Goes to Hollywood,,Various Characters,
1987,41st Tony Awards,/wiki/41st_Tony_Awards,False,Jane Summerhays,https://en.wikipedia.org/wiki/Jane_Summerhays,Me and My Girl,,Jaqueline 'Jackie' Carstone,
1987,41st Tony Awards,/wiki/41st_Tony_Awards,False,Judy Kuhn,https://en.wikipedia.org/wiki/Judy_Kuhn,Les Misérables,,Cosette,https://en.wikipedia.org/wiki/Cosette
1987,41st Tony Awards,/wiki/41st_Tony_Awards,True,Frances Ruffelle,https://en.wikipedia.org/wiki/Frances_Ruffelle,Les Misérables,https://en.wikipedia.org/wiki/Les_Mis%C3%A9rables_(musical),Éponine,https://en.wikipedia.org/wiki/%C3%89ponine
1987,41st Tony Awards,/wiki/41st_Tony_Awards,False,Jane Connell,https://en.wikipedia.org/wiki/Jane_Connell,Me and My Girl,https://en.wikipedia.org/wiki/Me_and_My_Girl,Duchess Maria,
1988,42nd Tony Awards,/wiki/42nd_Tony_Awards,True,Judy Kaye,https://en.wikipedia.org/wiki/Judy_Kaye,The Phantom of the Opera,https://en.wikipedia.org/wiki/The_Phantom_of_the_Opera_(1986_musical),Carlotta Guidicelli,https://en.wikipedia.org/wiki/Carlotta_(The_Phantom_of_the_Opera)
1988,42nd Tony Awards,/wiki/42nd_Tony_Awards,False,Leleti Khumalo,https://en.wikipedia.org/wiki/Leleti_Khumalo,Sarafina!,https://en.wikipedia.org/wiki/Sarafina!_(musical),Sarafina,
1988,42nd Tony Awards,/wiki/42nd_Tony_Awards,False,Alyson Reed,https://en.wikipedia.org/wiki/Alyson_Reed,Cabaret,https://en.wikipedia.org/wiki/Cabaret_(musical),Sally Bowles,https://en.wikipedia.org/wiki/Sally_Bowles
1988,42nd Tony Awards,/wiki/42nd_Tony_Awards,False,Regina Resnik,https://en.wikipedia.org/wiki/Regina_Resnik,Cabaret,https://en.wikipedia.org/wiki/Cabaret_(musical),Fraulein Schneider,
1989,43rd Tony Awards,/wiki/43rd_Tony_Awards,False,Faith Prince,https://en.wikipedia.org/wiki/Faith_Prince,Jerome Robbins' Broadway,,Ma / Tessie / Company,
1989,43rd Tony Awards,/wiki/43rd_Tony_Awards,True,Debbie Gravitte,https://en.wikipedia.org/wiki/Debbie_Gravitte,Jerome Robbins' Broadway,https://en.wikipedia.org/wiki/Jerome_Robbins%27_Broadway,Hildy Esterhazy / Mazeppa / Rosalia / Company,
1989,43rd Tony Awards,/wiki/43rd_Tony_Awards,False,Jane Lanier,,Jerome Robbins' Broadway,,Various Characters,
1989,43rd Tony Awards,/wiki/43rd_Tony_Awards,False,Julie Wilson,https://en.wikipedia.org/wiki/Julie_Wilson,Legs Diamond,https://en.wikipedia.org/wiki/Legs_Diamond_(musical),Flo,
1990,44th Tony Awards,/wiki/44th_Tony_Awards,False,Crista Moore,https://en.wikipedia.org/wiki/Crista_Moore,Gypsy,https://en.wikipedia.org/wiki/Gypsy_(musical),Louise,https://en.wikipedia.org/wiki/Gypsy_Rose_Lee
1990,44th Tony Awards,/wiki/44th_Tony_Awards,False,Kathleen Rowe McAllen,https://en.wikipedia.org/wiki/Kathleen_Rowe_McAllen,Aspects of Love,https://en.wikipedia.org/wiki/Aspects_of_Love,Giulietta Trapani,
1990,44th Tony Awards,/wiki/44th_Tony_Awards,False,Jane Krakowski,https://en.wikipedia.org/wiki/Jane_Krakowski,Grand Hotel,https://en.wikipedia.org/wiki/Grand_Hotel_(musical),Freida Flamm / Flaemmchen,
1990,44th Tony Awards,/wiki/44th_Tony_Awards,True,Randy Graff,https://en.wikipedia.org/wiki/Randy_Graff,City of Angels,https://en.wikipedia.org/wiki/City_of_Angels_(musical),Oolie / Donna,
1991,45th Tony Awards,/wiki/45th_Tony_Awards,True,Daisy Eagan,https://en.wikipedia.org/wiki/Daisy_Eagan,The Secret Garden,https://en.wikipedia.org/wiki/The_Secret_Garden_(musical),Mary Lennox,
1991,45th Tony Awards,/wiki/45th_Tony_Awards,False,Alison Fraser,https://en.wikipedia.org/wiki/Alison_Fraser,The Secret Garden,,Martha Sowerby,
1991,45th Tony Awards,/wiki/45th_Tony_Awards,False,Cady Huffman,https://en.wikipedia.org/wiki/Cady_Huffman,The Will Rogers Follies,https://en.wikipedia.org/wiki/The_Will_Rogers_Follies,Ziegfeld's Favorite,https://en.wikipedia.org/wiki/Florenz_Ziegfeld_Jr.
1991,45th Tony Awards,/wiki/45th_Tony_Awards,False,LaChanze,https://en.wikipedia.org/wiki/LaChanze,Once on This Island,https://en.wikipedia.org/wiki/Once_on_This_Island,Ti Moune,
1992,46th Tony Awards,/wiki/46th_Tony_Awards,True,Tonya Pinkins,https://en.wikipedia.org/wiki/Tonya_Pinkins,Jelly's Last Jam,https://en.wikipedia.org/wiki/Jelly%27s_Last_Jam,Anita,
1992,46th Tony Awards,/wiki/46th_Tony_Awards,False,Liz Larsen,https://en.wikipedia.org/wiki/Liz_Larsen,The Most Happy Fella,https://en.wikipedia.org/wiki/The_Most_Happy_Fella,Cleo,
1992,46th Tony Awards,/wiki/46th_Tony_Awards,False,Vivian Reed,https://en.wikipedia.org/wiki/Vivian_Reed_(musical_theatre_actress),The High Rollers Social and Pleasure Club,,Enchantress,
1992,46th Tony Awards,/wiki/46th_Tony_Awards,False,Barbara Walsh,https://en.wikipedia.org/wiki/Barbara_Walsh,Falsettos,https://en.wikipedia.org/wiki/Falsettos,Trina,
1993,47th Tony Awards,/wiki/47th_Tony_Awards,False,Lainie Kazan,https://en.wikipedia.org/wiki/Lainie_Kazan,My Favorite Year,,Belle Carroca,
1993,47th Tony Awards,/wiki/47th_Tony_Awards,False,Jan Graveson,https://en.wikipedia.org/wiki/Jan_Graveson,Blood Brothers,https://en.wikipedia.org/wiki/Blood_Brothers_(musical),Linda,
1993,47th Tony Awards,/wiki/47th_Tony_Awards,True,Andrea Martin,https://en.wikipedia.org/wiki/Andrea_Martin,My Favorite Year,https://en.wikipedia.org/wiki/My_Favorite_Year_(musical),Alice Miller,
1993,47th Tony Awards,/wiki/47th_Tony_Awards,False,Marcia Mitzman Gaven,https://en.wikipedia.org/wiki/Marcia_Mitzman_Gaven,The Who's Tommy,https://en.wikipedia.org/wiki/The_Who%27s_Tommy,Nora Walker,
1994,48th Tony Awards,/wiki/48th_Tony_Awards,True,Audra McDonald,https://en.wikipedia.org/wiki/Audra_McDonald,Carousel,https://en.wikipedia.org/wiki/Carousel_(musical),Carrie Pipperidge,
1994,48th Tony Awards,/wiki/48th_Tony_Awards,False,Marcia Lewis,https://en.wikipedia.org/wiki/Marcia_Lewis,Grease,https://en.wikipedia.org/wiki/Grease_(musical),Miss Lynch,
1994,48th Tony Awards,/wiki/48th_Tony_Awards,False,Sally Mayes,https://en.wikipedia.org/wiki/Sally_Mayes,She Loves Me,https://en.wikipedia.org/wiki/She_Loves_Me,Ilona Ritter,
1994,48th Tony Awards,/wiki/48th_Tony_Awards,False,Marin Mazzie,https://en.wikipedia.org/wiki/Marin_Mazzie,Passion,https://en.wikipedia.org/wiki/Passion_(musical),Clara,
1995,49th Tony Awards,/wiki/49th_Tony_Awards,False,DeLee Lively,,Smokey Joe's Cafe,https://en.wikipedia.org/wiki/Smokey_Joe%27s_Cafe,Various Characters,
1995,49th Tony Awards,/wiki/49th_Tony_Awards,False,B.J. Crosby,https://en.wikipedia.org/wiki/B.J._Crosby,Smokey Joe's Cafe,https://en.wikipedia.org/wiki/Smokey_Joe%27s_Cafe,Various Characters,
1995,49th Tony Awards,/wiki/49th_Tony_Awards,True,Gretha Boston,https://en.wikipedia.org/wiki/Gretha_Boston,Show Boat,https://en.wikipedia.org/wiki/Show_Boat,Queenie,
1995,49th Tony Awards,/wiki/49th_Tony_Awards,False,Brenda Braxton,,Smokey Joe's Cafe,https://en.wikipedia.org/wiki/Smokey_Joe%27s_Cafe,Various Characters,
1996,50th Tony Awards,/wiki/50th_Tony_Awards,True,Ann Duquesnay,https://en.wikipedia.org/wiki/Ann_Duquesnay,"Bring in 'da Noise, Bring in 'da Funk","https://en.wikipedia.org/wiki/Bring_in_%27da_Noise,_Bring_in_%27da_Funk",'da Singer / The Chanteuse,
1996,50th Tony Awards,/wiki/50th_Tony_Awards,False,Joohee Choi,,The King and I,https://en.wikipedia.org/wiki/The_King_and_I,Tuptim,
1996,50th Tony Awards,/wiki/50th_Tony_Awards,False,Veanne Cox,https://en.wikipedia.org/wiki/Veanne_Cox,Company,https://en.wikipedia.org/wiki/Company_(musical),Amy,
1996,50th Tony Awards,/wiki/50th_Tony_Awards,False,Idina Menzel,https://en.wikipedia.org/wiki/Idina_Menzel,Rent,https://en.wikipedia.org/wiki/Rent_(musical),Maureen Johnson,
1997,51st Tony Awards,/wiki/51st_Tony_Awards,True,Lillias White,https://en.wikipedia.org/wiki/Lillias_White,The Life,https://en.wikipedia.org/wiki/The_Life_(musical),Sonja,
1997,51st Tony Awards,/wiki/51st_Tony_Awards,False,Marcia Lewis,https://en.wikipedia.org/wiki/Marcia_Lewis,Chicago,https://en.wikipedia.org/wiki/Chicago_(musical),Matron Mama Morton,
1997,51st Tony Awards,/wiki/51st_Tony_Awards,False,Andrea Martin,https://en.wikipedia.org/wiki/Andrea_Martin,Candide,https://en.wikipedia.org/wiki/Candide_(operetta),The Old Lady,
1997,51st Tony Awards,/wiki/51st_Tony_Awards,False,Debra Monk,https://en.wikipedia.org/wiki/Debra_Monk,Steel Pier,https://en.wikipedia.org/wiki/Steel_Pier_(musical),Shelby Stevens,
1998,52nd Tony Awards,/wiki/52nd_Tony_Awards,True,Audra McDonald,https://en.wikipedia.org/wiki/Audra_McDonald,Ragtime,https://en.wikipedia.org/wiki/Ragtime_(musical),Sarah,
1998,52nd Tony Awards,/wiki/52nd_Tony_Awards,False,Anna Kendrick,https://en.wikipedia.org/wiki/Anna_Kendrick,High Society,https://en.wikipedia.org/wiki/High_Society_(musical),Dinah Lord,
1998,52nd Tony Awards,/wiki/52nd_Tony_Awards,False,Tsidii Le Loka,https://en.wikipedia.org/wiki/Tsidii_Le_Loka,The Lion King,https://en.wikipedia.org/wiki/The_Lion_King_(musical),Rafiki,
1998,52nd Tony Awards,/wiki/52nd_Tony_Awards,False,Mary Louise Wilson,https://en.wikipedia.org/wiki/Mary_Louise_Wilson,Cabaret,https://en.wikipedia.org/wiki/Cabaret_(musical),Fraulein Schneider,
1999,53rd Tony Awards,/wiki/53rd_Tony_Awards,False,Mary Testa,https://en.wikipedia.org/wiki/Mary_Testa,On the Town,https://en.wikipedia.org/wiki/On_the_Town_(musical),Madame Maude P. Dilly,
1999,53rd Tony Awards,/wiki/53rd_Tony_Awards,False,Valarie Pettiford,https://en.wikipedia.org/wiki/Valarie_Pettiford,Fosse,https://en.wikipedia.org/wiki/Fosse_(musical),Various Characters,
1999,53rd Tony Awards,/wiki/53rd_Tony_Awards,False,Gretha Boston,https://en.wikipedia.org/wiki/Gretha_Boston,It Ain't Nothin' But the Blues,https://en.wikipedia.org/wiki/It_Ain%27t_Nothin%27_But_the_Blues,Various Characters,
1999,53rd Tony Awards,/wiki/53rd_Tony_Awards,True,Kristin Chenoweth,https://en.wikipedia.org/wiki/Kristin_Chenoweth,"You're a Good Man, Charlie Brown","https://en.wikipedia.org/wiki/You%27re_a_Good_Man,_Charlie_Brown",Sally Brown,https://en.wikipedia.org/wiki/Sally_Brown
2000,54th Tony Awards,/wiki/54th_Tony_Awards,True,Karen Ziemba,https://en.wikipedia.org/wiki/Karen_Ziemba,Contact,https://en.wikipedia.org/wiki/Contact_(musical),Wife,
2000,54th Tony Awards,/wiki/54th_Tony_Awards,False,Laura Benanti,https://en.wikipedia.org/wiki/Laura_Benanti,Swing!,https://en.wikipedia.org/wiki/Swing!,Various Characters,
2000,54th Tony Awards,/wiki/54th_Tony_Awards,False,Ann Hampton Callaway,https://en.wikipedia.org/wiki/Ann_Hampton_Callaway,Swing!,https://en.wikipedia.org/wiki/Swing!,Various Characters,
2000,54th Tony Awards,/wiki/54th_Tony_Awards,False,Eartha Kitt,https://en.wikipedia.org/wiki/Eartha_Kitt,The Wild Party,https://en.wikipedia.org/wiki/The_Wild_Party_(LaChiusa_musical),Dolores,
2000,54th Tony Awards,/wiki/54th_Tony_Awards,False,Deborah Yates,https://en.wikipedia.org/wiki/Deborah_Yates,Contact,,Girl in a Yellow Dress / Gina Minetti,
2001,55th Tony Awards,/wiki/55th_Tony_Awards,False,Mary Testa,https://en.wikipedia.org/wiki/Mary_Testa,42nd Street,https://en.wikipedia.org/wiki/42nd_Street_(musical),Maggie Jones,
2001,55th Tony Awards,/wiki/55th_Tony_Awards,False,Kate Levering,https://en.wikipedia.org/wiki/Kate_Levering,42nd Street,https://en.wikipedia.org/wiki/42nd_Street_(musical),Peggy Sawyer,
2001,55th Tony Awards,/wiki/55th_Tony_Awards,False,Kathleen Freeman,https://en.wikipedia.org/wiki/Kathleen_Freeman,The Full Monty,https://en.wikipedia.org/wiki/The_Full_Monty_(musical),Jeanette Burmeister,
2001,55th Tony Awards,/wiki/55th_Tony_Awards,False,Polly Bergen,https://en.wikipedia.org/wiki/Polly_Bergen,Follies,https://en.wikipedia.org/wiki/Follies,Carlotta Campion,
2001,55th Tony Awards,/wiki/55th_Tony_Awards,True,Cady Huffman,https://en.wikipedia.org/wiki/Cady_Huffman,The Producers,https://en.wikipedia.org/wiki/The_Producers_(musical),Ulla,https://en.wikipedia.org/wiki/Ulla_(The_Producers)
2002,56th Tony Awards,/wiki/56th_Tony_Awards,True,Harriet Sansom Harris,https://en.wikipedia.org/wiki/Harriet_Sansom_Harris,Thoroughly Modern Millie,https://en.wikipedia.org/wiki/Thoroughly_Modern_Millie_(musical),Mrs. Meers,
2002,56th Tony Awards,/wiki/56th_Tony_Awards,False,Laura Benanti,https://en.wikipedia.org/wiki/Laura_Benanti,Into the Woods,https://en.wikipedia.org/wiki/Into_the_Woods,Cinderella,
2002,56th Tony Awards,/wiki/56th_Tony_Awards,False,Spencer Kayden,https://en.wikipedia.org/wiki/Spencer_Kayden,Urinetown,https://en.wikipedia.org/wiki/Urinetown,Little Sally,
2002,56th Tony Awards,/wiki/56th_Tony_Awards,False,Judy Kaye,https://en.wikipedia.org/wiki/Judy_Kaye,Mamma Mia!,https://en.wikipedia.org/wiki/Mamma_Mia!,Rosie Mulligan,
2002,56th Tony Awards,/wiki/56th_Tony_Awards,False,Andrea Martin,https://en.wikipedia.org/wiki/Andrea_Martin,Oklahoma!,https://en.wikipedia.org/wiki/Oklahoma!,Aunt Eller,
2003,57th Tony Awards,/wiki/57th_Tony_Awards,False,Ashley Tuttle,https://en.wikipedia.org/wiki/Ashley_Tuttle,Movin' Out,https://en.wikipedia.org/wiki/Movin%27_Out_(musical),Judy,
2003,57th Tony Awards,/wiki/57th_Tony_Awards,False,Chita Rivera,https://en.wikipedia.org/wiki/Chita_Rivera,Nine,,Liliane La Fleur,
2003,57th Tony Awards,/wiki/57th_Tony_Awards,True,Jane Krakowski,https://en.wikipedia.org/wiki/Jane_Krakowski,Nine,https://en.wikipedia.org/wiki/Nine_(musical),Carla Albanese,
2003,57th Tony Awards,/wiki/57th_Tony_Awards,False,Tammy Blanchard,https://en.wikipedia.org/wiki/Tammy_Blanchard,Gypsy,https://en.wikipedia.org/wiki/Gypsy_(musical),Louise,https://en.wikipedia.org/wiki/Gypsy_Rose_Lee
2003,57th Tony Awards,/wiki/57th_Tony_Awards,False,Mary Stuart Masterson,https://en.wikipedia.org/wiki/Mary_Stuart_Masterson,Nine,,Luisa Contini,
2004,58th Tony Awards,/wiki/58th_Tony_Awards,True,Anika Noni Rose,https://en.wikipedia.org/wiki/Anika_Noni_Rose,"Caroline, or Change","https://en.wikipedia.org/wiki/Caroline,_or_Change",Emmie Thibodeaux,
2004,58th Tony Awards,/wiki/58th_Tony_Awards,False,Beth Fowler,https://en.wikipedia.org/wiki/Beth_Fowler,The Boy from Oz,https://en.wikipedia.org/wiki/The_Boy_from_Oz,Marion Woolnough,
2004,58th Tony Awards,/wiki/58th_Tony_Awards,False,Isabel Keating,https://en.wikipedia.org/wiki/Isabel_Keating,The Boy from Oz,https://en.wikipedia.org/wiki/The_Boy_from_Oz,Judy Garland,https://en.wikipedia.org/wiki/Judy_Garland
2004,58th Tony Awards,/wiki/58th_Tony_Awards,False,Jennifer Westfeldt,https://en.wikipedia.org/wiki/Jennifer_Westfeldt,Wonderful Town,https://en.wikipedia.org/wiki/Wonderful_Town,Eileen Sherwood,
2004,58th Tony Awards,/wiki/58th_Tony_Awards,False,Karen Ziemba,https://en.wikipedia.org/wiki/Karen_Ziemba,Never Gonna Dance,https://en.wikipedia.org/wiki/Never_Gonna_Dance,Mabel Pritt,
2005,59th Tony Awards,/wiki/59th_Tony_Awards,True,Sara Ramirez,https://en.wikipedia.org/wiki/Sara_Ramirez,Spamalot,https://en.wikipedia.org/wiki/Spamalot,Lady of the Lake,https://en.wikipedia.org/wiki/Lady_of_the_Lake
2005,59th Tony Awards,/wiki/59th_Tony_Awards,False,Joanna Gleason,https://en.wikipedia.org/wiki/Joanna_Gleason,Dirty Rotten Scoundrels,https://en.wikipedia.org/wiki/Dirty_Rotten_Scoundrels_(musical),Muriel Eubanks,
2005,59th Tony Awards,/wiki/59th_Tony_Awards,False,Celia Keenan-Bolger,https://en.wikipedia.org/wiki/Celia_Keenan-Bolger,The 25th Annual Putnam County Spelling Bee,https://en.wikipedia.org/wiki/The_25th_Annual_Putnam_County_Spelling_Bee,Olive Ostrovsky,
2005,59th Tony Awards,/wiki/59th_Tony_Awards,False,Jan Maxwell,https://en.wikipedia.org/wiki/Jan_Maxwell,Chitty Chitty Bang Bang,https://en.wikipedia.org/wiki/Chitty_Chitty_Bang_Bang_(musical),Baroness Bomburst,https://en.wikipedia.org/wiki/Baroness_Bomburst
2005,59th Tony Awards,/wiki/59th_Tony_Awards,False,Kelli O'Hara,https://en.wikipedia.org/wiki/Kelli_O%27Hara,The Light in the Piazza,https://en.wikipedia.org/wiki/The_Light_in_the_Piazza_(musical),Clara Johnson,
2006,60th Tony Awards,/wiki/60th_Tony_Awards,False,Elisabeth Withers,https://en.wikipedia.org/wiki/Elisabeth_Withers,The Color Purple,,Shug Avery,
2006,60th Tony Awards,/wiki/60th_Tony_Awards,False,Felicia P. Fields,,The Color Purple,https://en.wikipedia.org/wiki/The_Color_Purple_(musical),Sofia Johnson,
2006,60th Tony Awards,/wiki/60th_Tony_Awards,False,Megan Lawrence,https://en.wikipedia.org/wiki/Megan_Lawrence,The Pajama Game,https://en.wikipedia.org/wiki/The_Pajama_Game,Gladys Hotchkiss,
2006,60th Tony Awards,/wiki/60th_Tony_Awards,False,Carolee Carmello,https://en.wikipedia.org/wiki/Carolee_Carmello,Lestat,https://en.wikipedia.org/wiki/Lestat_(musical),Gabrielle de Lioncourt,https://en.wikipedia.org/wiki/Gabrielle_de_Lioncourt
2006,60th Tony Awards,/wiki/60th_Tony_Awards,True,Beth Leavel,https://en.wikipedia.org/wiki/Beth_Leavel,The Drowsy Chaperone,https://en.wikipedia.org/wiki/The_Drowsy_Chaperone,The Drowsy Chaperone / Beatrice Stockwell,
2007,61st Tony Awards,/wiki/61st_Tony_Awards,True,Mary Louise Wilson,https://en.wikipedia.org/wiki/Mary_Louise_Wilson,Grey Gardens,https://en.wikipedia.org/wiki/Grey_Gardens_(musical),'Big Edie' Beale,https://en.wikipedia.org/wiki/Edith_Ewing_Bouvier_Beale
2007,61st Tony Awards,/wiki/61st_Tony_Awards,False,Charlotte d'Amboise,https://en.wikipedia.org/wiki/Charlotte_d%27Amboise,A Chorus Line,https://en.wikipedia.org/wiki/A_Chorus_Line,Cassie Ferguson,
2007,61st Tony Awards,/wiki/61st_Tony_Awards,False,Rebecca Luker,https://en.wikipedia.org/wiki/Rebecca_Luker,Mary Poppins,https://en.wikipedia.org/wiki/Mary_Poppins_(musical),Winifred Banks,
2007,61st Tony Awards,/wiki/61st_Tony_Awards,False,Orfeh,https://en.wikipedia.org/wiki/Orfeh,Legally Blonde,https://en.wikipedia.org/wiki/Legally_Blonde_(musical),Paulette Bonafonté,
2007,61st Tony Awards,/wiki/61st_Tony_Awards,False,Karen Ziemba,https://en.wikipedia.org/wiki/Karen_Ziemba,Curtains,https://en.wikipedia.org/wiki/Curtains_(musical),Georgia Hendricks,
2008,62nd Tony Awards,/wiki/62nd_Tony_Awards,True,Laura Benanti,https://en.wikipedia.org/wiki/Laura_Benanti,Gypsy,https://en.wikipedia.org/wiki/Gypsy_(musical),Louise,https://en.wikipedia.org/wiki/Gypsy_Rose_Lee
2008,62nd Tony Awards,/wiki/62nd_Tony_Awards,False,Loretta Ables Sayre,https://en.wikipedia.org/wiki/Loretta_Ables_Sayre,South Pacific,https://en.wikipedia.org/wiki/South_Pacific_(musical),Bloody Mary,https://en.wikipedia.org/wiki/Bloody_Mary_(South_Pacific)
2008,62nd Tony Awards,/wiki/62nd_Tony_Awards,False,De'Adre Aziza,https://en.wikipedia.org/wiki/De%27Adre_Aziza,Passing Strange,https://en.wikipedia.org/wiki/Passing_Strange_(musical),Edwina / Marianna / Sudabey,
2008,62nd Tony Awards,/wiki/62nd_Tony_Awards,False,Andrea Martin,https://en.wikipedia.org/wiki/Andrea_Martin,Young Frankenstein,https://en.wikipedia.org/wiki/Young_Frankenstein_(musical),Frau Blücher,
2008,62nd Tony Awards,/wiki/62nd_Tony_Awards,False,Olga Merediz,https://en.wikipedia.org/wiki/Olga_Merediz,In the Heights,https://en.wikipedia.org/wiki/In_the_Heights,Abuela Claudia,
2009,63rd Tony Awards,/wiki/63rd_Tony_Awards,False,Carole Shelley,https://en.wikipedia.org/wiki/Carole_Shelley,Billy Elliot the Musical,https://en.wikipedia.org/wiki/Billy_Elliot_the_Musical,Grandma,
2009,63rd Tony Awards,/wiki/63rd_Tony_Awards,False,Haydn Gwynne,https://en.wikipedia.org/wiki/Haydn_Gwynne,Billy Elliot the Musical,https://en.wikipedia.org/wiki/Billy_Elliot_the_Musical,Georgia Wilkinson,
2009,63rd Tony Awards,/wiki/63rd_Tony_Awards,False,Martha Plimpton,https://en.wikipedia.org/wiki/Martha_Plimpton,Pal Joey,https://en.wikipedia.org/wiki/Pal_Joey_(musical),Gladys Bumps,
2009,63rd Tony Awards,/wiki/63rd_Tony_Awards,True,Karen Olivo,https://en.wikipedia.org/wiki/Karen_Olivo,West Side Story,https://en.wikipedia.org/wiki/West_Side_Story,Anita,
2009,63rd Tony Awards,/wiki/63rd_Tony_Awards,False,Jennifer Damiano,https://en.wikipedia.org/wiki/Jennifer_Damiano,Next to Normal,https://en.wikipedia.org/wiki/Next_to_Normal,Natalie Goodman,
2010,64th Tony Awards,/wiki/64th_Tony_Awards,True,Katie Finneran,https://en.wikipedia.org/wiki/Katie_Finneran,"Promises, Promises","https://en.wikipedia.org/wiki/Promises,_Promises_(musical)",Marge MacDougall,
2010,64th Tony Awards,/wiki/64th_Tony_Awards,False,Barbara Cook,https://en.wikipedia.org/wiki/Barbara_Cook,Sondheim on Sondheim,https://en.wikipedia.org/wiki/Sondheim_on_Sondheim,Various Characters,
2010,64th Tony Awards,/wiki/64th_Tony_Awards,False,Angela Lansbury,https://en.wikipedia.org/wiki/Angela_Lansbury,A Little Night Music,https://en.wikipedia.org/wiki/A_Little_Night_Music,Madame Armfeldt,
2010,64th Tony Awards,/wiki/64th_Tony_Awards,False,Karine Plantadit,https://en.wikipedia.org/wiki/Karine_Plantadit,Come Fly Away,https://en.wikipedia.org/wiki/Come_Fly_Away,Kate,
2010,64th Tony Awards,/wiki/64th_Tony_Awards,False,Lillias White,https://en.wikipedia.org/wiki/Lillias_White,Fela!,https://en.wikipedia.org/wiki/Fela!,Funmilayo Kuti,https://en.wikipedia.org/wiki/Funmilayo_Ransome-Kuti
2011,65th Tony Awards,/wiki/65th_Tony_Awards,False,Patti LuPone,https://en.wikipedia.org/wiki/Patti_LuPone,Women on the Verge of a Nervous Breakdown,,Lucia,
2011,65th Tony Awards,/wiki/65th_Tony_Awards,False,Victoria Clark,https://en.wikipedia.org/wiki/Victoria_Clark,Sister Act,https://en.wikipedia.org/wiki/Sister_Act_(musical),Mother Superior,
2011,65th Tony Awards,/wiki/65th_Tony_Awards,False,Tammy Blanchard,https://en.wikipedia.org/wiki/Tammy_Blanchard,How to Succeed in Business Without Really Trying,https://en.wikipedia.org/wiki/How_to_Succeed_in_Business_Without_Really_Trying,Hedy La Rue,
2011,65th Tony Awards,/wiki/65th_Tony_Awards,True,Nikki M. James,https://en.wikipedia.org/wiki/Nikki_M._James,The Book of Mormon,https://en.wikipedia.org/wiki/The_Book_of_Mormon_(musical),Nabulungi Hatimbi,
2011,65th Tony Awards,/wiki/65th_Tony_Awards,False,Laura Benanti,https://en.wikipedia.org/wiki/Laura_Benanti,Women on the Verge of a Nervous Breakdown,https://en.wikipedia.org/wiki/Women_on_the_Verge_of_a_Nervous_Breakdown_(musical),Candela,
2012,66th Tony Awards,/wiki/66th_Tony_Awards,True,Judy Kaye,https://en.wikipedia.org/wiki/Judy_Kaye,Nice Work If You Can Get It,https://en.wikipedia.org/wiki/Nice_Work_If_You_Can_Get_It_(musical),Estonia Dulworth,
2012,66th Tony Awards,/wiki/66th_Tony_Awards,False,Elizabeth A. Davis,https://en.wikipedia.org/wiki/Elizabeth_A._Davis,Once,https://en.wikipedia.org/wiki/Once_(musical),Réza,
2012,66th Tony Awards,/wiki/66th_Tony_Awards,False,Jayne Houdyshell,https://en.wikipedia.org/wiki/Jayne_Houdyshell,Follies,https://en.wikipedia.org/wiki/Follies,Hattie Walker,
2012,66th Tony Awards,/wiki/66th_Tony_Awards,False,Jessie Mueller,https://en.wikipedia.org/wiki/Jessie_Mueller,On a Clear Day You Can See Forever,https://en.wikipedia.org/wiki/On_a_Clear_Day_You_Can_See_Forever,Melinda Wells,
2012,66th Tony Awards,/wiki/66th_Tony_Awards,False,Da'Vine Joy Randolph,https://en.wikipedia.org/wiki/Da%27Vine_Joy_Randolph,Ghost the Musical,https://en.wikipedia.org/wiki/Ghost_the_Musical,Oda Mae Brown,
2013,67th Tony Awards,/wiki/67th_Tony_Awards,False,Lauren Ward,https://en.wikipedia.org/wiki/Lauren_Ward,Matilda the Musical,https://en.wikipedia.org/wiki/Matilda_the_Musical,"Miss Jennifer ""Jenny"" Honey",
2013,67th Tony Awards,/wiki/67th_Tony_Awards,False,Keala Settle,https://en.wikipedia.org/wiki/Keala_Settle,Hands on a Hardbody,https://en.wikipedia.org/wiki/Hands_on_a_Hardbody_(musical),Norma Valverde,
2013,67th Tony Awards,/wiki/67th_Tony_Awards,False,Annaleigh Ashford,https://en.wikipedia.org/wiki/Annaleigh_Ashford,Kinky Boots,https://en.wikipedia.org/wiki/Kinky_Boots_(musical),Lauren,
2013,67th Tony Awards,/wiki/67th_Tony_Awards,True,Andrea Martin,https://en.wikipedia.org/wiki/Andrea_Martin,Pippin,https://en.wikipedia.org/wiki/Pippin_(musical),Berthe,
2013,67th Tony Awards,/wiki/67th_Tony_Awards,False,Victoria Clark,https://en.wikipedia.org/wiki/Victoria_Clark,Rodgers and Hammerstein's Cinderella,https://en.wikipedia.org/wiki/Cinderella_(2013_Broadway_production),Marie / Fairy Godmother,
2014,68th Tony Awards,/wiki/68th_Tony_Awards,True,Lena Hall,https://en.wikipedia.org/wiki/Lena_Hall,Hedwig and the Angry Inch,https://en.wikipedia.org/wiki/Hedwig_and_the_Angry_Inch_(musical),Yitzhak,
2014,68th Tony Awards,/wiki/68th_Tony_Awards,False,Linda Emond,https://en.wikipedia.org/wiki/Linda_Emond,Cabaret,https://en.wikipedia.org/wiki/Cabaret_(musical),Fräulein Schneider,
2014,68th Tony Awards,/wiki/68th_Tony_Awards,False,Anika Larsen,https://en.wikipedia.org/wiki/Anika_Larsen,Beautiful: The Carole King Musical,https://en.wikipedia.org/wiki/Beautiful:_The_Carole_King_Musical,Cynthia Weil,https://en.wikipedia.org/wiki/Cynthia_Weil
2014,68th Tony Awards,/wiki/68th_Tony_Awards,False,Adriane Lenox,https://en.wikipedia.org/wiki/Adriane_Lenox,After Midnight,https://en.wikipedia.org/wiki/After_Midnight_(musical),Various Characters,
2014,68th Tony Awards,/wiki/68th_Tony_Awards,False,Lauren Worsham,https://en.wikipedia.org/wiki/Lauren_Worsham,A Gentleman's Guide to Love and Murder,https://en.wikipedia.org/wiki/A_Gentleman%27s_Guide_to_Love_and_Murder,Phoebe D'Ysquith,
2015,69th Tony Awards,/wiki/69th_Tony_Awards,True,Ruthie Ann Miles,https://en.wikipedia.org/wiki/Ruthie_Ann_Miles,The King and I,https://en.wikipedia.org/wiki/The_King_and_I,Lady Thiang,
2015,69th Tony Awards,/wiki/69th_Tony_Awards,False,Victoria Clark,https://en.wikipedia.org/wiki/Victoria_Clark,Gigi,https://en.wikipedia.org/wiki/Gigi_(musical),Mamita,
2015,69th Tony Awards,/wiki/69th_Tony_Awards,False,Judy Kuhn,https://en.wikipedia.org/wiki/Judy_Kuhn,Fun Home,https://en.wikipedia.org/wiki/Fun_Home_(musical),Helen Fontana Bechdel,
2015,69th Tony Awards,/wiki/69th_Tony_Awards,False,Sydney Lucas,https://en.wikipedia.org/wiki/Sydney_Lucas,Fun Home,https://en.wikipedia.org/wiki/Fun_Home_(musical),SmallAlison,https://en.wikipedia.org/wiki/Alison_Bechdel
2015,69th Tony Awards,/wiki/69th_Tony_Awards,False,Emily Skeggs,https://en.wikipedia.org/wiki/Emily_Skeggs,Fun Home,https://en.wikipedia.org/wiki/Fun_Home_(musical),MediumAlison,https://en.wikipedia.org/wiki/Alison_Bechdel
2016,70th Tony Awards,/wiki/70th_Tony_Awards,False,Adrienne Warren,https://en.wikipedia.org/wiki/Adrienne_Warren,Shuffle Along,"https://en.wikipedia.org/wiki/Shuffle_Along,_or,_the_Making_of_the_Musical_Sensation_of_1921_and_All_That_Followed",Gertrude Saunders /Florence Mills,https://en.wikipedia.org/wiki/Florence_Mills
2016,70th Tony Awards,/wiki/70th_Tony_Awards,False,Jennifer Simard,https://en.wikipedia.org/wiki/Jennifer_Simard,Disaster!,https://en.wikipedia.org/wiki/Disaster!_(musical),Sister Mary Downy,
2016,70th Tony Awards,/wiki/70th_Tony_Awards,False,Jane Krakowski,https://en.wikipedia.org/wiki/Jane_Krakowski,She Loves Me,https://en.wikipedia.org/wiki/She_Loves_Me,Ilona Ritter,
2016,70th Tony Awards,/wiki/70th_Tony_Awards,False,Danielle Brooks,https://en.wikipedia.org/wiki/Danielle_Brooks,The Color Purple,https://en.wikipedia.org/wiki/The_Color_Purple_(musical),Sofia Johnson,
2016,70th Tony Awards,/wiki/70th_Tony_Awards,True,Renée Elise Goldsberry,https://en.wikipedia.org/wiki/Ren%C3%A9e_Elise_Goldsberry,Hamilton,https://en.wikipedia.org/wiki/Hamilton_(musical),Angelica Schuyler,https://en.wikipedia.org/wiki/Angelica_Schuyler_Church
2017,71st Tony Awards,/wiki/71st_Tony_Awards,True,Rachel Bay Jones,https://en.wikipedia.org/wiki/Rachel_Bay_Jones,Dear Evan Hansen,https://en.wikipedia.org/wiki/Dear_Evan_Hansen,Heidi Hansen,
2017,71st Tony Awards,/wiki/71st_Tony_Awards,False,Kate Baldwin,https://en.wikipedia.org/wiki/Kate_Baldwin,"Hello, Dolly!","https://en.wikipedia.org/wiki/Hello,_Dolly!_(musical)",Irene Molloy,
2017,71st Tony Awards,/wiki/71st_Tony_Awards,False,Stephanie J. Block,https://en.wikipedia.org/wiki/Stephanie_J._Block,Falsettos,https://en.wikipedia.org/wiki/Falsettos,Trina,
2017,71st Tony Awards,/wiki/71st_Tony_Awards,False,Jenn Colella,https://en.wikipedia.org/wiki/Jenn_Colella,Come from Away,https://en.wikipedia.org/wiki/Come_from_Away,"Annette,Beverley Bass, and others",https://en.wikipedia.org/wiki/Beverley_Bass
2017,71st Tony Awards,/wiki/71st_Tony_Awards,False,Mary Beth Peil,https://en.wikipedia.org/wiki/Mary_Beth_Peil,Anastasia,https://en.wikipedia.org/wiki/Anastasia_(musical),Dowager Empress Maria Feodorovna,https://en.wikipedia.org/wiki/Maria_Feodorovna_(Dagmar_of_Denmark)
2018,72nd Tony Awards,/wiki/72nd_Tony_Awards,True,Lindsay Mendez,https://en.wikipedia.org/wiki/Lindsay_Mendez,Carousel,https://en.wikipedia.org/wiki/Carousel_(musical),Carrie Pipperidge,
2018,72nd Tony Awards,/wiki/72nd_Tony_Awards,False,Ariana DeBose,https://en.wikipedia.org/wiki/Ariana_DeBose,Summer: The Donna Summer Musical,https://en.wikipedia.org/wiki/Summer:_The_Donna_Summer_Musical,Disco Donna,https://en.wikipedia.org/wiki/Donna_Summer
2018,72nd Tony Awards,/wiki/72nd_Tony_Awards,False,Renée Fleming,https://en.wikipedia.org/wiki/Ren%C3%A9e_Fleming,Carousel,,Nettie Fowler,
2018,72nd Tony Awards,/wiki/72nd_Tony_Awards,False,Ashley Park,https://en.wikipedia.org/wiki/Ashley_Park_(actress),Mean Girls,https://en.wikipedia.org/wiki/Mean_Girls_(musical),Gretchen Wieners,
2018,72nd Tony Awards,/wiki/72nd_Tony_Awards,False,Diana Rigg,https://en.wikipedia.org/wiki/Diana_Rigg,My Fair Lady,https://en.wikipedia.org/wiki/My_Fair_Lady,Mrs. Higgins,
2019,73rd Tony Awards,/wiki/73rd_Tony_Awards,False,Sarah Stiles,https://en.wikipedia.org/wiki/Sarah_Stiles,Tootsie,,Sandy Lester,
2019,73rd Tony Awards,/wiki/73rd_Tony_Awards,False,Amber Gray,https://en.wikipedia.org/wiki/Amber_Gray,Hadestown,https://en.wikipedia.org/wiki/Hadestown_(musical),Persephone,https://en.wikipedia.org/wiki/Persephone
2019,73rd Tony Awards,/wiki/73rd_Tony_Awards,False,Mary Testa,https://en.wikipedia.org/wiki/Mary_Testa,Oklahoma!,,Aunt Eller,
2019,73rd Tony Awards,/wiki/73rd_Tony_Awards,True,Ali Stroker,https://en.wikipedia.org/wiki/Ali_Stroker,Oklahoma!,https://en.wikipedia.org/wiki/Oklahoma!,Ado Annie Carnes,
2019,73rd Tony Awards,/wiki/73rd_Tony_Awards,False,Lilli Cooper,https://en.wikipedia.org/wiki/Lilli_Cooper,Tootsie,https://en.wikipedia.org/wiki/Tootsie_(musical),Julie Nichols,
2020,74th Tony Awards,/wiki/74th_Tony_Awards,False,Robyn Hurder,,Moulin Rouge! The Musical,https://en.wikipedia.org/wiki/Moulin_Rouge!_(musical),Nini Legs-in-the-Air,
2020,74th Tony Awards,/wiki/74th_Tony_Awards,False,Lauren Patten,https://en.wikipedia.org/wiki/Lauren_Patten,Jagged Little Pill,,Jo Taylor,
2020,74th Tony Awards,/wiki/74th_Tony_Awards,False,Kathryn Gallagher,https://en.wikipedia.org/wiki/Kathryn_Gallagher,Jagged Little Pill,https://en.wikipedia.org/wiki/Jagged_Little_Pill_(musical),Bella Fox,
2020,74th Tony Awards,/wiki/74th_Tony_Awards,False,Celia Rose Gooding,https://en.wikipedia.org/wiki/Celia_Rose_Gooding,Jagged Little Pill,https://en.wikipedia.org/wiki/Jagged_Little_Pill_(musical),Frankie Healy,
2020,74th Tony Awards,/wiki/74th_Tony_Awards,False,Myra Lucretia Taylor,,Tina: The Tina Turner Musical,https://en.wikipedia.org/wiki/Tina_(musical),Gran Georgeanna,
