year,season,season_link,winner,actor,actor_link,musical,musical_link,character,character_link
1947,1st Tony Awards,/wiki/1st_Tony_Awards,True,David Wayne,https://en.wikipedia.org/wiki/David_Wayne,Finian's Rainbow,https://en.wikipedia.org/wiki/Finian%27s_Rainbow,Og,
1950,4th Tony Awards,/wiki/4th_Tony_Awards,True,Myron McCormick,https://en.wikipedia.org/wiki/Myron_McCormick,South Pacific,https://en.wikipedia.org/wiki/South_Pacific_(musical),Luther Billis,
1951,5th Tony Awards,/wiki/5th_Tony_Awards,True,Russell Nype,https://en.wikipedia.org/wiki/Russell_Nype,Call Me Madam,https://en.wikipedia.org/wiki/Call_Me_Madam,Kenneth Gibson,
1952,6th Tony Awards,/wiki/6th_Tony_Awards,True,Yul Brynner,https://en.wikipedia.org/wiki/Yul_Brynner,The King and I,https://en.wikipedia.org/wiki/The_King_and_I,The King of Siam,https://en.wikipedia.org/wiki/Mongkut
1953,7th Tony Awards,/wiki/7th_Tony_Awards,True,Hiram Sherman,https://en.wikipedia.org/wiki/Hiram_Sherman,Two's Company,https://en.wikipedia.org/wiki/Two%27s_Company_(musical),Various Characters,
1954,8th Tony Awards,/wiki/8th_Tony_Awards,True,Harry Belafonte,https://en.wikipedia.org/wiki/Harry_Belafonte,John Murray Anderson's Almanac,https://en.wikipedia.org/wiki/John_Murray_Anderson%27s_Almanac,Various Characters,
1955,9th Tony Awards,/wiki/9th_Tony_Awards,True,Cyril Ritchard,https://en.wikipedia.org/wiki/Cyril_Ritchard,Peter Pan,https://en.wikipedia.org/wiki/Peter_Pan_(1954_musical),Captain Hook/ Mr. Darling,https://en.wikipedia.org/wiki/Captain_Hook
1956,10th Tony Awards,/wiki/10th_Tony_Awards,True,Russ Brown,https://en.wikipedia.org/wiki/Russ_Brown_(actor),Damn Yankees,https://en.wikipedia.org/wiki/Damn_Yankees,Benny Van Buren,
1956,10th Tony Awards,/wiki/10th_Tony_Awards,False,Mike Kellin,https://en.wikipedia.org/wiki/Mike_Kellin,Pipe Dream,https://en.wikipedia.org/wiki/Pipe_Dream_(musical),Hazel,
1956,10th Tony Awards,/wiki/10th_Tony_Awards,False,Will Mahoney,https://en.wikipedia.org/wiki/Will_Mahoney,Finian's Rainbow,https://en.wikipedia.org/wiki/Finian%27s_Rainbow,Finian McLonergan,
1956,10th Tony Awards,/wiki/10th_Tony_Awards,False,Scott Merrill,,The Threepenny Opera,https://en.wikipedia.org/wiki/The_Threepenny_Opera,Macheath,
1957,11th Tony Awards,/wiki/11th_Tony_Awards,True,Sydney Chaplin,https://en.wikipedia.org/wiki/Sydney_Chaplin_(American_actor),Bells Are Ringing,https://en.wikipedia.org/wiki/Bells_Are_Ringing_(musical),Jeff Moss,
1957,11th Tony Awards,/wiki/11th_Tony_Awards,False,Robert Coote,https://en.wikipedia.org/wiki/Robert_Coote,My Fair Lady,https://en.wikipedia.org/wiki/My_Fair_Lady,Colonel Pickering,
1957,11th Tony Awards,/wiki/11th_Tony_Awards,False,Stanley Holloway,https://en.wikipedia.org/wiki/Stanley_Holloway,My Fair Lady,https://en.wikipedia.org/wiki/My_Fair_Lady,Alfred P. Doolittle,
1958,12th Tony Awards,/wiki/12th_Tony_Awards,False,Cameron Prud'Homme,,New Girl in Town,https://en.wikipedia.org/wiki/New_Girl_in_Town,Chris,
1958,12th Tony Awards,/wiki/12th_Tony_Awards,False,Iggie Wolfington,https://en.wikipedia.org/wiki/Iggie_Wolfington,The Music Man,https://en.wikipedia.org/wiki/The_Music_Man,Marcellus Washburn,
1958,12th Tony Awards,/wiki/12th_Tony_Awards,True,David Burns,https://en.wikipedia.org/wiki/David_Burns_(actor),The Music Man,https://en.wikipedia.org/wiki/The_Music_Man,Mayor Shinn,
1958,12th Tony Awards,/wiki/12th_Tony_Awards,False,Ossie Davis,https://en.wikipedia.org/wiki/Ossie_Davis,Jamaica,https://en.wikipedia.org/wiki/Jamaica_(musical),Cicero,
1959,13th Tony Awards,/wiki/13th_Tony_Awards,True,Russell Nype(tie),https://en.wikipedia.org/wiki/Russell_Nype,Goldilocks,https://en.wikipedia.org/wiki/Goldilocks_(musical),George Randolph Brown,
1959,13th Tony Awards,/wiki/13th_Tony_Awards,True,Leonard Stone(tie)[1],https://en.wikipedia.org/wiki/Leonard_Stone,Redhead,https://en.wikipedia.org/wiki/Redhead_(musical),George Poppett,
1960,14th Tony Awards,/wiki/14th_Tony_Awards,True,Tom Bosley,https://en.wikipedia.org/wiki/Tom_Bosley,Fiorello!,https://en.wikipedia.org/wiki/Fiorello!,Fiorello La Guardia,https://en.wikipedia.org/wiki/Fiorello_H._La_Guardia
1960,14th Tony Awards,/wiki/14th_Tony_Awards,False,Theodore Bikel,https://en.wikipedia.org/wiki/Theodore_Bikel,The Sound of Music,https://en.wikipedia.org/wiki/The_Sound_of_Music,Captain Georg von Trapp,https://en.wikipedia.org/wiki/Georg_von_Trapp
1960,14th Tony Awards,/wiki/14th_Tony_Awards,False,Howard Da Silva,https://en.wikipedia.org/wiki/Howard_Da_Silva,Fiorello!,,Ben Marino,
1960,14th Tony Awards,/wiki/14th_Tony_Awards,False,Kurt Kasznar,https://en.wikipedia.org/wiki/Kurt_Kasznar,The Sound of Music,,Max Detweiler,
1960,14th Tony Awards,/wiki/14th_Tony_Awards,False,Jack Klugman,https://en.wikipedia.org/wiki/Jack_Klugman,Gypsy,https://en.wikipedia.org/wiki/Gypsy_(musical),Herbie,
1961,15th Tony Awards,/wiki/15th_Tony_Awards,False,Clive Revill,https://en.wikipedia.org/wiki/Clive_Revill,Irma La Douce,https://en.wikipedia.org/wiki/Irma_La_Douce_(musical),Bob-Le-Hotu,
1961,15th Tony Awards,/wiki/15th_Tony_Awards,False,Ron Husmann,https://en.wikipedia.org/wiki/Ron_Husmann,Tenderloin,https://en.wikipedia.org/wiki/Tenderloin_(musical),Tommy,
1961,15th Tony Awards,/wiki/15th_Tony_Awards,True,Dick Van Dyke,https://en.wikipedia.org/wiki/Dick_Van_Dyke,Bye Bye Birdie,https://en.wikipedia.org/wiki/Bye_Bye_Birdie_(musical),Albert Peterson,
1961,15th Tony Awards,/wiki/15th_Tony_Awards,False,Dick Gautier,https://en.wikipedia.org/wiki/Dick_Gautier,Bye Bye Birdie,,Conrad Birdie,
1962,16th Tony Awards,/wiki/16th_Tony_Awards,True,Charles Nelson Reilly,https://en.wikipedia.org/wiki/Charles_Nelson_Reilly,How to Succeed in Business Without Really Trying,https://en.wikipedia.org/wiki/How_to_Succeed_in_Business_Without_Really_Trying_(musical),Bud Frump,
1962,16th Tony Awards,/wiki/16th_Tony_Awards,False,Orson Bean,https://en.wikipedia.org/wiki/Orson_Bean,Subways Are For Sleeping,https://en.wikipedia.org/wiki/Subways_Are_For_Sleeping,Charlie Smith,
1962,16th Tony Awards,/wiki/16th_Tony_Awards,False,Severn Darden,https://en.wikipedia.org/wiki/Severn_Darden,From the Second City,,Performer,
1962,16th Tony Awards,/wiki/16th_Tony_Awards,False,Pierre Olaf,,Carnival,https://en.wikipedia.org/wiki/Carnival_(musical),Jacquot,
1963,17th Tony Awards,/wiki/17th_Tony_Awards,False,Swen Swenson,https://en.wikipedia.org/wiki/Swen_Swenson,Little Me,https://en.wikipedia.org/wiki/Little_Me_(musical),George Musgrove,
1963,17th Tony Awards,/wiki/17th_Tony_Awards,False,Davy Jones,https://en.wikipedia.org/wiki/Davy_Jones_(actor),Oliver!,https://en.wikipedia.org/wiki/Oliver!,The Artful Dodger,https://en.wikipedia.org/wiki/Artful_Dodger
1963,17th Tony Awards,/wiki/17th_Tony_Awards,True,David Burns,https://en.wikipedia.org/wiki/David_Burns_(actor),A Funny Thing Happened on the Way to the Forum,https://en.wikipedia.org/wiki/A_Funny_Thing_Happened_on_the_Way_to_the_Forum,Senex,
1963,17th Tony Awards,/wiki/17th_Tony_Awards,False,Jack Gilford,https://en.wikipedia.org/wiki/Jack_Gilford,A Funny Thing Happened on the Way to the Forum,,Hysterium,
1964,18th Tony Awards,/wiki/18th_Tony_Awards,True,Jack Cassidy,https://en.wikipedia.org/wiki/Jack_Cassidy,She Loves Me,https://en.wikipedia.org/wiki/She_Loves_Me,Stephen Kodaly,
1964,18th Tony Awards,/wiki/18th_Tony_Awards,False,Will Geer,https://en.wikipedia.org/wiki/Will_Geer,110 in the Shade,https://en.wikipedia.org/wiki/110_in_the_Shade,H. C. Curry,
1964,18th Tony Awards,/wiki/18th_Tony_Awards,False,Danny Meehan,,Funny Girl,https://en.wikipedia.org/wiki/Funny_Girl_(musical),Eddie Ryan,
1964,18th Tony Awards,/wiki/18th_Tony_Awards,False,Charles Nelson Reilly,https://en.wikipedia.org/wiki/Charles_Nelson_Reilly,"Hello, Dolly!","https://en.wikipedia.org/wiki/Hello,_Dolly!_(musical)",Cornelius Hackl,
1965,19th Tony Awards,/wiki/19th_Tony_Awards,True,Victor Spinetti,https://en.wikipedia.org/wiki/Victor_Spinetti,"Oh, What a Lovely War!","https://en.wikipedia.org/wiki/Oh,_What_a_Lovely_War!",Various Characters,
1965,19th Tony Awards,/wiki/19th_Tony_Awards,False,Jack Cassidy,https://en.wikipedia.org/wiki/Jack_Cassidy,Fade Out – Fade In,https://en.wikipedia.org/wiki/Fade_Out_%E2%80%93_Fade_In,Bryon Prong,
1965,19th Tony Awards,/wiki/19th_Tony_Awards,False,James Grout,https://en.wikipedia.org/wiki/James_Grout,Half a Sixpence,https://en.wikipedia.org/wiki/Half_a_Sixpence,Chitterlow,
1965,19th Tony Awards,/wiki/19th_Tony_Awards,False,Jerry Orbach,https://en.wikipedia.org/wiki/Jerry_Orbach,Guys and Dolls,https://en.wikipedia.org/wiki/Guys_and_Dolls,Sky Masterson,
1966,20th Tony Awards,/wiki/20th_Tony_Awards,True,Frankie Michaels,https://en.wikipedia.org/wiki/Frankie_Michaels,Mame,https://en.wikipedia.org/wiki/Mame_(musical),Patrick Dennis,
1966,20th Tony Awards,/wiki/20th_Tony_Awards,False,Roy Castle,https://en.wikipedia.org/wiki/Roy_Castle,Pickwick,https://en.wikipedia.org/wiki/Pickwick_(musical),Sam Weller,
1966,20th Tony Awards,/wiki/20th_Tony_Awards,False,John McMartin,https://en.wikipedia.org/wiki/John_McMartin,Sweet Charity,https://en.wikipedia.org/wiki/Sweet_Charity,Oscar,
1966,20th Tony Awards,/wiki/20th_Tony_Awards,False,Michael O'Sullivan,https://en.wikipedia.org/wiki/Michael_O%27Sullivan_(actor),It's a Bird...It's a Plane...It's Superman,https://en.wikipedia.org/wiki/It%27s_a_Bird...It%27s_a_Plane...It%27s_Superman,Dr. Abner Sedgwick,
1967,21st Tony Awards,/wiki/21st_Tony_Awards,False,Gordon Dilworth,,Walking Happy,https://en.wikipedia.org/wiki/Walking_Happy,Tubby Wadlow,
1967,21st Tony Awards,/wiki/21st_Tony_Awards,False,Edward Winter,https://en.wikipedia.org/wiki/Edward_Winter_(actor),Cabaret,,Ernst Ludwig,
1967,21st Tony Awards,/wiki/21st_Tony_Awards,False,Leon Bibb,,A Hand Is on the Gate,https://en.wikipedia.org/wiki/A_Hand_Is_on_the_Gate,Performer,
1967,21st Tony Awards,/wiki/21st_Tony_Awards,True,Joel Grey,https://en.wikipedia.org/wiki/Joel_Grey,Cabaret,https://en.wikipedia.org/wiki/Cabaret_(musical),The Master of Ceremonies,
1968,22nd Tony Awards,/wiki/22nd_Tony_Awards,True,Hiram Sherman,https://en.wikipedia.org/wiki/Hiram_Sherman,"How Now, Dow Jones","https://en.wikipedia.org/wiki/How_Now,_Dow_Jones",Wingate,
1968,22nd Tony Awards,/wiki/22nd_Tony_Awards,False,Scott Jacoby,https://en.wikipedia.org/wiki/Scott_Jacoby_(actor),Golden Rainbow,https://en.wikipedia.org/wiki/Golden_Rainbow_(musical),Ally,
1968,22nd Tony Awards,/wiki/22nd_Tony_Awards,False,Nikos Kourkoulos,https://en.wikipedia.org/wiki/Nikos_Kourkoulos,Illya Darling,https://en.wikipedia.org/wiki/Illya_Darling,Tonio,
1968,22nd Tony Awards,/wiki/22nd_Tony_Awards,False,Michael Rupert,https://en.wikipedia.org/wiki/Michael_Rupert,The Happy Time,https://en.wikipedia.org/wiki/The_Happy_Time_(musical),Bibi Bonnard,
1969,23rd Tony Awards,/wiki/23rd_Tony_Awards,True,Ron Holgate,https://en.wikipedia.org/wiki/Ron_Holgate,1776,https://en.wikipedia.org/wiki/1776_(musical),Richard Henry Lee,https://en.wikipedia.org/wiki/Richard_Henry_Lee
1969,23rd Tony Awards,/wiki/23rd_Tony_Awards,False,William Daniels,https://en.wikipedia.org/wiki/William_Daniels,1776,,John Adams,https://en.wikipedia.org/wiki/John_Adams
1969,23rd Tony Awards,/wiki/23rd_Tony_Awards,False,Larry Haines,https://en.wikipedia.org/wiki/Larry_Haines,"Promises, Promises","https://en.wikipedia.org/wiki/Promises,_Promises_(musical)",Dr. Dreyfuss,
1969,23rd Tony Awards,/wiki/23rd_Tony_Awards,False,Edward Winter,https://en.wikipedia.org/wiki/Edward_Winter_(actor),"Promises, Promises","https://en.wikipedia.org/wiki/Promises,_Promises_(musical)",J.D. Sheldrake,
1970,24th Tony Awards,/wiki/24th_Tony_Awards,True,René Auberjonois,https://en.wikipedia.org/wiki/Ren%C3%A9_Auberjonois,Coco,https://en.wikipedia.org/wiki/Coco_(musical),Sebastian Baye,
1970,24th Tony Awards,/wiki/24th_Tony_Awards,False,Brandon Maggart,https://en.wikipedia.org/wiki/Brandon_Maggart,Applause,https://en.wikipedia.org/wiki/Applause_(musical),Buzz Richards,
1970,24th Tony Awards,/wiki/24th_Tony_Awards,False,George Rose,https://en.wikipedia.org/wiki/George_Rose_(actor),Coco,,Louis Greff,
1971,25th Tony Awards,/wiki/25th_Tony_Awards,False,Charles Kimbrough,https://en.wikipedia.org/wiki/Charles_Kimbrough,Company,https://en.wikipedia.org/wiki/Company_(musical),Harry,
1971,25th Tony Awards,/wiki/25th_Tony_Awards,False,Walter Willison,https://en.wikipedia.org/wiki/Walter_Willison,Two by Two,https://en.wikipedia.org/wiki/Two_by_Two_(musical),Japheth,
1971,25th Tony Awards,/wiki/25th_Tony_Awards,True,Keene Curtis,https://en.wikipedia.org/wiki/Keene_Curtis,The Rothschilds,https://en.wikipedia.org/wiki/The_Rothschilds_(musical),Various Characters,
1972,26th Tony Awards,/wiki/26th_Tony_Awards,False,Gene Nelson,https://en.wikipedia.org/wiki/Gene_Nelson,Follies,https://en.wikipedia.org/wiki/Follies,Buddy Plummer,
1972,26th Tony Awards,/wiki/26th_Tony_Awards,False,Ben Vereen,https://en.wikipedia.org/wiki/Ben_Vereen,Jesus Christ Superstar,https://en.wikipedia.org/wiki/Jesus_Christ_Superstar,Judas Iscariot,https://en.wikipedia.org/wiki/Judas_Iscariot
1972,26th Tony Awards,/wiki/26th_Tony_Awards,True,Larry Blyden,https://en.wikipedia.org/wiki/Larry_Blyden,A Funny Thing Happened on the Way to the Forum,https://en.wikipedia.org/wiki/A_Funny_Thing_Happened_on_the_Way_to_the_Forum,Hysterium,
1972,26th Tony Awards,/wiki/26th_Tony_Awards,False,Timothy Meyers,https://en.wikipedia.org/wiki/Timothy_Meyers,Grease,https://en.wikipedia.org/wiki/Grease_(musical),Kenickie,
1973,27th Tony Awards,/wiki/27th_Tony_Awards,True,George S. Irving,https://en.wikipedia.org/wiki/George_S._Irving,Irene,https://en.wikipedia.org/wiki/Irene_(musical),Madame Lucy,
1973,27th Tony Awards,/wiki/27th_Tony_Awards,False,Laurence Guittard,https://en.wikipedia.org/wiki/Laurence_Guittard,A Little Night Music,https://en.wikipedia.org/wiki/A_Little_Night_Music,Count Carl-Magnus Malcolm,
1973,27th Tony Awards,/wiki/27th_Tony_Awards,False,Avon Long,https://en.wikipedia.org/wiki/Avon_Long,Don't Play Us Cheap,https://en.wikipedia.org/wiki/Don%27t_Play_Us_Cheap,David,
1973,27th Tony Awards,/wiki/27th_Tony_Awards,False,Gilbert Price,https://en.wikipedia.org/wiki/Gilbert_Price,Lost in the Stars,https://en.wikipedia.org/wiki/Lost_in_the_Stars,Absalom Kumalo,
1974,28th Tony Awards,/wiki/28th_Tony_Awards,True,Tommy Tune,https://en.wikipedia.org/wiki/Tommy_Tune,Seesaw,https://en.wikipedia.org/wiki/Seesaw_(musical),David,
1974,28th Tony Awards,/wiki/28th_Tony_Awards,False,Mark Baker,https://en.wikipedia.org/wiki/Mark_Baker_(actor),Candide,https://en.wikipedia.org/wiki/Candide_(operetta),Candide,
1974,28th Tony Awards,/wiki/28th_Tony_Awards,False,Ralph Carter,https://en.wikipedia.org/wiki/Ralph_Carter,Raisin,https://en.wikipedia.org/wiki/Raisin_(musical),Travis Younger,
1975,29th Tony Awards,/wiki/29th_Tony_Awards,True,Ted Ross,https://en.wikipedia.org/wiki/Ted_Ross,The Wiz,https://en.wikipedia.org/wiki/The_Wiz,The Cowardly Lion,https://en.wikipedia.org/wiki/Cowardly_Lion
1975,29th Tony Awards,/wiki/29th_Tony_Awards,False,Tom Aldredge,https://en.wikipedia.org/wiki/Tom_Aldredge,Where's Charley?,https://en.wikipedia.org/wiki/Where%27s_Charley%3F,Mr. Spettigue,
1975,29th Tony Awards,/wiki/29th_Tony_Awards,False,John Bottoms,,Dance with Me,https://en.wikipedia.org/wiki/Dance_with_Me_(musical),Jimmy Dick II,
1975,29th Tony Awards,/wiki/29th_Tony_Awards,False,Doug Henning,https://en.wikipedia.org/wiki/Doug_Henning,The Magic Show,https://en.wikipedia.org/wiki/The_Magic_Show,Doug,
1975,29th Tony Awards,/wiki/29th_Tony_Awards,False,Gilbert Price,https://en.wikipedia.org/wiki/Gilbert_Price,The Night That Made America Famous,https://en.wikipedia.org/wiki/The_Night_That_Made_America_Famous,Performer,
1975,29th Tony Awards,/wiki/29th_Tony_Awards,False,Richard B. Shull,https://en.wikipedia.org/wiki/Richard_B._Shull,Goodtime Charley,https://en.wikipedia.org/wiki/Goodtime_Charley,Minguet,
1976,30th Tony Awards,/wiki/30th_Tony_Awards,False,Charles Repole,https://en.wikipedia.org/wiki/Charles_Repole,Very Good Eddie,https://en.wikipedia.org/wiki/Very_Good_Eddie,Mr. Eddie Kettle,
1976,30th Tony Awards,/wiki/30th_Tony_Awards,False,Isao Sato,,Pacific Overtures,https://en.wikipedia.org/wiki/Pacific_Overtures,Kayama,
1976,30th Tony Awards,/wiki/30th_Tony_Awards,True,Sammy Williams,https://en.wikipedia.org/wiki/Sammy_Williams,A Chorus Line,https://en.wikipedia.org/wiki/A_Chorus_Line,Paul San Marco,
1976,30th Tony Awards,/wiki/30th_Tony_Awards,False,Robert LuPone,https://en.wikipedia.org/wiki/Robert_LuPone,A Chorus Line,,Zach,
1977,31st Tony Awards,/wiki/31st_Tony_Awards,True,Lenny Baker,https://en.wikipedia.org/wiki/Lenny_Baker,I Love My Wife,https://en.wikipedia.org/wiki/I_Love_My_Wife,Alvin,
1977,31st Tony Awards,/wiki/31st_Tony_Awards,False,David Kernan,https://en.wikipedia.org/wiki/David_Kernan,Side by Side by Sondheim,https://en.wikipedia.org/wiki/Side_by_Side_by_Sondheim,Performer,
1977,31st Tony Awards,/wiki/31st_Tony_Awards,False,Ned Sherrin,https://en.wikipedia.org/wiki/Ned_Sherrin,Side by Side by Sondheim,https://en.wikipedia.org/wiki/Side_by_Side_by_Sondheim,Performer,
1977,31st Tony Awards,/wiki/31st_Tony_Awards,False,Larry Marshall,https://en.wikipedia.org/wiki/Larry_Marshall_(singer),Porgy and Bess,https://en.wikipedia.org/wiki/Porgy_and_Bess,Sportin' Life,
1978,32nd Tony Awards,/wiki/32nd_Tony_Awards,False,Wayne Cilento,https://en.wikipedia.org/wiki/Wayne_Cilento,Dancin',https://en.wikipedia.org/wiki/Dancin%27,Performer,
1978,32nd Tony Awards,/wiki/32nd_Tony_Awards,False,Rex Everhart,https://en.wikipedia.org/wiki/Rex_Everhart,Working,,Herb Rosen / Booker Page,
1978,32nd Tony Awards,/wiki/32nd_Tony_Awards,True,Kevin Kline,https://en.wikipedia.org/wiki/Kevin_Kline,On the Twentieth Century,https://en.wikipedia.org/wiki/On_the_Twentieth_Century,Bruce Granit,
1978,32nd Tony Awards,/wiki/32nd_Tony_Awards,False,Steven Boockvor,,Working,https://en.wikipedia.org/wiki/Working_(musical),John Fortune / Marco Camerone,
1979,33rd Tony Awards,/wiki/33rd_Tony_Awards,True,Henderson Forsythe,https://en.wikipedia.org/wiki/Henderson_Forsythe,The Best Little Whorehouse in Texas,https://en.wikipedia.org/wiki/The_Best_Little_Whorehouse_in_Texas,Sheriff Ed Earl Dodd,
1979,33rd Tony Awards,/wiki/33rd_Tony_Awards,False,Richard Cox,https://en.wikipedia.org/wiki/Richard_Cox_(actor),Platinum,https://en.wikipedia.org/wiki/Platinum_(musical),Dan Danger,
1979,33rd Tony Awards,/wiki/33rd_Tony_Awards,False,Gregory Hines,https://en.wikipedia.org/wiki/Gregory_Hines,Eubie!,https://en.wikipedia.org/wiki/Eubie!,Performer,
1979,33rd Tony Awards,/wiki/33rd_Tony_Awards,False,Ron Holgate,https://en.wikipedia.org/wiki/Ron_Holgate,The Grand Tour,https://en.wikipedia.org/wiki/The_Grand_Tour_(musical),Colonel Tadeusz Boleslav Stjerbinsky,
1980,34th Tony Awards,/wiki/34th_Tony_Awards,True,Mandy Patinkin,https://en.wikipedia.org/wiki/Mandy_Patinkin,Evita,https://en.wikipedia.org/wiki/Evita_(musical),Che,
1980,34th Tony Awards,/wiki/34th_Tony_Awards,False,David Garrison,https://en.wikipedia.org/wiki/David_Garrison,A Day in Hollywood / A Night in the Ukraine,https://en.wikipedia.org/wiki/A_Day_in_Hollywood_/_A_Night_in_the_Ukraine,Serge B. Samovar,
1980,34th Tony Awards,/wiki/34th_Tony_Awards,False,Harry Groener,https://en.wikipedia.org/wiki/Harry_Groener,Oklahoma!,https://en.wikipedia.org/wiki/Oklahoma!,Will Parker,
1980,34th Tony Awards,/wiki/34th_Tony_Awards,False,Bob Gunton,https://en.wikipedia.org/wiki/Bob_Gunton,Evita,,Juan Perón,
1981,35th Tony Awards,/wiki/35th_Tony_Awards,False,Paxton Whitehead,https://en.wikipedia.org/wiki/Paxton_Whitehead,Camelot,https://en.wikipedia.org/wiki/Camelot_(musical),King Pellinore,https://en.wikipedia.org/wiki/Pellinore
1981,35th Tony Awards,/wiki/35th_Tony_Awards,False,Lee Roy Reams,https://en.wikipedia.org/wiki/Lee_Roy_Reams,42nd Street,https://en.wikipedia.org/wiki/42nd_Street_(musical),Billy Lawlor,
1981,35th Tony Awards,/wiki/35th_Tony_Awards,True,Hinton Battle,https://en.wikipedia.org/wiki/Hinton_Battle,Sophisticated Ladies,https://en.wikipedia.org/wiki/Sophisticated_Ladies,Various Characters,
1981,35th Tony Awards,/wiki/35th_Tony_Awards,False,Tony Azito,https://en.wikipedia.org/wiki/Tony_Azito,The Pirates of Penzance,https://en.wikipedia.org/wiki/The_Pirates_of_Penzance,Sergeant of Police,
1982,36th Tony Awards,/wiki/36th_Tony_Awards,True,Cleavant Derricks,https://en.wikipedia.org/wiki/Cleavant_Derricks_(actor),Dreamgirls,https://en.wikipedia.org/wiki/Dreamgirls,"James ""Thunder"" Early",
1982,36th Tony Awards,/wiki/36th_Tony_Awards,False,Obba Babatundé,https://en.wikipedia.org/wiki/Obba_Babatund%C3%A9,Dreamgirls,,C.C. White,
1982,36th Tony Awards,/wiki/36th_Tony_Awards,False,David Alan Grier,https://en.wikipedia.org/wiki/David_Alan_Grier,The First,https://en.wikipedia.org/wiki/The_First_(musical),Jackie Robinson,https://en.wikipedia.org/wiki/Jackie_Robinson
1982,36th Tony Awards,/wiki/36th_Tony_Awards,False,Bill Hutton,,Joseph and the Amazing Technicolor Dreamcoat,https://en.wikipedia.org/wiki/Joseph_and_the_Amazing_Technicolor_Dreamcoat,Joseph,https://en.wikipedia.org/wiki/Joseph_(Genesis)
1983,37th Tony Awards,/wiki/37th_Tony_Awards,True,Charles Coles,https://en.wikipedia.org/wiki/Charles_Coles,My One and Only,https://en.wikipedia.org/wiki/My_One_and_Only_(musical),Mr. Magix,
1983,37th Tony Awards,/wiki/37th_Tony_Awards,False,Harry Groener,https://en.wikipedia.org/wiki/Harry_Groener,Cats,https://en.wikipedia.org/wiki/Cats_(musical),Munkustrap,https://en.wikipedia.org/wiki/Munkustrap
1983,37th Tony Awards,/wiki/37th_Tony_Awards,False,Stephen Hanan,,Cats,https://en.wikipedia.org/wiki/Cats_(musical),Bustopher Jones / Asparagus / Growltiger,
1983,37th Tony Awards,/wiki/37th_Tony_Awards,False,Lara Teeter,https://en.wikipedia.org/wiki/Lara_Teeter,On Your Toes,https://en.wikipedia.org/wiki/On_Your_Toes,Junior,
1984,38th Tony Awards,/wiki/38th_Tony_Awards,True,Hinton Battle,https://en.wikipedia.org/wiki/Hinton_Battle,The Tap Dance Kid,https://en.wikipedia.org/wiki/The_Tap_Dance_Kid,Dipsey,
1984,38th Tony Awards,/wiki/38th_Tony_Awards,False,Stephen Geoffreys,https://en.wikipedia.org/wiki/Stephen_Geoffreys,The Human Comedy,https://en.wikipedia.org/wiki/The_Human_Comedy_(musical),Homer,
1984,38th Tony Awards,/wiki/38th_Tony_Awards,False,Todd Graff,https://en.wikipedia.org/wiki/Todd_Graff,Baby,https://en.wikipedia.org/wiki/Baby_(musical),Danny,
1984,38th Tony Awards,/wiki/38th_Tony_Awards,False,Samuel E. Wright,https://en.wikipedia.org/wiki/Samuel_E._Wright,The Tap Dance Kid,,William,
1985,39th Tony Awards,/wiki/39th_Tony_Awards,False,Kurt Knudson,,Take Me Along,https://en.wikipedia.org/wiki/Take_Me_Along,Sid Davis,
1985,39th Tony Awards,/wiki/39th_Tony_Awards,False,Daniel Jenkins,https://en.wikipedia.org/wiki/Daniel_Jenkins,Big River,,Huckleberry Finn,https://en.wikipedia.org/wiki/Huckleberry_Finn
1985,39th Tony Awards,/wiki/39th_Tony_Awards,False,René Auberjonois,https://en.wikipedia.org/wiki/Ren%C3%A9_Auberjonois,Big River,,The Duke,
1985,39th Tony Awards,/wiki/39th_Tony_Awards,True,Ron Richardson,https://en.wikipedia.org/wiki/Ron_Richardson,Big River,https://en.wikipedia.org/wiki/Big_River_(musical),Jim,
1986,40th Tony Awards,/wiki/40th_Tony_Awards,True,Michael Rupert,https://en.wikipedia.org/wiki/Michael_Rupert,Sweet Charity,https://en.wikipedia.org/wiki/Sweet_Charity,Oscar,
1986,40th Tony Awards,/wiki/40th_Tony_Awards,False,Christopher d'Amboise,https://en.wikipedia.org/wiki/Christopher_d%27Amboise,Song and Dance,https://en.wikipedia.org/wiki/Song_and_Dance,Joe,
1986,40th Tony Awards,/wiki/40th_Tony_Awards,False,John Herrera,,The Mystery of Edwin Drood,https://en.wikipedia.org/wiki/Drood,Neville Landless / Mr. Victor Grinstead,
1986,40th Tony Awards,/wiki/40th_Tony_Awards,False,Howard McGillin,https://en.wikipedia.org/wiki/Howard_McGillin,The Mystery of Edwin Drood,https://en.wikipedia.org/wiki/Drood,John Jasper / Mr. Clive Paget,
1987,41st Tony Awards,/wiki/41st_Tony_Awards,True,Michael Maguire,https://en.wikipedia.org/wiki/Michael_Maguire_(actor),Les Misérables,https://en.wikipedia.org/wiki/Les_Mis%C3%A9rables_(musical),Enjolras,https://en.wikipedia.org/wiki/Enjolras
1987,41st Tony Awards,/wiki/41st_Tony_Awards,False,George S. Irving,https://en.wikipedia.org/wiki/George_S._Irving,Me and My Girl,https://en.wikipedia.org/wiki/Me_and_My_Girl,Sir John Tremayne,
1987,41st Tony Awards,/wiki/41st_Tony_Awards,False,Timothy Jerome,,Me and My Girl,https://en.wikipedia.org/wiki/Me_and_My_Girl,Herbert Parchester,
1987,41st Tony Awards,/wiki/41st_Tony_Awards,False,Robert Torti,https://en.wikipedia.org/wiki/Robert_Torti,Starlight Express,https://en.wikipedia.org/wiki/Starlight_Express,Greaseball,
1988,42nd Tony Awards,/wiki/42nd_Tony_Awards,True,Bill McCutcheon,https://en.wikipedia.org/wiki/Bill_McCutcheon,Anything Goes,https://en.wikipedia.org/wiki/Anything_Goes,Moonface Martin,
1988,42nd Tony Awards,/wiki/42nd_Tony_Awards,False,Anthony Heald,https://en.wikipedia.org/wiki/Anthony_Heald,Anything Goes,,Lord Evelyn Oakleigh,
1988,42nd Tony Awards,/wiki/42nd_Tony_Awards,False,Werner Klemperer,https://en.wikipedia.org/wiki/Werner_Klemperer,Cabaret,https://en.wikipedia.org/wiki/Cabaret_(musical),Herr Schultz,
1988,42nd Tony Awards,/wiki/42nd_Tony_Awards,False,Robert Westenberg,https://en.wikipedia.org/wiki/Robert_Westenberg,Into the Woods,https://en.wikipedia.org/wiki/Into_the_Woods,Cinderella's Prince /The Wolf,https://en.wikipedia.org/wiki/Big_Bad_Wolf
1989,43rd Tony Awards,/wiki/43rd_Tony_Awards,False,Savion Glover,https://en.wikipedia.org/wiki/Savion_Glover,Black and Blue,https://en.wikipedia.org/wiki/Black_and_Blue_(musical),Younger Generation,
1989,43rd Tony Awards,/wiki/43rd_Tony_Awards,False,Scott Wentworth,https://en.wikipedia.org/wiki/Scott_Wentworth,Welcome to the Club,https://en.wikipedia.org/wiki/Welcome_to_the_Club_(musical),Aaron Bates,
1989,43rd Tony Awards,/wiki/43rd_Tony_Awards,True,Scott Wise,https://en.wikipedia.org/wiki/Scott_Wise,Jerome Robbins' Broadway,https://en.wikipedia.org/wiki/Jerome_Robbins%27_Broadway,Various Characters,
1989,43rd Tony Awards,/wiki/43rd_Tony_Awards,False,Bunny Briggs,https://en.wikipedia.org/wiki/Bunny_Briggs,Black and Blue,https://en.wikipedia.org/wiki/Black_and_Blue_(musical),Hoofer,
1990,44th Tony Awards,/wiki/44th_Tony_Awards,False,Jonathan Hadary,https://en.wikipedia.org/wiki/Jonathan_Hadary,Gypsy,https://en.wikipedia.org/wiki/Gypsy_(musical),Herbie,
1990,44th Tony Awards,/wiki/44th_Tony_Awards,False,Kevin Colson,https://en.wikipedia.org/wiki/Kevin_Colson,Aspects of Love,https://en.wikipedia.org/wiki/Aspects_of_Love,George Dillingham,
1990,44th Tony Awards,/wiki/44th_Tony_Awards,False,René Auberjonois,https://en.wikipedia.org/wiki/Ren%C3%A9_Auberjonois,City of Angels,https://en.wikipedia.org/wiki/City_of_Angels_(musical),Buddy Fiddler / Irwin S. Irving,
1990,44th Tony Awards,/wiki/44th_Tony_Awards,True,Michael Jeter,https://en.wikipedia.org/wiki/Michael_Jeter,Grand Hotel,https://en.wikipedia.org/wiki/Grand_Hotel_(musical),Otto Kringelein,
1991,45th Tony Awards,/wiki/45th_Tony_Awards,True,Hinton Battle,https://en.wikipedia.org/wiki/Hinton_Battle,Miss Saigon,https://en.wikipedia.org/wiki/Miss_Saigon,John,
1991,45th Tony Awards,/wiki/45th_Tony_Awards,False,Bruce Adler,https://en.wikipedia.org/wiki/Bruce_Adler,Those Were the Days,,Various Characters,
1991,45th Tony Awards,/wiki/45th_Tony_Awards,False,Gregg Burge,https://en.wikipedia.org/wiki/Gregg_Burge,"Oh, Kay!","https://en.wikipedia.org/wiki/Oh,_Kay!",Billy Lyes,
1991,45th Tony Awards,/wiki/45th_Tony_Awards,False,Willy Falk,,Miss Saigon,,Chris,
1992,46th Tony Awards,/wiki/46th_Tony_Awards,True,Scott Waara,https://en.wikipedia.org/wiki/Scott_Waara,The Most Happy Fella,https://en.wikipedia.org/wiki/The_Most_Happy_Fella,Herman,
1992,46th Tony Awards,/wiki/46th_Tony_Awards,False,Bruce Adler,https://en.wikipedia.org/wiki/Bruce_Adler,Crazy for You,https://en.wikipedia.org/wiki/Crazy_for_You_(musical),Bela Zangler,
1992,46th Tony Awards,/wiki/46th_Tony_Awards,False,Keith David,https://en.wikipedia.org/wiki/Keith_David,Jelly's Last Jam,https://en.wikipedia.org/wiki/Jelly%27s_Last_Jam,Chimney Man,
1992,46th Tony Awards,/wiki/46th_Tony_Awards,False,Jonathan Kaplan,,Falsettos,https://en.wikipedia.org/wiki/Falsettos,Jason,
1993,47th Tony Awards,/wiki/47th_Tony_Awards,True,Anthony Crivello,https://en.wikipedia.org/wiki/Anthony_Crivello,Kiss of the Spider Woman,https://en.wikipedia.org/wiki/Kiss_of_the_Spider_Woman_(musical),Valentin Arregui Paz,
1993,47th Tony Awards,/wiki/47th_Tony_Awards,False,Michael Cerveris,https://en.wikipedia.org/wiki/Michael_Cerveris,The Who's Tommy,https://en.wikipedia.org/wiki/The_Who%27s_Tommy,Tommy,
1993,47th Tony Awards,/wiki/47th_Tony_Awards,False,Gregg Edelman,https://en.wikipedia.org/wiki/Gregg_Edelman,Anna Karenina,https://en.wikipedia.org/wiki/Anna_Karenina_(musical),Constantin Levin,
1993,47th Tony Awards,/wiki/47th_Tony_Awards,False,Paul Kandel,https://en.wikipedia.org/wiki/Paul_Kandel,The Who's Tommy,,Uncle Ernie,
1994,48th Tony Awards,/wiki/48th_Tony_Awards,False,Gary Beach,https://en.wikipedia.org/wiki/Gary_Beach,Beauty and the Beast,https://en.wikipedia.org/wiki/Beauty_and_the_Beast_(musical),Lumière,
1994,48th Tony Awards,/wiki/48th_Tony_Awards,False,Jonathan Freeman,https://en.wikipedia.org/wiki/Jonathan_Freeman_(actor),She Loves Me,https://en.wikipedia.org/wiki/She_Loves_Me,Headwaiter,
1994,48th Tony Awards,/wiki/48th_Tony_Awards,True,Jarrod Emick,https://en.wikipedia.org/wiki/Jarrod_Emick,Damn Yankees,https://en.wikipedia.org/wiki/Damn_Yankees,Joe Hardy,
1994,48th Tony Awards,/wiki/48th_Tony_Awards,False,Tom Aldredge,https://en.wikipedia.org/wiki/Tom_Aldredge,Passion,https://en.wikipedia.org/wiki/Passion_(musical),Dr. Tambourri,
1995,49th Tony Awards,/wiki/49th_Tony_Awards,True,George Hearn,https://en.wikipedia.org/wiki/George_Hearn,Sunset Boulevard,https://en.wikipedia.org/wiki/Sunset_Boulevard_(musical),Max Von Mayerling,
1995,49th Tony Awards,/wiki/49th_Tony_Awards,False,Michel Bell,,Show Boat,https://en.wikipedia.org/wiki/Show_Boat,Joe,
1995,49th Tony Awards,/wiki/49th_Tony_Awards,False,Joel Blum,https://en.wikipedia.org/wiki/Joel_Blum,Show Boat,https://en.wikipedia.org/wiki/Show_Boat,Frank,
1995,49th Tony Awards,/wiki/49th_Tony_Awards,False,Victor Trent Cook,,Smokey Joe's Cafe,https://en.wikipedia.org/wiki/Smokey_Joe%27s_Cafe,Various Characters,
1996,50th Tony Awards,/wiki/50th_Tony_Awards,False,Brett Tabisel,,Big,"https://en.wikipedia.org/wiki/Big,_The_Musical",Billy,
1996,50th Tony Awards,/wiki/50th_Tony_Awards,False,Scott Wise,https://en.wikipedia.org/wiki/Scott_Wise,State Fair,https://en.wikipedia.org/wiki/State_Fair_(musical),Pat Gilbert,
1996,50th Tony Awards,/wiki/50th_Tony_Awards,True,Wilson Jermaine Heredia,https://en.wikipedia.org/wiki/Wilson_Jermaine_Heredia,Rent,https://en.wikipedia.org/wiki/Rent_(musical),Angel Dumott Schunard,
1996,50th Tony Awards,/wiki/50th_Tony_Awards,False,Lewis J. Stadlen,https://en.wikipedia.org/wiki/Lewis_J._Stadlen,A Funny Thing Happened on the Way to the Forum,https://en.wikipedia.org/wiki/A_Funny_Thing_Happened_on_the_Way_to_the_Forum,Senex,
1997,51st Tony Awards,/wiki/51st_Tony_Awards,True,Chuck Cooper,https://en.wikipedia.org/wiki/Chuck_Cooper_(actor),The Life,https://en.wikipedia.org/wiki/The_Life_(musical),Memphis,
1997,51st Tony Awards,/wiki/51st_Tony_Awards,False,Joel Blum,https://en.wikipedia.org/wiki/Joel_Blum,Steel Pier,https://en.wikipedia.org/wiki/Steel_Pier,Buddy Becker,
1997,51st Tony Awards,/wiki/51st_Tony_Awards,False,André De Shields,https://en.wikipedia.org/wiki/Andr%C3%A9_De_Shields,Play On!,https://en.wikipedia.org/wiki/Play_On!,Jester,
1997,51st Tony Awards,/wiki/51st_Tony_Awards,False,Sam Harris,https://en.wikipedia.org/wiki/Sam_Harris_(recording_artist),The Life,,Jojo,
1998,52nd Tony Awards,/wiki/52nd_Tony_Awards,True,Ron Rifkin,https://en.wikipedia.org/wiki/Ron_Rifkin,Cabaret,https://en.wikipedia.org/wiki/Cabaret_(musical),Herr Schultz,
1998,52nd Tony Awards,/wiki/52nd_Tony_Awards,False,Gregg Edelman,https://en.wikipedia.org/wiki/Gregg_Edelman,1776,https://en.wikipedia.org/wiki/1776_(musical),Edward Rutledge,https://en.wikipedia.org/wiki/Edward_Rutledge
1998,52nd Tony Awards,/wiki/52nd_Tony_Awards,False,John McMartin,https://en.wikipedia.org/wiki/John_McMartin,High Society,https://en.wikipedia.org/wiki/High_Society_(musical),Uncle Willie,
1998,52nd Tony Awards,/wiki/52nd_Tony_Awards,False,Samuel E. Wright,https://en.wikipedia.org/wiki/Samuel_E._Wright,The Lion King,https://en.wikipedia.org/wiki/The_Lion_King_(musical),Mufasa,
1999,53rd Tony Awards,/wiki/53rd_Tony_Awards,False,Scott Wise,https://en.wikipedia.org/wiki/Scott_Wise,Fosse,,Various Characters,
1999,53rd Tony Awards,/wiki/53rd_Tony_Awards,False,Ron Taylor,https://en.wikipedia.org/wiki/Ron_Taylor_(actor),It Ain't Nothin' But the Blues,https://en.wikipedia.org/wiki/It_Ain%27t_Nothin%27_But_the_Blues,Various Characters,
1999,53rd Tony Awards,/wiki/53rd_Tony_Awards,True,Roger Bart,https://en.wikipedia.org/wiki/Roger_Bart,"You're a Good Man, Charlie Brown","https://en.wikipedia.org/wiki/You%27re_a_Good_Man,_Charlie_Brown",Snoopy,https://en.wikipedia.org/wiki/Snoopy
1999,53rd Tony Awards,/wiki/53rd_Tony_Awards,False,Desmond Richardson,https://en.wikipedia.org/wiki/Desmond_Richardson,Fosse,https://en.wikipedia.org/wiki/Fosse_(musical),Various Characters,
2000,54th Tony Awards,/wiki/54th_Tony_Awards,True,Boyd Gaines,https://en.wikipedia.org/wiki/Boyd_Gaines,Contact,https://en.wikipedia.org/wiki/Contact_(musical),Michael Wiley,
2000,54th Tony Awards,/wiki/54th_Tony_Awards,False,Michael Berresse,https://en.wikipedia.org/wiki/Michael_Berresse,"Kiss Me, Kate","https://en.wikipedia.org/wiki/Kiss_Me,_Kate",Bill Calhoun / Lucentio,
2000,54th Tony Awards,/wiki/54th_Tony_Awards,False,Michael Mulheren,https://en.wikipedia.org/wiki/Michael_Mulheren,"Kiss Me, Kate","https://en.wikipedia.org/wiki/Kiss_Me,_Kate",Second Man,
2000,54th Tony Awards,/wiki/54th_Tony_Awards,False,Stephen Spinella,https://en.wikipedia.org/wiki/Stephen_Spinella,James Joyce's The Dead,https://en.wikipedia.org/wiki/James_Joyce%27s_The_Dead,Freddy Malins,
2000,54th Tony Awards,/wiki/54th_Tony_Awards,False,Lee Wilkof,https://en.wikipedia.org/wiki/Lee_Wilkof,"Kiss Me, Kate",,First Man,
2001,55th Tony Awards,/wiki/55th_Tony_Awards,False,John Ellison Conlee,,The Full Monty,https://en.wikipedia.org/wiki/The_Full_Monty_(musical),Dave Butatinsky,
2001,55th Tony Awards,/wiki/55th_Tony_Awards,True,Gary Beach,https://en.wikipedia.org/wiki/Gary_Beach,The Producers,https://en.wikipedia.org/wiki/The_Producers_(musical),Roger DeBris,
2001,55th Tony Awards,/wiki/55th_Tony_Awards,False,Roger Bart,https://en.wikipedia.org/wiki/Roger_Bart,The Producers,,Carmen Ghia,
2001,55th Tony Awards,/wiki/55th_Tony_Awards,False,André De Shields,https://en.wikipedia.org/wiki/Andr%C3%A9_De_Shields,The Full Monty,https://en.wikipedia.org/wiki/The_Full_Monty_(musical),"Noah ""Horse"" T. Simmons",
2001,55th Tony Awards,/wiki/55th_Tony_Awards,False,Brad Oscar,https://en.wikipedia.org/wiki/Brad_Oscar,The Producers,,Franz Liebkind,
2002,56th Tony Awards,/wiki/56th_Tony_Awards,False,Marc Kudisch,https://en.wikipedia.org/wiki/Marc_Kudisch,Thoroughly Modern Millie,https://en.wikipedia.org/wiki/Thoroughly_Modern_Millie_(musical),Trevor Graydon,
2002,56th Tony Awards,/wiki/56th_Tony_Awards,False,Gregg Edelman,https://en.wikipedia.org/wiki/Gregg_Edelman,Into the Woods,https://en.wikipedia.org/wiki/Into_the_Woods,Cinderella's Prince /The Wolf,https://en.wikipedia.org/wiki/Big_Bad_Wolf
2002,56th Tony Awards,/wiki/56th_Tony_Awards,False,Norbert Leo Butz,https://en.wikipedia.org/wiki/Norbert_Leo_Butz,Thou Shalt Not,https://en.wikipedia.org/wiki/Thou_Shalt_Not_(musical),Camille Raquin,https://en.wikipedia.org/wiki/Camille_Raquin
2002,56th Tony Awards,/wiki/56th_Tony_Awards,True,Shuler Hensley,https://en.wikipedia.org/wiki/Shuler_Hensley,Oklahoma!,https://en.wikipedia.org/wiki/Oklahoma!,Jud Fry,
2002,56th Tony Awards,/wiki/56th_Tony_Awards,False,Brian d'Arcy James,https://en.wikipedia.org/wiki/Brian_d%27Arcy_James,Sweet Smell of Success,https://en.wikipedia.org/wiki/Sweet_Smell_of_Success:_The_Musical,Sidney Falco,
2003,57th Tony Awards,/wiki/57th_Tony_Awards,False,Keith Roberts,https://en.wikipedia.org/wiki/Keith_Roberts_(dancer),Movin' Out,,Tony,
2003,57th Tony Awards,/wiki/57th_Tony_Awards,False,Corey Reynolds,https://en.wikipedia.org/wiki/Corey_Reynolds,Hairspray,,Seaweed J. Stubbs,
2003,57th Tony Awards,/wiki/57th_Tony_Awards,True,Dick Latessa,https://en.wikipedia.org/wiki/Dick_Latessa,Hairspray,https://en.wikipedia.org/wiki/Hairspray_(musical),Wilbur Turnblad,
2003,57th Tony Awards,/wiki/57th_Tony_Awards,False,Michael Cavanaugh,https://en.wikipedia.org/wiki/Michael_Cavanaugh_(Musician),Movin' Out,https://en.wikipedia.org/wiki/Movin%27_Out_(musical),Piano Man,
2003,57th Tony Awards,/wiki/57th_Tony_Awards,False,John Dossett,https://en.wikipedia.org/wiki/John_Dossett,Gypsy,https://en.wikipedia.org/wiki/Gypsy_(musical),Herbie,
2004,58th Tony Awards,/wiki/58th_Tony_Awards,True,Michael Cerveris,https://en.wikipedia.org/wiki/Michael_Cerveris,Assassins,https://en.wikipedia.org/wiki/Assassins_(musical),John Wilkes Booth,https://en.wikipedia.org/wiki/John_Wilkes_Booth
2004,58th Tony Awards,/wiki/58th_Tony_Awards,False,John Cariani,https://en.wikipedia.org/wiki/John_Cariani,Fiddler on the Roof,https://en.wikipedia.org/wiki/Fiddler_on_the_Roof,Motel Kamzoil,
2004,58th Tony Awards,/wiki/58th_Tony_Awards,False,Raúl Esparza,https://en.wikipedia.org/wiki/Ra%C3%BAl_Esparza,Taboo,https://en.wikipedia.org/wiki/Taboo_(musical),Philip Salon,
2004,58th Tony Awards,/wiki/58th_Tony_Awards,False,Michael McElroy,https://en.wikipedia.org/wiki/Michael_McElroy_(actor),Big River,https://en.wikipedia.org/wiki/Big_River_(musical),Jim,
2004,58th Tony Awards,/wiki/58th_Tony_Awards,False,Denis O'Hare,https://en.wikipedia.org/wiki/Denis_O%27Hare,Assassins,,Charles Guiteau,https://en.wikipedia.org/wiki/Charles_J._Guiteau
2005,59th Tony Awards,/wiki/59th_Tony_Awards,False,Matthew Morrison,https://en.wikipedia.org/wiki/Matthew_Morrison,The Light in the Piazza,https://en.wikipedia.org/wiki/The_Light_in_the_Piazza_(musical),Fabrizio Nacarelli,
2005,59th Tony Awards,/wiki/59th_Tony_Awards,True,Dan Fogler,https://en.wikipedia.org/wiki/Dan_Fogler,The 25th Annual Putnam County Spelling Bee,https://en.wikipedia.org/wiki/The_25th_Annual_Putnam_County_Spelling_Bee,William Barfée,
2005,59th Tony Awards,/wiki/59th_Tony_Awards,False,Marc Kudisch,https://en.wikipedia.org/wiki/Marc_Kudisch,Chitty Chitty Bang Bang,https://en.wikipedia.org/wiki/Chitty_Chitty_Bang_Bang_(musical),Baron Bomburst,
2005,59th Tony Awards,/wiki/59th_Tony_Awards,False,Michael McGrath,https://en.wikipedia.org/wiki/Michael_McGrath_(actor),Spamalot,https://en.wikipedia.org/wiki/Spamalot,Patsy,
2005,59th Tony Awards,/wiki/59th_Tony_Awards,False,Christopher Sieber,https://en.wikipedia.org/wiki/Christopher_Sieber,Spamalot,,Sir Galahad,https://en.wikipedia.org/wiki/Galahad
2006,60th Tony Awards,/wiki/60th_Tony_Awards,False,Manoel Felciano,https://en.wikipedia.org/wiki/Manoel_Felciano,Sweeney Todd: The Demon Barber of Fleet Street,https://en.wikipedia.org/wiki/Sweeney_Todd:_The_Demon_Barber_of_Fleet_Street,Tobias Ragg,https://en.wikipedia.org/wiki/Tobias_Ragg
2006,60th Tony Awards,/wiki/60th_Tony_Awards,False,Brandon Victor Dixon,https://en.wikipedia.org/wiki/Brandon_Victor_Dixon,The Color Purple,https://en.wikipedia.org/wiki/The_Color_Purple_(musical),Harpo,
2006,60th Tony Awards,/wiki/60th_Tony_Awards,False,Danny Burstein,https://en.wikipedia.org/wiki/Danny_Burstein,The Drowsy Chaperone,https://en.wikipedia.org/wiki/The_Drowsy_Chaperone,Aldolpho,
2006,60th Tony Awards,/wiki/60th_Tony_Awards,False,Jim Dale,https://en.wikipedia.org/wiki/Jim_Dale,The Threepenny Opera,https://en.wikipedia.org/wiki/The_Threepenny_Opera,Mr. Peachum,
2006,60th Tony Awards,/wiki/60th_Tony_Awards,True,Christian Hoff,https://en.wikipedia.org/wiki/Christian_Hoff,Jersey Boys,https://en.wikipedia.org/wiki/Jersey_Boys,Tommy DeVito,https://en.wikipedia.org/wiki/Tommy_DeVito_(musician)
2007,61st Tony Awards,/wiki/61st_Tony_Awards,True,John Gallagher Jr.,https://en.wikipedia.org/wiki/John_Gallagher_Jr.,Spring Awakening,https://en.wikipedia.org/wiki/Spring_Awakening_(musical),Moritz Stiefel,
2007,61st Tony Awards,/wiki/61st_Tony_Awards,False,Brooks Ashmanskas,https://en.wikipedia.org/wiki/Brooks_Ashmanskas,Martin Short: Fame Becomes Me,https://en.wikipedia.org/wiki/Martin_Short:_Fame_Becomes_Me,Various Characters,
2007,61st Tony Awards,/wiki/61st_Tony_Awards,False,Christian Borle,https://en.wikipedia.org/wiki/Christian_Borle,Legally Blonde,https://en.wikipedia.org/wiki/Legally_Blonde_(musical),Emmett Forrest,
2007,61st Tony Awards,/wiki/61st_Tony_Awards,False,John Cullum,https://en.wikipedia.org/wiki/John_Cullum,110 in the Shade,https://en.wikipedia.org/wiki/110_in_the_Shade,H.C. Curry,
2007,61st Tony Awards,/wiki/61st_Tony_Awards,False,David Pittu,https://en.wikipedia.org/wiki/David_Pittu,LoveMusik,https://en.wikipedia.org/wiki/LoveMusik,Bertolt Brecht,https://en.wikipedia.org/wiki/Bertolt_Brecht
2008,62nd Tony Awards,/wiki/62nd_Tony_Awards,True,Boyd Gaines,https://en.wikipedia.org/wiki/Boyd_Gaines,Gypsy,https://en.wikipedia.org/wiki/Gypsy_(musical),Herbie,
2008,62nd Tony Awards,/wiki/62nd_Tony_Awards,False,Daniel Breaker,https://en.wikipedia.org/wiki/Daniel_Breaker,Passing Strange,https://en.wikipedia.org/wiki/Passing_Strange_(musical),Youth,
2008,62nd Tony Awards,/wiki/62nd_Tony_Awards,False,Danny Burstein,https://en.wikipedia.org/wiki/Danny_Burstein,South Pacific,https://en.wikipedia.org/wiki/South_Pacific_(musical),Luther Billis,
2008,62nd Tony Awards,/wiki/62nd_Tony_Awards,False,Robin de Jesús,https://en.wikipedia.org/wiki/Robin_de_Jes%C3%BAs,In the Heights,https://en.wikipedia.org/wiki/In_the_Heights,Sonny,
2008,62nd Tony Awards,/wiki/62nd_Tony_Awards,False,Christopher Fitzgerald,https://en.wikipedia.org/wiki/Christopher_Fitzgerald_(actor),Young Frankenstein,https://en.wikipedia.org/wiki/Young_Frankenstein_(musical),Igor,https://en.wikipedia.org/wiki/Igor_(Young_Frankenstein)
2009,63rd Tony Awards,/wiki/63rd_Tony_Awards,False,Christopher Sieber,https://en.wikipedia.org/wiki/Christopher_Sieber,Shrek the Musical,https://en.wikipedia.org/wiki/Shrek_the_Musical,Lord Farquaad,https://en.wikipedia.org/wiki/Lord_Farquaad
2009,63rd Tony Awards,/wiki/63rd_Tony_Awards,False,Marc Kudisch,https://en.wikipedia.org/wiki/Marc_Kudisch,9 to 5,https://en.wikipedia.org/wiki/9_to_5_(musical),Franklin Hart Jr.,
2009,63rd Tony Awards,/wiki/63rd_Tony_Awards,False,Will Swenson,https://en.wikipedia.org/wiki/Will_Swenson_(actor),Hair,https://en.wikipedia.org/wiki/Hair_(musical),George Berger,
2009,63rd Tony Awards,/wiki/63rd_Tony_Awards,True,Gregory Jbara,https://en.wikipedia.org/wiki/Gregory_Jbara,Billy Elliot the Musical,https://en.wikipedia.org/wiki/Billy_Elliot_the_Musical,Dad,
2009,63rd Tony Awards,/wiki/63rd_Tony_Awards,False,David Bologna,https://en.wikipedia.org/wiki/David_Bologna,Billy Elliot the Musical,,Michael Caffrey,
2010,64th Tony Awards,/wiki/64th_Tony_Awards,True,Levi Kreis,https://en.wikipedia.org/wiki/Levi_Kreis,Million Dollar Quartet,https://en.wikipedia.org/wiki/Million_Dollar_Quartet_(musical),Jerry Lee Lewis,https://en.wikipedia.org/wiki/Jerry_Lee_Lewis
2010,64th Tony Awards,/wiki/64th_Tony_Awards,False,Kevin Chamberlin,https://en.wikipedia.org/wiki/Kevin_Chamberlin,The Addams Family,https://en.wikipedia.org/wiki/The_Addams_Family_(musical),Uncle Fester,https://en.wikipedia.org/wiki/Uncle_Fester
2010,64th Tony Awards,/wiki/64th_Tony_Awards,False,Robin de Jesús,https://en.wikipedia.org/wiki/Robin_de_Jes%C3%BAs,La Cage aux Folles,https://en.wikipedia.org/wiki/La_Cage_aux_Folles_(musical),Jacob,
2010,64th Tony Awards,/wiki/64th_Tony_Awards,False,Christopher Fitzgerald,https://en.wikipedia.org/wiki/Christopher_Fitzgerald_(actor),Finian's Rainbow,https://en.wikipedia.org/wiki/Finian%27s_Rainbow,Og,
2010,64th Tony Awards,/wiki/64th_Tony_Awards,False,Bobby Steggert,https://en.wikipedia.org/wiki/Bobby_Steggert,Ragtime,https://en.wikipedia.org/wiki/Ragtime_(musical),Younger Brother,
2011,65th Tony Awards,/wiki/65th_Tony_Awards,False,Rory O'Malley,https://en.wikipedia.org/wiki/Rory_O%27Malley,The Book of Mormon,https://en.wikipedia.org/wiki/The_Book_of_Mormon_(musical),Elder McKinley /Moroni,https://en.wikipedia.org/wiki/Moroni_(Book_of_Mormon_prophet)
2011,65th Tony Awards,/wiki/65th_Tony_Awards,False,Forrest McClendon,https://en.wikipedia.org/wiki/Forrest_McClendon,The Scottsboro Boys,,Mr. Tambo,
2011,65th Tony Awards,/wiki/65th_Tony_Awards,False,Adam Godley,https://en.wikipedia.org/wiki/Adam_Godley,Anything Goes,https://en.wikipedia.org/wiki/Anything_Goes,Lord Evelyn Oakleigh,
2011,65th Tony Awards,/wiki/65th_Tony_Awards,True,John Larroquette,https://en.wikipedia.org/wiki/John_Larroquette,How to Succeed in Business Without Really Trying,https://en.wikipedia.org/wiki/How_to_Succeed_in_Business_Without_Really_Trying_(musical),J.B. Biggley,
2011,65th Tony Awards,/wiki/65th_Tony_Awards,False,Colman Domingo,https://en.wikipedia.org/wiki/Colman_Domingo,The Scottsboro Boys,https://en.wikipedia.org/wiki/The_Scottsboro_Boys_(musical),Mr. Bones,
2012,66th Tony Awards,/wiki/66th_Tony_Awards,True,Michael McGrath,https://en.wikipedia.org/wiki/Michael_McGrath_(actor),Nice Work If You Can Get It,https://en.wikipedia.org/wiki/Nice_Work_If_You_Can_Get_It_(musical),Cookie McGee,
2012,66th Tony Awards,/wiki/66th_Tony_Awards,False,Phillip Boykin,https://en.wikipedia.org/wiki/Phillip_Boykin,Porgy and Bess,https://en.wikipedia.org/wiki/Porgy_and_Bess,Crown,
2012,66th Tony Awards,/wiki/66th_Tony_Awards,False,Michael Cerveris,https://en.wikipedia.org/wiki/Michael_Cerveris,Evita,https://en.wikipedia.org/wiki/Evita_(musical),Juan Perón,https://en.wikipedia.org/wiki/Juan_Per%C3%B3n
2012,66th Tony Awards,/wiki/66th_Tony_Awards,False,David Alan Grier,https://en.wikipedia.org/wiki/David_Alan_Grier,Porgy and Bess,,Sporting Life,
2012,66th Tony Awards,/wiki/66th_Tony_Awards,False,Josh Young,https://en.wikipedia.org/wiki/Josh_Young,Jesus Christ Superstar,https://en.wikipedia.org/wiki/Jesus_Christ_Superstar,Judas Iscariot,https://en.wikipedia.org/wiki/Judas_Iscariot
2013,67th Tony Awards,/wiki/67th_Tony_Awards,False,Will Chase,https://en.wikipedia.org/wiki/Will_Chase,The Mystery of Edwin Drood,https://en.wikipedia.org/wiki/Drood,John Jasper / Mr. Clive Paget,
2013,67th Tony Awards,/wiki/67th_Tony_Awards,False,Terrence Mann,https://en.wikipedia.org/wiki/Terrence_Mann,Pippin,https://en.wikipedia.org/wiki/Pippin_(musical),King Charles,https://en.wikipedia.org/wiki/Charlemagne
2013,67th Tony Awards,/wiki/67th_Tony_Awards,False,Charl Brown,,Motown: The Musical,https://en.wikipedia.org/wiki/Motown:_The_Musical,Smokey Robinson,https://en.wikipedia.org/wiki/Smokey_Robinson
2013,67th Tony Awards,/wiki/67th_Tony_Awards,True,Gabriel Ebert,https://en.wikipedia.org/wiki/Gabriel_Ebert,Matilda the Musical,https://en.wikipedia.org/wiki/Matilda_the_Musical,Mr. Wormwood,
2013,67th Tony Awards,/wiki/67th_Tony_Awards,False,Keith Carradine,https://en.wikipedia.org/wiki/Keith_Carradine,Hands on a Hardbody,https://en.wikipedia.org/wiki/Hands_on_a_Hardbody_(musical),JD Drew,
2014,68th Tony Awards,/wiki/68th_Tony_Awards,True,James Monroe Iglehart,https://en.wikipedia.org/wiki/James_Monroe_Iglehart,Aladdin,https://en.wikipedia.org/wiki/Aladdin_(2011_musical),The Genie,https://en.wikipedia.org/wiki/Genie_(Disney_character)
2014,68th Tony Awards,/wiki/68th_Tony_Awards,False,Danny Burstein,https://en.wikipedia.org/wiki/Danny_Burstein,Cabaret,https://en.wikipedia.org/wiki/Cabaret_(musical),Herr Schultz,
2014,68th Tony Awards,/wiki/68th_Tony_Awards,False,Nick Cordero,https://en.wikipedia.org/wiki/Nick_Cordero,Bullets Over Broadway,https://en.wikipedia.org/wiki/Bullets_Over_Broadway,Cheech,
2014,68th Tony Awards,/wiki/68th_Tony_Awards,False,Joshua Henry,https://en.wikipedia.org/wiki/Joshua_Henry,Violet,https://en.wikipedia.org/wiki/Violet_(musical),Flick,
2014,68th Tony Awards,/wiki/68th_Tony_Awards,False,Jarrod Spector,https://en.wikipedia.org/wiki/Jarrod_Spector,Beautiful: The Carole King Musical,https://en.wikipedia.org/wiki/Beautiful:_The_Carole_King_Musical,Barry Mann,https://en.wikipedia.org/wiki/Barry_Mann
2015,69th Tony Awards,/wiki/69th_Tony_Awards,True,Christian Borle,https://en.wikipedia.org/wiki/Christian_Borle,Something Rotten!,https://en.wikipedia.org/wiki/Something_Rotten!,William Shakespeare,https://en.wikipedia.org/wiki/William_Shakespeare
2015,69th Tony Awards,/wiki/69th_Tony_Awards,False,Andy Karl,https://en.wikipedia.org/wiki/Andy_Karl,On the Twentieth Century,https://en.wikipedia.org/wiki/On_the_Twentieth_Century,Bruce Granit,
2015,69th Tony Awards,/wiki/69th_Tony_Awards,False,Brad Oscar,https://en.wikipedia.org/wiki/Brad_Oscar,Something Rotten!,,Nostradamus,https://en.wikipedia.org/wiki/Nostradamus
2015,69th Tony Awards,/wiki/69th_Tony_Awards,False,Brandon Uranowitz,https://en.wikipedia.org/wiki/Brandon_Uranowitz,An American in Paris,https://en.wikipedia.org/wiki/An_American_in_Paris_(musical),Adam Hochberg,
2015,69th Tony Awards,/wiki/69th_Tony_Awards,False,Max von Essen,https://en.wikipedia.org/wiki/Max_von_Essen,An American in Paris,https://en.wikipedia.org/wiki/An_American_in_Paris_(musical),Henri Baurel,
2016,70th Tony Awards,/wiki/70th_Tony_Awards,False,Christopher Jackson,https://en.wikipedia.org/wiki/Christopher_Jackson_(actor),Hamilton,,George Washington,https://en.wikipedia.org/wiki/George_Washington
2016,70th Tony Awards,/wiki/70th_Tony_Awards,False,Jonathan Groff,https://en.wikipedia.org/wiki/Jonathan_Groff,Hamilton,,King George III,https://en.wikipedia.org/wiki/King_George_III
2016,70th Tony Awards,/wiki/70th_Tony_Awards,False,Christopher Fitzgerald,https://en.wikipedia.org/wiki/Christopher_Fitzgerald_(actor),Waitress,https://en.wikipedia.org/wiki/Waitress_(musical),Ogie Anhorn,
2016,70th Tony Awards,/wiki/70th_Tony_Awards,True,Daveed Diggs,https://en.wikipedia.org/wiki/Daveed_Diggs,Hamilton,https://en.wikipedia.org/wiki/Hamilton_(musical),Marquis de Lafayette/Thomas Jefferson,https://en.wikipedia.org/wiki/Marquis_de_Lafayette
2016,70th Tony Awards,/wiki/70th_Tony_Awards,False,Brandon Victor Dixon,https://en.wikipedia.org/wiki/Brandon_Victor_Dixon,Shuffle Along,"https://en.wikipedia.org/wiki/Shuffle_Along,_or,_the_Making_of_the_Musical_Sensation_of_1921_and_All_That_Followed",Eubie Blake,https://en.wikipedia.org/wiki/Eubie_Blake
2017,71st Tony Awards,/wiki/71st_Tony_Awards,True,Gavin Creel,https://en.wikipedia.org/wiki/Gavin_Creel,"Hello, Dolly!","https://en.wikipedia.org/wiki/Hello,_Dolly!_(musical)",Cornelius Hackl,
2017,71st Tony Awards,/wiki/71st_Tony_Awards,False,Mike Faist,https://en.wikipedia.org/wiki/Mike_Faist,Dear Evan Hansen,https://en.wikipedia.org/wiki/Dear_Evan_Hansen,Connor Murphy,
2017,71st Tony Awards,/wiki/71st_Tony_Awards,False,Andrew Rannells,https://en.wikipedia.org/wiki/Andrew_Rannells,Falsettos,https://en.wikipedia.org/wiki/Falsettos,Whizzer Brown,
2017,71st Tony Awards,/wiki/71st_Tony_Awards,False,Lucas Steele,https://en.wikipedia.org/wiki/Lucas_Steele,"Natasha, Pierre & The Great Comet of 1812","https://en.wikipedia.org/wiki/Natasha,_Pierre_%26_The_Great_Comet_of_1812",Anatole Kuragin,https://en.wikipedia.org/wiki/Anatole_Kuragin
2017,71st Tony Awards,/wiki/71st_Tony_Awards,False,Brandon Uranowitz,https://en.wikipedia.org/wiki/Brandon_Uranowitz,Falsettos,,Mendel Weisenbachfeld,
2018,72nd Tony Awards,/wiki/72nd_Tony_Awards,True,Ari'el Stachel,https://en.wikipedia.org/wiki/Ari%27el_Stachel,The Band's Visit,https://en.wikipedia.org/wiki/The_Band%27s_Visit_(musical),Haled,
2018,72nd Tony Awards,/wiki/72nd_Tony_Awards,False,Norbert Leo Butz,https://en.wikipedia.org/wiki/Norbert_Leo_Butz,My Fair Lady,https://en.wikipedia.org/wiki/My_Fair_Lady,Alfred P. Doolittle,
2018,72nd Tony Awards,/wiki/72nd_Tony_Awards,False,Alexander Gemignani,https://en.wikipedia.org/wiki/Alexander_Gemignani,Carousel,https://en.wikipedia.org/wiki/Carousel_(musical),Enoch Snow,
2018,72nd Tony Awards,/wiki/72nd_Tony_Awards,False,Grey Henson,https://en.wikipedia.org/wiki/Grey_Henson,Mean Girls,https://en.wikipedia.org/wiki/Mean_Girls_(musical),Damian Hubbard,
2018,72nd Tony Awards,/wiki/72nd_Tony_Awards,False,Gavin Lee,https://en.wikipedia.org/wiki/Gavin_Lee,SpongeBob SquarePants,https://en.wikipedia.org/wiki/SpongeBob_SquarePants_(musical),Squidward Tentacles,https://en.wikipedia.org/wiki/Squidward_Tentacles
2019,73rd Tony Awards,/wiki/73rd_Tony_Awards,False,Jeremy Pope,https://en.wikipedia.org/wiki/Jeremy_Pope_(actor),Ain’t Too Proud,https://en.wikipedia.org/wiki/Ain%27t_Too_Proud_(musical),Eddie Kendricks,https://en.wikipedia.org/wiki/Eddie_Kendricks
2019,73rd Tony Awards,/wiki/73rd_Tony_Awards,False,Patrick Page,https://en.wikipedia.org/wiki/Patrick_Page,Hadestown,,Hades,https://en.wikipedia.org/wiki/Hades
2019,73rd Tony Awards,/wiki/73rd_Tony_Awards,False,Ephraim Sykes,https://en.wikipedia.org/wiki/Ephraim_Sykes,Ain’t Too Proud,https://en.wikipedia.org/wiki/Ain%27t_Too_Proud_(musical),David Ruffin,https://en.wikipedia.org/wiki/David_Ruffin
2019,73rd Tony Awards,/wiki/73rd_Tony_Awards,True,André De Shields,https://en.wikipedia.org/wiki/Andr%C3%A9_De_Shields,Hadestown,https://en.wikipedia.org/wiki/Hadestown_(musical),Hermes,https://en.wikipedia.org/wiki/Hermes
2019,73rd Tony Awards,/wiki/73rd_Tony_Awards,False,Andy Grotelueschen,,Tootsie,https://en.wikipedia.org/wiki/Tootsie_(musical),Jeff Slater,
2020,74th Tony Awards,/wiki/74th_Tony_Awards,False,Sean Allan Krill,,Jagged Little Pill,https://en.wikipedia.org/wiki/Jagged_Little_Pill_(musical),Steve Healy,
2020,74th Tony Awards,/wiki/74th_Tony_Awards,False,Sahr Ngaujah,https://en.wikipedia.org/wiki/Sahr_Ngaujah,Moulin Rouge! The Musical,,Henri de Toulouse-Lautrec,https://en.wikipedia.org/wiki/Henri_de_Toulouse-Lautrec
2020,74th Tony Awards,/wiki/74th_Tony_Awards,False,Danny Burstein,https://en.wikipedia.org/wiki/Danny_Burstein,Moulin Rouge! The Musical,https://en.wikipedia.org/wiki/Moulin_Rouge!_(musical),Harold Zidler,
2020,74th Tony Awards,/wiki/74th_Tony_Awards,False,Derek Klena,https://en.wikipedia.org/wiki/Derek_Klena,Jagged Little Pill,https://en.wikipedia.org/wiki/Jagged_Little_Pill_(musical),Nick Healy,
2020,74th Tony Awards,/wiki/74th_Tony_Awards,False,Daniel J. Watts,,Tina: The Tina Turner Musical,https://en.wikipedia.org/wiki/Tina_(musical),Ike Turner,https://en.wikipedia.org/wiki/Ike_Turner
